--
-- PostgreSQL database dump
--

-- Dumped from database version 14.5
-- Dumped by pg_dump version 14.5

SET statement_timeout = 0;
SET lock_timeout = 0;
SET idle_in_transaction_session_timeout = 0;
SET client_encoding = 'UTF8';
SET standard_conforming_strings = on;
SELECT pg_catalog.set_config('search_path', '', false);
SET check_function_bodies = false;
SET xmloption = content;
SET client_min_messages = warning;
SET row_security = off;

--
-- Name: advances_advance_type_enum; Type: TYPE; Schema: public; Owner: postgres
--

CREATE TYPE public.advances_advance_type_enum AS ENUM (
    'C',
    'CC',
    'V'
);


ALTER TYPE public.advances_advance_type_enum OWNER TO postgres;

--
-- Name: advances_status_enum; Type: TYPE; Schema: public; Owner: postgres
--

CREATE TYPE public.advances_status_enum AS ENUM (
    'E',
    'P',
    'A',
    'R'
);


ALTER TYPE public.advances_status_enum OWNER TO postgres;

--
-- Name: deposits_status_enum; Type: TYPE; Schema: public; Owner: postgres
--

CREATE TYPE public.deposits_status_enum AS ENUM (
    'E',
    'P',
    'A',
    'R'
);


ALTER TYPE public.deposits_status_enum OWNER TO postgres;

--
-- Name: invoice_interface_file_status_enum; Type: TYPE; Schema: public; Owner: postgres
--

CREATE TYPE public.invoice_interface_file_status_enum AS ENUM (
    'N',
    'V',
    'R',
    'I',
    'S'
);


ALTER TYPE public.invoice_interface_file_status_enum OWNER TO postgres;

--
-- Name: invoice_interface_has_ps_enum; Type: TYPE; Schema: public; Owner: postgres
--

CREATE TYPE public.invoice_interface_has_ps_enum AS ENUM (
    'Y',
    'N'
);


ALTER TYPE public.invoice_interface_has_ps_enum OWNER TO postgres;

--
-- Name: invoice_interface_line_status_enum; Type: TYPE; Schema: public; Owner: postgres
--

CREATE TYPE public.invoice_interface_line_status_enum AS ENUM (
    'N',
    'E',
    'S'
);


ALTER TYPE public.invoice_interface_line_status_enum OWNER TO postgres;

--
-- Name: invoices_status_enum; Type: TYPE; Schema: public; Owner: postgres
--

CREATE TYPE public.invoices_status_enum AS ENUM (
    'A',
    'B',
    'C',
    'D',
    'E',
    'F',
    'G'
);


ALTER TYPE public.invoices_status_enum OWNER TO postgres;

--
-- Name: payment_schedules_payment_status_enum; Type: TYPE; Schema: public; Owner: postgres
--

CREATE TYPE public.payment_schedules_payment_status_enum AS ENUM (
    'N',
    'P',
    'C'
);


ALTER TYPE public.payment_schedules_payment_status_enum OWNER TO postgres;

--
-- Name: payments_invoiced_status_enum; Type: TYPE; Schema: public; Owner: postgres
--

CREATE TYPE public.payments_invoiced_status_enum AS ENUM (
    'A',
    'B',
    'C',
    'D',
    'E',
    'F',
    'G'
);


ALTER TYPE public.payments_invoiced_status_enum OWNER TO postgres;

--
-- Name: payments_payment_type_enum; Type: TYPE; Schema: public; Owner: postgres
--

CREATE TYPE public.payments_payment_type_enum AS ENUM (
    'D',
    'A',
    'V',
    'CC',
    'C',
    'K'
);


ALTER TYPE public.payments_payment_type_enum OWNER TO postgres;

--
-- Name: ps_interface_file_status_enum; Type: TYPE; Schema: public; Owner: postgres
--

CREATE TYPE public.ps_interface_file_status_enum AS ENUM (
    'N',
    'V',
    'R',
    'I',
    'S'
);


ALTER TYPE public.ps_interface_file_status_enum OWNER TO postgres;

--
-- Name: ps_interface_line_status_enum; Type: TYPE; Schema: public; Owner: postgres
--

CREATE TYPE public.ps_interface_line_status_enum AS ENUM (
    'N',
    'E',
    'S'
);


ALTER TYPE public.ps_interface_line_status_enum OWNER TO postgres;

--
-- Name: users_user_type_enum; Type: TYPE; Schema: public; Owner: postgres
--

CREATE TYPE public.users_user_type_enum AS ENUM (
    'SA',
    'V',
    'VA',
    'B',
    'BA',
    'D',
    'DA'
);


ALTER TYPE public.users_user_type_enum OWNER TO postgres;

SET default_tablespace = '';

SET default_table_access_method = heap;

--
-- Name: advances; Type: TABLE; Schema: public; Owner: postgres
--

CREATE TABLE public.advances (
    id integer NOT NULL,
    updated_at timestamp without time zone DEFAULT now() NOT NULL,
    created_at timestamp without time zone DEFAULT now() NOT NULL,
    start_date date,
    end_date date,
    advance_type public.advances_advance_type_enum DEFAULT 'C'::public.advances_advance_type_enum NOT NULL,
    amount real NOT NULL,
    currency character varying(3) DEFAULT 'TRY'::character varying NOT NULL,
    status public.advances_status_enum DEFAULT 'P'::public.advances_status_enum NOT NULL,
    approval_date timestamp without time zone NOT NULL,
    vdsbs_id integer NOT NULL,
    created_by integer NOT NULL,
    updated_by integer NOT NULL
);


ALTER TABLE public.advances OWNER TO postgres;

--
-- Name: advances_id_seq; Type: SEQUENCE; Schema: public; Owner: postgres
--

CREATE SEQUENCE public.advances_id_seq
    AS integer
    START WITH 1
    INCREMENT BY 1
    NO MINVALUE
    NO MAXVALUE
    CACHE 1;


ALTER TABLE public.advances_id_seq OWNER TO postgres;

--
-- Name: advances_id_seq; Type: SEQUENCE OWNED BY; Schema: public; Owner: postgres
--

ALTER SEQUENCE public.advances_id_seq OWNED BY public.advances.id;


--
-- Name: buyer_sites; Type: TABLE; Schema: public; Owner: postgres
--

CREATE TABLE public.buyer_sites (
    id integer NOT NULL,
    updated_at timestamp without time zone DEFAULT now() NOT NULL,
    created_at timestamp without time zone DEFAULT now() NOT NULL,
    start_date date,
    end_date date,
    name character varying NOT NULL,
    attribute1 character varying,
    attribute2 character varying,
    attribute3 character varying,
    attribute4 character varying,
    attribute5 character varying,
    external_v_code character varying(50) NOT NULL,
    external_ds_code character varying(50) NOT NULL,
    external_bs_code character varying(50) NOT NULL,
    buyer_id integer NOT NULL,
    created_by integer NOT NULL,
    updated_by integer NOT NULL
);


ALTER TABLE public.buyer_sites OWNER TO postgres;

--
-- Name: buyer_sites_id_seq; Type: SEQUENCE; Schema: public; Owner: postgres
--

CREATE SEQUENCE public.buyer_sites_id_seq
    AS integer
    START WITH 1
    INCREMENT BY 1
    NO MINVALUE
    NO MAXVALUE
    CACHE 1;


ALTER TABLE public.buyer_sites_id_seq OWNER TO postgres;

--
-- Name: buyer_sites_id_seq; Type: SEQUENCE OWNED BY; Schema: public; Owner: postgres
--

ALTER SEQUENCE public.buyer_sites_id_seq OWNED BY public.buyer_sites.id;


--
-- Name: buyers; Type: TABLE; Schema: public; Owner: postgres
--

CREATE TABLE public.buyers (
    id integer NOT NULL,
    updated_at timestamp without time zone DEFAULT now() NOT NULL,
    created_at timestamp without time zone DEFAULT now() NOT NULL,
    start_date date,
    end_date date,
    name character varying(240) NOT NULL,
    tax_no character varying(20) NOT NULL,
    attribute1 character varying,
    attribute2 character varying,
    attribute3 character varying,
    attribute4 character varying,
    attribute5 character varying,
    created_by integer NOT NULL,
    updated_by integer NOT NULL
);


ALTER TABLE public.buyers OWNER TO postgres;

--
-- Name: buyers_id_seq; Type: SEQUENCE; Schema: public; Owner: postgres
--

CREATE SEQUENCE public.buyers_id_seq
    AS integer
    START WITH 1
    INCREMENT BY 1
    NO MINVALUE
    NO MAXVALUE
    CACHE 1;


ALTER TABLE public.buyers_id_seq OWNER TO postgres;

--
-- Name: buyers_id_seq; Type: SEQUENCE OWNED BY; Schema: public; Owner: postgres
--

ALTER SEQUENCE public.buyers_id_seq OWNED BY public.buyers.id;


--
-- Name: dealer_route_users; Type: TABLE; Schema: public; Owner: postgres
--

CREATE TABLE public.dealer_route_users (
    id integer NOT NULL,
    updated_at timestamp without time zone DEFAULT now() NOT NULL,
    created_at timestamp without time zone DEFAULT now() NOT NULL,
    start_date date,
    end_date date,
    description character varying(240),
    vsdbs_id integer NOT NULL,
    created_by integer NOT NULL,
    updated_by integer NOT NULL,
    vdsbs_id integer,
    user_id integer
);


ALTER TABLE public.dealer_route_users OWNER TO postgres;

--
-- Name: dealer_route_users_id_seq; Type: SEQUENCE; Schema: public; Owner: postgres
--

CREATE SEQUENCE public.dealer_route_users_id_seq
    AS integer
    START WITH 1
    INCREMENT BY 1
    NO MINVALUE
    NO MAXVALUE
    CACHE 1;


ALTER TABLE public.dealer_route_users_id_seq OWNER TO postgres;

--
-- Name: dealer_route_users_id_seq; Type: SEQUENCE OWNED BY; Schema: public; Owner: postgres
--

ALTER SEQUENCE public.dealer_route_users_id_seq OWNED BY public.dealer_route_users.id;


--
-- Name: dealer_sites; Type: TABLE; Schema: public; Owner: postgres
--

CREATE TABLE public.dealer_sites (
    id integer NOT NULL,
    updated_at timestamp without time zone DEFAULT now() NOT NULL,
    created_at timestamp without time zone DEFAULT now() NOT NULL,
    start_date date,
    end_date date,
    name character varying NOT NULL,
    attribute1 character varying,
    attribute2 character varying,
    attribute3 character varying,
    attribute4 character varying,
    attribute5 character varying,
    external_v_code character varying(50) NOT NULL,
    external_ds_code character varying(50) NOT NULL,
    dealer_id integer NOT NULL,
    created_by integer NOT NULL,
    updated_by integer NOT NULL
);


ALTER TABLE public.dealer_sites OWNER TO postgres;

--
-- Name: dealer_sites_id_seq; Type: SEQUENCE; Schema: public; Owner: postgres
--

CREATE SEQUENCE public.dealer_sites_id_seq
    AS integer
    START WITH 1
    INCREMENT BY 1
    NO MINVALUE
    NO MAXVALUE
    CACHE 1;


ALTER TABLE public.dealer_sites_id_seq OWNER TO postgres;

--
-- Name: dealer_sites_id_seq; Type: SEQUENCE OWNED BY; Schema: public; Owner: postgres
--

ALTER SEQUENCE public.dealer_sites_id_seq OWNED BY public.dealer_sites.id;


--
-- Name: dealers; Type: TABLE; Schema: public; Owner: postgres
--

CREATE TABLE public.dealers (
    id integer NOT NULL,
    updated_at timestamp without time zone DEFAULT now() NOT NULL,
    created_at timestamp without time zone DEFAULT now() NOT NULL,
    start_date date,
    end_date date,
    name character varying NOT NULL,
    tax_no character varying(20) NOT NULL,
    attribute1 character varying,
    attribute2 character varying,
    attribute3 character varying,
    attribute4 character varying,
    attribute5 character varying,
    created_by integer NOT NULL,
    updated_by integer NOT NULL
);


ALTER TABLE public.dealers OWNER TO postgres;

--
-- Name: dealers_id_seq; Type: SEQUENCE; Schema: public; Owner: postgres
--

CREATE SEQUENCE public.dealers_id_seq
    AS integer
    START WITH 1
    INCREMENT BY 1
    NO MINVALUE
    NO MAXVALUE
    CACHE 1;


ALTER TABLE public.dealers_id_seq OWNER TO postgres;

--
-- Name: dealers_id_seq; Type: SEQUENCE OWNED BY; Schema: public; Owner: postgres
--

ALTER SEQUENCE public.dealers_id_seq OWNED BY public.dealers.id;


--
-- Name: deposit_lines; Type: TABLE; Schema: public; Owner: postgres
--

CREATE TABLE public.deposit_lines (
    id integer NOT NULL,
    updated_at timestamp without time zone DEFAULT now() NOT NULL,
    created_at timestamp without time zone DEFAULT now() NOT NULL,
    start_date date,
    end_date date,
    product_code character varying(30) NOT NULL,
    product_name character varying(150) NOT NULL,
    unit_price real NOT NULL,
    product_quantity integer NOT NULL,
    amount real NOT NULL,
    currency character varying DEFAULT 'TRY'::character varying NOT NULL,
    deposit_id integer NOT NULL,
    created_by integer NOT NULL,
    updated_by integer NOT NULL
);


ALTER TABLE public.deposit_lines OWNER TO postgres;

--
-- Name: deposit_lines_id_seq; Type: SEQUENCE; Schema: public; Owner: postgres
--

CREATE SEQUENCE public.deposit_lines_id_seq
    AS integer
    START WITH 1
    INCREMENT BY 1
    NO MINVALUE
    NO MAXVALUE
    CACHE 1;


ALTER TABLE public.deposit_lines_id_seq OWNER TO postgres;

--
-- Name: deposit_lines_id_seq; Type: SEQUENCE OWNED BY; Schema: public; Owner: postgres
--

ALTER SEQUENCE public.deposit_lines_id_seq OWNED BY public.deposit_lines.id;


--
-- Name: deposits; Type: TABLE; Schema: public; Owner: postgres
--

CREATE TABLE public.deposits (
    id integer NOT NULL,
    updated_at timestamp without time zone DEFAULT now() NOT NULL,
    created_at timestamp without time zone DEFAULT now() NOT NULL,
    start_date date,
    end_date date,
    amount real NOT NULL,
    currency character varying(3) DEFAULT 'TRY'::character varying NOT NULL,
    status public.deposits_status_enum DEFAULT 'P'::public.deposits_status_enum NOT NULL,
    approval_date timestamp without time zone,
    vdsbs_id integer NOT NULL,
    created_by integer NOT NULL,
    updated_by integer NOT NULL
);


ALTER TABLE public.deposits OWNER TO postgres;

--
-- Name: deposits_id_seq; Type: SEQUENCE; Schema: public; Owner: postgres
--

CREATE SEQUENCE public.deposits_id_seq
    AS integer
    START WITH 1
    INCREMENT BY 1
    NO MINVALUE
    NO MAXVALUE
    CACHE 1;


ALTER TABLE public.deposits_id_seq OWNER TO postgres;

--
-- Name: deposits_id_seq; Type: SEQUENCE OWNED BY; Schema: public; Owner: postgres
--

ALTER SEQUENCE public.deposits_id_seq OWNED BY public.deposits.id;


--
-- Name: invoice_file_process_id; Type: SEQUENCE; Schema: public; Owner: postgres
--

CREATE SEQUENCE public.invoice_file_process_id
    START WITH 1
    INCREMENT BY 1
    NO MINVALUE
    NO MAXVALUE
    CACHE 1;


ALTER TABLE public.invoice_file_process_id OWNER TO postgres;

--
-- Name: invoice_interface; Type: TABLE; Schema: public; Owner: postgres
--

CREATE TABLE public.invoice_interface (
    id integer NOT NULL,
    updated_at timestamp without time zone DEFAULT now() NOT NULL,
    created_at timestamp without time zone DEFAULT now() NOT NULL,
    file_status public.invoice_interface_file_status_enum DEFAULT 'V'::public.invoice_interface_file_status_enum NOT NULL,
    line_status public.invoice_interface_line_status_enum DEFAULT 'N'::public.invoice_interface_line_status_enum NOT NULL,
    file_process_id integer NOT NULL,
    file_name character varying(100) NOT NULL,
    record_type character varying DEFAULT 'L'::character varying NOT NULL,
    has_ps public.invoice_interface_has_ps_enum DEFAULT 'N'::public.invoice_interface_has_ps_enum NOT NULL,
    invoice_no character varying(30) NOT NULL,
    invoice_date character varying,
    due_date character varying,
    amount character varying(20) NOT NULL,
    item_quantity character varying,
    item_oum character varying,
    item_description character varying,
    currency character varying(3) DEFAULT 'TRY'::character varying NOT NULL,
    line_no character varying(3),
    error_desc character varying(500),
    related_users integer[],
    external_v_code character varying NOT NULL,
    external_ds_code character varying NOT NULL,
    external_bs_code character varying NOT NULL,
    created_by integer NOT NULL,
    updated_by integer NOT NULL
);


ALTER TABLE public.invoice_interface OWNER TO postgres;

--
-- Name: invoice_interface_id_seq; Type: SEQUENCE; Schema: public; Owner: postgres
--

CREATE SEQUENCE public.invoice_interface_id_seq
    AS integer
    START WITH 1
    INCREMENT BY 1
    NO MINVALUE
    NO MAXVALUE
    CACHE 1;


ALTER TABLE public.invoice_interface_id_seq OWNER TO postgres;

--
-- Name: invoice_interface_id_seq; Type: SEQUENCE OWNED BY; Schema: public; Owner: postgres
--

ALTER SEQUENCE public.invoice_interface_id_seq OWNED BY public.invoice_interface.id;


--
-- Name: invoice_lines; Type: TABLE; Schema: public; Owner: postgres
--

CREATE TABLE public.invoice_lines (
    id integer NOT NULL,
    updated_at timestamp without time zone DEFAULT now() NOT NULL,
    created_at timestamp without time zone DEFAULT now() NOT NULL,
    line_no integer,
    amount real NOT NULL,
    currency character varying(3) NOT NULL,
    item_quantity integer,
    item_uom character varying(20),
    item_description character varying(100),
    invoice_id integer NOT NULL,
    created_by integer NOT NULL,
    updated_by integer NOT NULL
);


ALTER TABLE public.invoice_lines OWNER TO postgres;

--
-- Name: invoice_lines_id_seq; Type: SEQUENCE; Schema: public; Owner: postgres
--

CREATE SEQUENCE public.invoice_lines_id_seq
    AS integer
    START WITH 1
    INCREMENT BY 1
    NO MINVALUE
    NO MAXVALUE
    CACHE 1;


ALTER TABLE public.invoice_lines_id_seq OWNER TO postgres;

--
-- Name: invoice_lines_id_seq; Type: SEQUENCE OWNED BY; Schema: public; Owner: postgres
--

ALTER SEQUENCE public.invoice_lines_id_seq OWNED BY public.invoice_lines.id;


--
-- Name: invoices; Type: TABLE; Schema: public; Owner: postgres
--

CREATE TABLE public.invoices (
    id integer NOT NULL,
    updated_at timestamp without time zone DEFAULT now() NOT NULL,
    created_at timestamp without time zone DEFAULT now() NOT NULL,
    invoice_no character varying(30) NOT NULL,
    invoice_date date NOT NULL,
    amount real NOT NULL,
    currency character varying(3) NOT NULL,
    due_date date NOT NULL,
    has_ps character varying DEFAULT 'N'::character varying NOT NULL,
    ref_user_list integer[] DEFAULT '{}'::integer[] NOT NULL,
    status public.invoices_status_enum DEFAULT 'A'::public.invoices_status_enum NOT NULL,
    attribute1 character varying(150),
    attribute2 character varying(150),
    attribute3 character varying(150),
    attribute4 character varying(150),
    attribute5 character varying(150),
    ref_intf_id integer NOT NULL,
    vdsbs_id integer NOT NULL,
    created_by integer NOT NULL,
    updated_by integer NOT NULL
);


ALTER TABLE public.invoices OWNER TO postgres;

--
-- Name: invoices_id_seq; Type: SEQUENCE; Schema: public; Owner: postgres
--

CREATE SEQUENCE public.invoices_id_seq
    AS integer
    START WITH 1
    INCREMENT BY 1
    NO MINVALUE
    NO MAXVALUE
    CACHE 1;


ALTER TABLE public.invoices_id_seq OWNER TO postgres;

--
-- Name: invoices_id_seq; Type: SEQUENCE OWNED BY; Schema: public; Owner: postgres
--

ALTER SEQUENCE public.invoices_id_seq OWNED BY public.invoices.id;


--
-- Name: payment_matches; Type: TABLE; Schema: public; Owner: postgres
--

CREATE TABLE public.payment_matches (
    id integer NOT NULL,
    updated_at timestamp without time zone DEFAULT now() NOT NULL,
    created_at timestamp without time zone DEFAULT now() NOT NULL,
    start_date date,
    end_date date,
    currency character varying(3) NOT NULL,
    matches_amount real NOT NULL,
    created_by integer NOT NULL,
    updated_by integer NOT NULL,
    payment_schedule_id integer,
    payment_id integer,
    vdsbs_id integer
);


ALTER TABLE public.payment_matches OWNER TO postgres;

--
-- Name: payment_matches_id_seq; Type: SEQUENCE; Schema: public; Owner: postgres
--

CREATE SEQUENCE public.payment_matches_id_seq
    AS integer
    START WITH 1
    INCREMENT BY 1
    NO MINVALUE
    NO MAXVALUE
    CACHE 1;


ALTER TABLE public.payment_matches_id_seq OWNER TO postgres;

--
-- Name: payment_matches_id_seq; Type: SEQUENCE OWNED BY; Schema: public; Owner: postgres
--

ALTER SEQUENCE public.payment_matches_id_seq OWNED BY public.payment_matches.id;


--
-- Name: payment_schedules; Type: TABLE; Schema: public; Owner: postgres
--

CREATE TABLE public.payment_schedules (
    id integer NOT NULL,
    updated_at timestamp without time zone DEFAULT now() NOT NULL,
    created_at timestamp without time zone DEFAULT now() NOT NULL,
    line_no integer,
    due_date date NOT NULL,
    due_amount real DEFAULT '0'::real NOT NULL,
    remained_amount real DEFAULT '0'::real NOT NULL,
    currency character varying(3) NOT NULL,
    payment_status public.payment_schedules_payment_status_enum DEFAULT 'N'::public.payment_schedules_payment_status_enum NOT NULL,
    vdsbs_id integer NOT NULL,
    created_by integer NOT NULL,
    updated_by integer NOT NULL,
    invoice_id integer
);


ALTER TABLE public.payment_schedules OWNER TO postgres;

--
-- Name: payment_schedules_id_seq; Type: SEQUENCE; Schema: public; Owner: postgres
--

CREATE SEQUENCE public.payment_schedules_id_seq
    AS integer
    START WITH 1
    INCREMENT BY 1
    NO MINVALUE
    NO MAXVALUE
    CACHE 1;


ALTER TABLE public.payment_schedules_id_seq OWNER TO postgres;

--
-- Name: payment_schedules_id_seq; Type: SEQUENCE OWNED BY; Schema: public; Owner: postgres
--

ALTER SEQUENCE public.payment_schedules_id_seq OWNED BY public.payment_schedules.id;


--
-- Name: payments; Type: TABLE; Schema: public; Owner: postgres
--

CREATE TABLE public.payments (
    id integer NOT NULL,
    updated_at timestamp without time zone DEFAULT now() NOT NULL,
    created_at timestamp without time zone DEFAULT now() NOT NULL,
    start_date date,
    end_date date,
    payment_type public.payments_payment_type_enum DEFAULT 'C'::public.payments_payment_type_enum NOT NULL,
    reference_id integer NOT NULL,
    original_amount real NOT NULL,
    remained_amount real NOT NULL,
    currency character varying(3) DEFAULT 'TRY'::character varying NOT NULL,
    effective_date timestamp without time zone NOT NULL,
    invoiced_status public.payments_invoiced_status_enum DEFAULT 'B'::public.payments_invoiced_status_enum NOT NULL,
    created_by integer NOT NULL,
    updated_by integer NOT NULL,
    vdsbs_id integer
);


ALTER TABLE public.payments OWNER TO postgres;

--
-- Name: payments_id_seq; Type: SEQUENCE; Schema: public; Owner: postgres
--

CREATE SEQUENCE public.payments_id_seq
    AS integer
    START WITH 1
    INCREMENT BY 1
    NO MINVALUE
    NO MAXVALUE
    CACHE 1;


ALTER TABLE public.payments_id_seq OWNER TO postgres;

--
-- Name: payments_id_seq; Type: SEQUENCE OWNED BY; Schema: public; Owner: postgres
--

ALTER SEQUENCE public.payments_id_seq OWNED BY public.payments.id;


--
-- Name: products; Type: TABLE; Schema: public; Owner: postgres
--

CREATE TABLE public.products (
    id integer NOT NULL,
    updated_at timestamp without time zone DEFAULT now() NOT NULL,
    created_at timestamp without time zone DEFAULT now() NOT NULL,
    product_code character varying(30) NOT NULL,
    product_name character varying(150) NOT NULL,
    unit_price real NOT NULL,
    currency character varying DEFAULT 'TRY'::character varying NOT NULL,
    vendor_id integer NOT NULL,
    created_by integer NOT NULL,
    updated_by integer NOT NULL
);


ALTER TABLE public.products OWNER TO postgres;

--
-- Name: products_id_seq; Type: SEQUENCE; Schema: public; Owner: postgres
--

CREATE SEQUENCE public.products_id_seq
    AS integer
    START WITH 1
    INCREMENT BY 1
    NO MINVALUE
    NO MAXVALUE
    CACHE 1;


ALTER TABLE public.products_id_seq OWNER TO postgres;

--
-- Name: products_id_seq; Type: SEQUENCE OWNED BY; Schema: public; Owner: postgres
--

ALTER SEQUENCE public.products_id_seq OWNED BY public.products.id;


--
-- Name: ps_file_process_id; Type: SEQUENCE; Schema: public; Owner: postgres
--

CREATE SEQUENCE public.ps_file_process_id
    START WITH 1
    INCREMENT BY 1
    NO MINVALUE
    NO MAXVALUE
    CACHE 1;


ALTER TABLE public.ps_file_process_id OWNER TO postgres;

--
-- Name: ps_interface; Type: TABLE; Schema: public; Owner: postgres
--

CREATE TABLE public.ps_interface (
    id integer NOT NULL,
    updated_at timestamp without time zone DEFAULT now() NOT NULL,
    created_at timestamp without time zone DEFAULT now() NOT NULL,
    file_process_id integer NOT NULL,
    file_name character varying(100) NOT NULL,
    file_status public.ps_interface_file_status_enum DEFAULT 'V'::public.ps_interface_file_status_enum NOT NULL,
    invoice_no character varying(30) NOT NULL,
    line_no character varying(3),
    due_date character varying,
    amount character varying(20),
    external_v_code character varying NOT NULL,
    external_ds_code character varying NOT NULL,
    external_bs_code character varying NOT NULL,
    currency character varying(3) DEFAULT 'TRY'::character varying NOT NULL,
    line_status public.ps_interface_line_status_enum DEFAULT 'N'::public.ps_interface_line_status_enum NOT NULL,
    error_desc character varying(500),
    created_by integer NOT NULL,
    updated_by integer NOT NULL
);


ALTER TABLE public.ps_interface OWNER TO postgres;

--
-- Name: ps_interface_id_seq; Type: SEQUENCE; Schema: public; Owner: postgres
--

CREATE SEQUENCE public.ps_interface_id_seq
    AS integer
    START WITH 1
    INCREMENT BY 1
    NO MINVALUE
    NO MAXVALUE
    CACHE 1;


ALTER TABLE public.ps_interface_id_seq OWNER TO postgres;

--
-- Name: ps_interface_id_seq; Type: SEQUENCE OWNED BY; Schema: public; Owner: postgres
--

ALTER SEQUENCE public.ps_interface_id_seq OWNED BY public.ps_interface.id;


--
-- Name: user_entity_relations; Type: TABLE; Schema: public; Owner: postgres
--

CREATE TABLE public.user_entity_relations (
    id integer NOT NULL,
    updated_at timestamp without time zone DEFAULT now() NOT NULL,
    created_at timestamp without time zone DEFAULT now() NOT NULL,
    start_date date,
    end_date date,
    description character varying(240),
    user_id integer NOT NULL,
    created_by integer NOT NULL,
    updated_by integer NOT NULL,
    vendor_table_ref_id integer,
    buyer_site_table_ref_id integer,
    dealer_site_table_ref_id integer
);


ALTER TABLE public.user_entity_relations OWNER TO postgres;

--
-- Name: user_entity_relations_id_seq; Type: SEQUENCE; Schema: public; Owner: postgres
--

CREATE SEQUENCE public.user_entity_relations_id_seq
    AS integer
    START WITH 1
    INCREMENT BY 1
    NO MINVALUE
    NO MAXVALUE
    CACHE 1;


ALTER TABLE public.user_entity_relations_id_seq OWNER TO postgres;

--
-- Name: user_entity_relations_id_seq; Type: SEQUENCE OWNED BY; Schema: public; Owner: postgres
--

ALTER SEQUENCE public.user_entity_relations_id_seq OWNED BY public.user_entity_relations.id;


--
-- Name: users; Type: TABLE; Schema: public; Owner: postgres
--

CREATE TABLE public.users (
    id integer NOT NULL,
    updated_at timestamp without time zone DEFAULT now() NOT NULL,
    created_at timestamp without time zone DEFAULT now() NOT NULL,
    start_date date,
    end_date date,
    username character varying,
    email character varying NOT NULL,
    password character varying NOT NULL,
    user_type public.users_user_type_enum DEFAULT 'SA'::public.users_user_type_enum NOT NULL,
    tckn bigint NOT NULL,
    mobile character varying(20) NOT NULL,
    token_version integer DEFAULT 0 NOT NULL
);


ALTER TABLE public.users OWNER TO postgres;

--
-- Name: users_id_seq; Type: SEQUENCE; Schema: public; Owner: postgres
--

CREATE SEQUENCE public.users_id_seq
    AS integer
    START WITH 1
    INCREMENT BY 1
    NO MINVALUE
    NO MAXVALUE
    CACHE 1;


ALTER TABLE public.users_id_seq OWNER TO postgres;

--
-- Name: users_id_seq; Type: SEQUENCE OWNED BY; Schema: public; Owner: postgres
--

ALTER SEQUENCE public.users_id_seq OWNED BY public.users.id;


--
-- Name: vds_relations; Type: TABLE; Schema: public; Owner: postgres
--

CREATE TABLE public.vds_relations (
    id integer NOT NULL,
    updated_at timestamp without time zone DEFAULT now() NOT NULL,
    created_at timestamp without time zone DEFAULT now() NOT NULL,
    start_date date,
    end_date date,
    vendor_id integer NOT NULL,
    dealer_site_id integer NOT NULL,
    created_by integer NOT NULL,
    updated_by integer NOT NULL
);


ALTER TABLE public.vds_relations OWNER TO postgres;

--
-- Name: vds_relations_id_seq; Type: SEQUENCE; Schema: public; Owner: postgres
--

CREATE SEQUENCE public.vds_relations_id_seq
    AS integer
    START WITH 1
    INCREMENT BY 1
    NO MINVALUE
    NO MAXVALUE
    CACHE 1;


ALTER TABLE public.vds_relations_id_seq OWNER TO postgres;

--
-- Name: vds_relations_id_seq; Type: SEQUENCE OWNED BY; Schema: public; Owner: postgres
--

ALTER SEQUENCE public.vds_relations_id_seq OWNED BY public.vds_relations.id;


--
-- Name: vdsbs_relations; Type: TABLE; Schema: public; Owner: postgres
--

CREATE TABLE public.vdsbs_relations (
    id integer NOT NULL,
    updated_at timestamp without time zone DEFAULT now() NOT NULL,
    created_at timestamp without time zone DEFAULT now() NOT NULL,
    start_date date,
    end_date date,
    buyer_site_id integer NOT NULL,
    vds_rltn_id integer NOT NULL,
    created_by integer NOT NULL,
    updated_by integer NOT NULL
);


ALTER TABLE public.vdsbs_relations OWNER TO postgres;

--
-- Name: vdsbs_relations_id_seq; Type: SEQUENCE; Schema: public; Owner: postgres
--

CREATE SEQUENCE public.vdsbs_relations_id_seq
    AS integer
    START WITH 1
    INCREMENT BY 1
    NO MINVALUE
    NO MAXVALUE
    CACHE 1;


ALTER TABLE public.vdsbs_relations_id_seq OWNER TO postgres;

--
-- Name: vdsbs_relations_id_seq; Type: SEQUENCE OWNED BY; Schema: public; Owner: postgres
--

ALTER SEQUENCE public.vdsbs_relations_id_seq OWNED BY public.vdsbs_relations.id;


--
-- Name: vendor_regions; Type: TABLE; Schema: public; Owner: postgres
--

CREATE TABLE public.vendor_regions (
    id integer NOT NULL,
    updated_at timestamp without time zone DEFAULT now() NOT NULL,
    created_at timestamp without time zone DEFAULT now() NOT NULL,
    start_date date,
    end_date date,
    name character varying(240) NOT NULL,
    attribute1 character varying,
    attribute2 character varying,
    attribute3 character varying,
    attribute4 character varying,
    attribute5 character varying,
    created_by integer NOT NULL,
    updated_by integer NOT NULL,
    vendor_id integer
);


ALTER TABLE public.vendor_regions OWNER TO postgres;

--
-- Name: vendor_regions_id_seq; Type: SEQUENCE; Schema: public; Owner: postgres
--

CREATE SEQUENCE public.vendor_regions_id_seq
    AS integer
    START WITH 1
    INCREMENT BY 1
    NO MINVALUE
    NO MAXVALUE
    CACHE 1;


ALTER TABLE public.vendor_regions_id_seq OWNER TO postgres;

--
-- Name: vendor_regions_id_seq; Type: SEQUENCE OWNED BY; Schema: public; Owner: postgres
--

ALTER SEQUENCE public.vendor_regions_id_seq OWNED BY public.vendor_regions.id;


--
-- Name: vendors; Type: TABLE; Schema: public; Owner: postgres
--

CREATE TABLE public.vendors (
    id integer NOT NULL,
    updated_at timestamp without time zone DEFAULT now() NOT NULL,
    created_at timestamp without time zone DEFAULT now() NOT NULL,
    start_date date,
    end_date date,
    name character varying(240) NOT NULL,
    tax_no character varying(20) NOT NULL,
    attribute1 character varying,
    attribute2 character varying,
    attribute3 character varying,
    attribute4 character varying,
    attribute5 character varying,
    external_v_code character varying(250) NOT NULL,
    created_by integer NOT NULL,
    updated_by integer NOT NULL
);


ALTER TABLE public.vendors OWNER TO postgres;

--
-- Name: vendors_id_seq; Type: SEQUENCE; Schema: public; Owner: postgres
--

CREATE SEQUENCE public.vendors_id_seq
    AS integer
    START WITH 1
    INCREMENT BY 1
    NO MINVALUE
    NO MAXVALUE
    CACHE 1;


ALTER TABLE public.vendors_id_seq OWNER TO postgres;

--
-- Name: vendors_id_seq; Type: SEQUENCE OWNED BY; Schema: public; Owner: postgres
--

ALTER SEQUENCE public.vendors_id_seq OWNED BY public.vendors.id;


--
-- Name: advances id; Type: DEFAULT; Schema: public; Owner: postgres
--

ALTER TABLE ONLY public.advances ALTER COLUMN id SET DEFAULT nextval('public.advances_id_seq'::regclass);


--
-- Name: buyer_sites id; Type: DEFAULT; Schema: public; Owner: postgres
--

ALTER TABLE ONLY public.buyer_sites ALTER COLUMN id SET DEFAULT nextval('public.buyer_sites_id_seq'::regclass);


--
-- Name: buyers id; Type: DEFAULT; Schema: public; Owner: postgres
--

ALTER TABLE ONLY public.buyers ALTER COLUMN id SET DEFAULT nextval('public.buyers_id_seq'::regclass);


--
-- Name: dealer_route_users id; Type: DEFAULT; Schema: public; Owner: postgres
--

ALTER TABLE ONLY public.dealer_route_users ALTER COLUMN id SET DEFAULT nextval('public.dealer_route_users_id_seq'::regclass);


--
-- Name: dealer_sites id; Type: DEFAULT; Schema: public; Owner: postgres
--

ALTER TABLE ONLY public.dealer_sites ALTER COLUMN id SET DEFAULT nextval('public.dealer_sites_id_seq'::regclass);


--
-- Name: dealers id; Type: DEFAULT; Schema: public; Owner: postgres
--

ALTER TABLE ONLY public.dealers ALTER COLUMN id SET DEFAULT nextval('public.dealers_id_seq'::regclass);


--
-- Name: deposit_lines id; Type: DEFAULT; Schema: public; Owner: postgres
--

ALTER TABLE ONLY public.deposit_lines ALTER COLUMN id SET DEFAULT nextval('public.deposit_lines_id_seq'::regclass);


--
-- Name: deposits id; Type: DEFAULT; Schema: public; Owner: postgres
--

ALTER TABLE ONLY public.deposits ALTER COLUMN id SET DEFAULT nextval('public.deposits_id_seq'::regclass);


--
-- Name: invoice_interface id; Type: DEFAULT; Schema: public; Owner: postgres
--

ALTER TABLE ONLY public.invoice_interface ALTER COLUMN id SET DEFAULT nextval('public.invoice_interface_id_seq'::regclass);


--
-- Name: invoice_lines id; Type: DEFAULT; Schema: public; Owner: postgres
--

ALTER TABLE ONLY public.invoice_lines ALTER COLUMN id SET DEFAULT nextval('public.invoice_lines_id_seq'::regclass);


--
-- Name: invoices id; Type: DEFAULT; Schema: public; Owner: postgres
--

ALTER TABLE ONLY public.invoices ALTER COLUMN id SET DEFAULT nextval('public.invoices_id_seq'::regclass);


--
-- Name: payment_matches id; Type: DEFAULT; Schema: public; Owner: postgres
--

ALTER TABLE ONLY public.payment_matches ALTER COLUMN id SET DEFAULT nextval('public.payment_matches_id_seq'::regclass);


--
-- Name: payment_schedules id; Type: DEFAULT; Schema: public; Owner: postgres
--

ALTER TABLE ONLY public.payment_schedules ALTER COLUMN id SET DEFAULT nextval('public.payment_schedules_id_seq'::regclass);


--
-- Name: payments id; Type: DEFAULT; Schema: public; Owner: postgres
--

ALTER TABLE ONLY public.payments ALTER COLUMN id SET DEFAULT nextval('public.payments_id_seq'::regclass);


--
-- Name: products id; Type: DEFAULT; Schema: public; Owner: postgres
--

ALTER TABLE ONLY public.products ALTER COLUMN id SET DEFAULT nextval('public.products_id_seq'::regclass);


--
-- Name: ps_interface id; Type: DEFAULT; Schema: public; Owner: postgres
--

ALTER TABLE ONLY public.ps_interface ALTER COLUMN id SET DEFAULT nextval('public.ps_interface_id_seq'::regclass);


--
-- Name: user_entity_relations id; Type: DEFAULT; Schema: public; Owner: postgres
--

ALTER TABLE ONLY public.user_entity_relations ALTER COLUMN id SET DEFAULT nextval('public.user_entity_relations_id_seq'::regclass);


--
-- Name: users id; Type: DEFAULT; Schema: public; Owner: postgres
--

ALTER TABLE ONLY public.users ALTER COLUMN id SET DEFAULT nextval('public.users_id_seq'::regclass);


--
-- Name: vds_relations id; Type: DEFAULT; Schema: public; Owner: postgres
--

ALTER TABLE ONLY public.vds_relations ALTER COLUMN id SET DEFAULT nextval('public.vds_relations_id_seq'::regclass);


--
-- Name: vdsbs_relations id; Type: DEFAULT; Schema: public; Owner: postgres
--

ALTER TABLE ONLY public.vdsbs_relations ALTER COLUMN id SET DEFAULT nextval('public.vdsbs_relations_id_seq'::regclass);


--
-- Name: vendor_regions id; Type: DEFAULT; Schema: public; Owner: postgres
--

ALTER TABLE ONLY public.vendor_regions ALTER COLUMN id SET DEFAULT nextval('public.vendor_regions_id_seq'::regclass);


--
-- Name: vendors id; Type: DEFAULT; Schema: public; Owner: postgres
--

ALTER TABLE ONLY public.vendors ALTER COLUMN id SET DEFAULT nextval('public.vendors_id_seq'::regclass);


--
-- Data for Name: advances; Type: TABLE DATA; Schema: public; Owner: postgres
--

COPY public.advances (id, updated_at, created_at, start_date, end_date, advance_type, amount, currency, status, approval_date, vdsbs_id, created_by, updated_by) FROM stdin;
\.


--
-- Data for Name: buyer_sites; Type: TABLE DATA; Schema: public; Owner: postgres
--

COPY public.buyer_sites (id, updated_at, created_at, start_date, end_date, name, attribute1, attribute2, attribute3, attribute4, attribute5, external_v_code, external_ds_code, external_bs_code, buyer_id, created_by, updated_by) FROM stdin;
1	2022-10-30 19:21:34.016338	2022-10-30 19:21:34.016338	\N	\N	Collins, Collins and Collins	\N	\N	\N	\N	\N	zmijeeetgd	zzpybhkzwl	incidunt	7	7	7
2	2022-10-30 19:21:35.205689	2022-10-30 19:21:35.205689	\N	\N	Quigley, Quigley and Quigley	\N	\N	\N	\N	\N	dwziovpoec	jrbigrnpsa	et	18	18	18
3	2022-10-30 19:21:36.824388	2022-10-30 19:21:36.824388	\N	\N	Oberbrunner-Oberbrunner	\N	\N	\N	\N	\N	sujxwrjzcb	gfodwlhegg	velit	2	2	2
5	2022-10-30 19:21:41.067238	2022-10-30 19:21:41.067238	\N	\N	Parisian-Parisian	\N	\N	\N	\N	\N	uoffvfgjaf	nyztcolsfy	provident	2	2	2
6	2022-10-30 19:21:44.146909	2022-10-30 19:21:44.146909	\N	\N	Streich, Streich and Streich	\N	\N	\N	\N	\N	rxamfdtiyk	qnhsjctiqx	laudantium	2	2	2
7	2022-10-30 19:21:44.667335	2022-10-30 19:21:44.667335	\N	\N	Muller PLC	\N	\N	\N	\N	\N	qmxwzgzswv	mzgzoquoqz	ad	2	2	2
8	2022-10-30 19:21:44.945445	2022-10-30 19:21:44.945445	\N	\N	Ruecker, Ruecker and Ruecker	\N	\N	\N	\N	\N	dtvypxnpub	wyjenawitm	quisquam	18	18	18
10	2022-10-30 19:21:47.165688	2022-10-30 19:21:47.165688	\N	\N	Wilkinson, Wilkinson and Wilkinson	\N	\N	\N	\N	\N	zoyqugwhje	xjkmjqqdzp	ut	37	37	37
11	2022-10-30 19:21:47.347013	2022-10-30 19:21:47.347013	\N	\N	Balistreri and Sons	\N	\N	\N	\N	\N	lkmxzydmcy	hpdwapdfgv	et	37	37	37
13	2022-10-30 19:21:48.504155	2022-10-30 19:21:48.504155	\N	\N	Hayes and Sons	\N	\N	\N	\N	\N	ecvckrfevs	vywahifwru	dolor	38	38	38
14	2022-10-30 19:21:49.46625	2022-10-30 19:21:49.46625	\N	\N	Weimann-Weimann	\N	\N	\N	\N	\N	wllqghtbjb	awaervytap	fuga	37	37	37
18	2022-10-30 19:21:56.605794	2022-10-30 19:21:56.605794	\N	\N	Feil-Feil	\N	\N	\N	\N	\N	oadxqkxlyc	pgowrdhacs	numquam	49	49	49
21	2022-10-30 19:22:03.082501	2022-10-30 19:22:03.082501	\N	\N	Murazik Ltd	\N	\N	\N	\N	\N	wvgtvpbodq	dbffsmmtpc	sint	70	70	70
24	2022-10-30 19:22:06.20569	2022-10-30 19:22:06.20569	\N	\N	Sporer LLC	\N	\N	\N	\N	\N	bchkcthyfp	ggvtosjodg	culpa	50	50	50
26	2022-10-30 19:22:07.583702	2022-10-30 19:22:07.583702	\N	\N	Gaylord-Gaylord	\N	\N	\N	\N	\N	ghfongqodm	vucbprlyac	soluta	62	62	62
27	2022-10-30 19:22:08.678488	2022-10-30 19:22:08.678488	\N	\N	Dietrich, Dietrich and Dietrich	\N	\N	\N	\N	\N	bjjaeebvro	icypwmxkrk	rerum	7	7	7
29	2022-10-30 19:22:09.833648	2022-10-30 19:22:09.833648	\N	\N	Morissette and Sons	\N	\N	\N	\N	\N	orpqwcsiqg	ndyondhwup	dolorum	7	7	7
30	2022-10-30 19:22:10.468591	2022-10-30 19:22:10.468591	\N	\N	Cummings and Sons	\N	\N	\N	\N	\N	qkshrsgcym	ieomxgvvlr	suscipit	48	48	48
33	2022-10-30 19:22:11.663534	2022-10-30 19:22:11.663534	\N	\N	Durgan, Durgan and Durgan	\N	\N	\N	\N	\N	oshwgeljou	jomntmarvx	aliquam	70	70	70
34	2022-10-30 19:22:12.301665	2022-10-30 19:22:12.301665	\N	\N	Schmitt LLC	\N	\N	\N	\N	\N	zaadksxayj	kekzamzotj	molestiae	18	18	18
38	2022-10-30 19:22:19.345976	2022-10-30 19:22:19.345976	\N	\N	Hand Ltd	\N	\N	\N	\N	\N	zredsarqkq	akamglkmzc	a	13	13	13
39	2022-10-30 19:22:20.316208	2022-10-30 19:22:20.316208	\N	\N	Sawayn Group	\N	\N	\N	\N	\N	ksmuqknvcy	fevycgrpbg	et	7	7	7
40	2022-10-30 19:22:20.469925	2022-10-30 19:22:20.469925	\N	\N	Hamill PLC	\N	\N	\N	\N	\N	borgaaqifk	hrhgyrgokv	libero	7	7	7
42	2022-10-30 19:22:23.230355	2022-10-30 19:22:23.230355	\N	\N	Hammes, Hammes and Hammes	\N	\N	\N	\N	\N	huawzehutm	nejegsempa	sed	37	37	37
43	2022-10-30 19:22:26.19259	2022-10-30 19:22:26.19259	\N	\N	Rolfson-Rolfson	\N	\N	\N	\N	\N	lnadqccsrb	rldkklwyqp	occaecati	38	38	38
44	2022-10-30 19:22:27.663297	2022-10-30 19:22:27.663297	\N	\N	Harvey, Harvey and Harvey	\N	\N	\N	\N	\N	lioczabvra	xxldvhedue	at	111	111	111
45	2022-10-30 19:22:28.208825	2022-10-30 19:22:28.208825	\N	\N	Barrows, Barrows and Barrows	\N	\N	\N	\N	\N	ucfowzyqjs	vbtdnjfjmc	sint	11	11	11
49	2022-10-30 19:22:32.113592	2022-10-30 19:22:32.113592	\N	\N	Christiansen, Christiansen and Christiansen	\N	\N	\N	\N	\N	qlynitrtil	tiwnthgeqb	est	111	111	111
50	2022-10-30 19:22:34.73181	2022-10-30 19:22:34.73181	\N	\N	Dooley, Dooley and Dooley	\N	\N	\N	\N	\N	eawtmglhdr	rwyiyqcous	dolorum	64	64	64
51	2022-10-30 19:22:34.899566	2022-10-30 19:22:34.899566	\N	\N	Miller-Miller	\N	\N	\N	\N	\N	gaihmbeevo	ogqpcnfxub	harum	121	121	121
52	2022-10-30 19:22:35.871206	2022-10-30 19:22:35.871206	\N	\N	Waelchi, Waelchi and Waelchi	\N	\N	\N	\N	\N	nzsdfzlame	icjzgkebvi	repudiandae	37	37	37
54	2022-10-30 19:22:37.013307	2022-10-30 19:22:37.013307	\N	\N	Marvin, Marvin and Marvin	\N	\N	\N	\N	\N	jamomvvhob	sviunkeylf	ut	11	11	11
55	2022-10-30 19:22:37.283233	2022-10-30 19:22:37.283233	\N	\N	Yundt, Yundt and Yundt	\N	\N	\N	\N	\N	fgoksaaupv	gwvcmzdgfn	dolores	121	121	121
56	2022-10-30 19:22:38.022112	2022-10-30 19:22:38.022112	\N	\N	Pouros-Pouros	\N	\N	\N	\N	\N	zhlfikqxxg	srcumtqdbj	porro	23	23	23
57	2022-10-30 19:22:38.27907	2022-10-30 19:22:38.27907	\N	\N	Lowe-Lowe	\N	\N	\N	\N	\N	tfnljedgjp	asresipdbp	debitis	111	111	111
59	2022-10-30 19:22:39.346349	2022-10-30 19:22:39.346349	\N	\N	Dickens, Dickens and Dickens	\N	\N	\N	\N	\N	hsjwdmexzm	ztwouvohsw	eaque	68	68	68
61	2022-10-30 19:22:40.722131	2022-10-30 19:22:40.722131	\N	\N	Quitzon-Quitzon	\N	\N	\N	\N	\N	uppshxcziv	netxjzaspv	deleniti	75	75	75
62	2022-10-30 19:22:43.258892	2022-10-30 19:22:43.258892	\N	\N	Leuschke, Leuschke and Leuschke	\N	\N	\N	\N	\N	gejzvtsmgu	stugbxhmbe	ut	49	49	49
63	2022-10-30 19:22:44.076176	2022-10-30 19:22:44.076176	\N	\N	Farrell Inc	\N	\N	\N	\N	\N	fiynelvsjj	nynveclvnh	officiis	38	38	38
65	2022-10-30 19:22:45.261707	2022-10-30 19:22:45.261707	\N	\N	DuBuque, DuBuque and DuBuque	\N	\N	\N	\N	\N	lcznmgqmmo	xwuhzlzjim	qui	107	107	107
66	2022-10-30 19:22:45.784502	2022-10-30 19:22:45.784502	\N	\N	Paucek, Paucek and Paucek	\N	\N	\N	\N	\N	gluebsiama	lcvmbrdrlp	deleniti	150	150	150
67	2022-10-30 19:22:45.944169	2022-10-30 19:22:45.944169	\N	\N	Rodriguez and Sons	\N	\N	\N	\N	\N	kmjpanvdrw	prfqvhtoay	magnam	49	49	49
68	2022-10-30 19:22:46.471133	2022-10-30 19:22:46.471133	\N	\N	Harris Group	\N	\N	\N	\N	\N	xtzehjmsrd	weamuwnenf	consectetur	11	11	11
69	2022-10-30 19:22:47.736222	2022-10-30 19:22:47.736222	\N	\N	Schneider, Schneider and Schneider	\N	\N	\N	\N	\N	ubjfgrnueh	loazsxgoza	optio	75	75	75
48	2022-10-30 19:23:08.056676	2022-10-30 19:22:30.980238	\N	\N	Erdman-Erdman	\N	\N	\N	\N	\N	azgpvtetfm	zjtkkpbkss	omnis	54	54	54
35	2022-10-30 19:23:08.98022	2022-10-30 19:22:16.631311	\N	\N	Reilly-Reilly	\N	\N	\N	\N	\N	jfzgvthngl	ohcolsssnw	reiciendis	192	192	192
4	2022-10-30 19:21:39.163298	2022-10-30 19:21:39.163298	\N	\N	Zulauf-Zulauf	\N	\N	\N	\N	\N	gsmcfalvpx	qvsjjznwvu	ut	18	18	18
20	2022-10-30 19:22:01.784623	2022-10-30 19:22:01.784623	\N	\N	Hayes, Hayes and Hayes	\N	\N	\N	\N	\N	xjmouwxlda	gobwfcnysl	quo	68	68	68
22	2022-10-30 19:22:04.050698	2022-10-30 19:22:04.050698	\N	\N	Kerluke-Kerluke	\N	\N	\N	\N	\N	rxamfdtiyk	pwbohofqgj	atque	81	81	81
19	2022-10-30 19:22:00.850185	2022-10-30 19:22:00.448702	\N	\N	Gottlieb, Gottlieb and Gottlieb	\N	\N	\N	\N	\N	sutnmzrlxe	emsqvhzjsa	rerum	38	38	38
31	2022-10-30 19:22:11.112604	2022-10-30 19:22:11.112604	\N	\N	Beahan-Beahan	\N	\N	\N	\N	\N	szrfzgcwjz	gcitzidxpw	dolorem	13	13	13
23	2022-10-30 19:22:04.446275	2022-10-30 19:22:04.446275	\N	\N	Powlowski Inc	\N	\N	\N	\N	\N	vsofojamqz	nwwyrziqit	recusandae	57	57	57
12	2022-10-30 19:21:48.113845	2022-10-30 19:21:48.113845	\N	\N	Raynor Ltd	\N	\N	\N	\N	\N	ipgmlzpzgq	jvuujdgagp	hic	48	48	48
32	2022-10-30 19:22:11.269611	2022-10-30 19:22:11.269611	\N	\N	Sporer Group	\N	\N	\N	\N	\N	syjznjlnxz	qfhsjoebgy	cum	2	2	2
37	2022-10-30 19:22:18.604761	2022-10-30 19:22:18.604761	\N	\N	Spinka, Spinka and Spinka	\N	\N	\N	\N	\N	ecvckrfevs	xtqzbjzlry	eum	54	54	54
25	2022-10-30 19:22:07.296935	2022-10-30 19:22:07.296935	\N	\N	Friesen Group	\N	\N	\N	\N	\N	qmxwzgzswv	bnpligrcbt	consequatur	54	54	54
47	2022-10-30 19:22:30.83277	2022-10-30 19:22:30.83277	\N	\N	Jast-Jast	\N	\N	\N	\N	\N	fdwopgsuje	hdpjmkehlk	qui	111	111	111
41	2022-10-30 19:22:21.674268	2022-10-30 19:22:21.674268	\N	\N	Armstrong-Armstrong	\N	\N	\N	\N	\N	wllqghtbjb	tmnmuyiobe	tempore	111	111	111
58	2022-10-30 19:22:38.863528	2022-10-30 19:22:38.863528	\N	\N	Hane-Hane	\N	\N	\N	\N	\N	cgpjcdgxcc	jzbqqhpexj	quidem	68	68	68
28	2022-10-30 19:22:08.955067	2022-10-30 19:22:08.955067	\N	\N	Hartmann Ltd	\N	\N	\N	\N	\N	oqiuobchsj	hvsxxlhgtk	cupiditate	50	50	50
64	2022-10-30 19:22:44.385539	2022-10-30 19:22:44.385539	\N	\N	Dickinson and Sons	\N	\N	\N	\N	\N	ewzvjlcyap	ykbkbgupcx	pariatur	81	81	81
70	2022-10-30 19:22:47.89796	2022-10-30 19:22:47.89796	\N	\N	O"Reilly Ltd	\N	\N	\N	\N	\N	mylazndhlt	nxpwnykzza	ad	150	150	150
53	2022-10-30 19:22:36.487264	2022-10-30 19:22:36.487264	\N	\N	Carter-Carter	\N	\N	\N	\N	\N	uaktfqeirr	pwzqfwiqzf	magnam	50	50	50
60	2022-10-30 19:22:39.612861	2022-10-30 19:22:39.612861	\N	\N	Aufderhar-Aufderhar	\N	\N	\N	\N	\N	xwojxmfclr	bucrltcshj	deserunt	57	57	57
74	2022-10-30 19:22:50.515202	2022-10-30 19:22:50.515202	\N	\N	Hirthe Group	\N	\N	\N	\N	\N	krlqnvqkgc	zxiaveuagq	voluptatibus	154	154	154
75	2022-10-30 19:22:51.150894	2022-10-30 19:22:51.150894	\N	\N	Leannon, Leannon and Leannon	\N	\N	\N	\N	\N	pzvdkhceta	lzlexpsrfd	enim	114	114	114
76	2022-10-30 19:22:51.630113	2022-10-30 19:22:51.630113	\N	\N	Schumm, Schumm and Schumm	\N	\N	\N	\N	\N	xrwkeirnjo	bzaljyaziz	culpa	141	141	141
77	2022-10-30 19:22:52.10085	2022-10-30 19:22:52.10085	\N	\N	Batz, Batz and Batz	\N	\N	\N	\N	\N	nllgzztnka	jpohpxvgao	expedita	11	11	11
78	2022-10-30 19:22:54.032968	2022-10-30 19:22:54.032968	\N	\N	Johnston-Johnston	\N	\N	\N	\N	\N	cclzxqnytt	uxjkuwmnpg	eos	99	99	99
81	2022-10-30 19:22:56.06475	2022-10-30 19:22:56.06475	\N	\N	Ferry-Ferry	\N	\N	\N	\N	\N	jlncvdpvdq	syspkpzbqn	voluptatem	54	54	54
82	2022-10-30 19:22:58.736241	2022-10-30 19:22:58.736241	\N	\N	Green-Green	\N	\N	\N	\N	\N	daagvhsggk	btpclmvcdr	in	11	11	11
84	2022-10-30 19:22:59.280499	2022-10-30 19:22:59.280499	\N	\N	Crist-Crist	\N	\N	\N	\N	\N	vykkyvvxkm	xzjkvnklgh	quia	88	88	88
85	2022-10-30 19:23:00.332867	2022-10-30 19:23:00.332867	\N	\N	Brown LLC	\N	\N	\N	\N	\N	gqhqbsdpfx	xiozpuifvk	illum	68	68	68
88	2022-10-30 19:23:04.767988	2022-10-30 19:23:04.767988	\N	\N	Wilderman, Wilderman and Wilderman	\N	\N	\N	\N	\N	agxmdhvecd	nddxuzzbfd	rem	141	141	141
89	2022-10-30 19:23:04.915304	2022-10-30 19:23:04.915304	\N	\N	Goodwin, Goodwin and Goodwin	\N	\N	\N	\N	\N	hczoavwhrq	gnqrrkzniy	sed	57	57	57
90	2022-10-30 19:23:05.53832	2022-10-30 19:23:05.53832	\N	\N	O"Reilly, O"Reilly and O"Reilly	\N	\N	\N	\N	\N	dkpbslegqa	hbmffibzcs	quo	11	11	11
36	2022-10-30 19:23:05.825077	2022-10-30 19:22:17.130908	\N	\N	Johns, Johns and Johns	\N	\N	\N	\N	\N	mhhpquumzh	hymejmkago	quia	13	13	13
91	2022-10-30 19:23:07.896567	2022-10-30 19:23:07.896567	\N	\N	Wiegand-Wiegand	\N	\N	\N	\N	\N	nuyqirmbig	ilhqassagh	blanditiis	50	50	50
92	2022-10-30 19:23:09.124366	2022-10-30 19:23:09.124366	\N	\N	Macejkovic-Macejkovic	\N	\N	\N	\N	\N	paqkcshxmf	ivtxhxqfnf	recusandae	68	68	68
93	2022-10-30 19:23:10.611222	2022-10-30 19:23:10.611222	\N	\N	Spinka-Spinka	\N	\N	\N	\N	\N	jmuiimlqul	ffmchpxjww	magni	114	114	114
94	2022-10-30 19:23:14.414999	2022-10-30 19:23:14.414999	\N	\N	Wiza PLC	\N	\N	\N	\N	\N	agujsnwzpb	qsncxklrbk	doloribus	81	81	81
95	2022-10-30 19:23:16.36534	2022-10-30 19:23:16.36534	\N	\N	Hoppe, Hoppe and Hoppe	\N	\N	\N	\N	\N	ysinqqotob	mjukfjgvut	quo	75	75	75
96	2022-10-30 19:23:19.094228	2022-10-30 19:23:19.094228	\N	\N	Conroy-Conroy	\N	\N	\N	\N	\N	ynnreeynsh	oprlelovxv	dolor	185	185	185
97	2022-10-30 19:23:19.579529	2022-10-30 19:23:19.579529	\N	\N	Schulist PLC	\N	\N	\N	\N	\N	vapbwzbcsj	swfubiozxc	ad	141	141	141
98	2022-10-30 19:23:20.23259	2022-10-30 19:23:20.23259	\N	\N	Flatley-Flatley	\N	\N	\N	\N	\N	rdwxxyvljf	vzwqxgehkz	quo	121	121	121
15	2022-10-30 19:21:51.954745	2022-10-30 19:21:51.954745	\N	\N	Mayer-Mayer	\N	\N	\N	\N	\N	nhkflvsvzm	hguvozryla	quis	7	7	7
72	2022-10-30 19:22:49.025517	2022-10-30 19:22:49.025517	\N	\N	Stehr PLC	\N	\N	\N	\N	\N	qwusyfskbo	djxvzzrkrd	accusantium	48	48	48
80	2022-10-30 19:22:54.937156	2022-10-30 19:22:54.937156	\N	\N	Quigley PLC	\N	\N	\N	\N	\N	xvzkcvtrpa	xxhzctdrav	vel	107	107	107
79	2022-10-30 19:22:54.44005	2022-10-30 19:22:54.44005	\N	\N	Howe and Sons	\N	\N	\N	\N	\N	xluqytybcz	crmutnsffo	quos	11	11	11
71	2022-10-30 19:22:48.159999	2022-10-30 19:22:48.159999	\N	\N	Green, Green and Green	\N	\N	\N	\N	\N	wxmncodlzv	iadmmntecv	quis	2	2	2
73	2022-10-30 19:22:49.41076	2022-10-30 19:22:49.41076	\N	\N	Wolf LLC	\N	\N	\N	\N	\N	hbjhektceu	wruavkdhlp	sit	38	38	38
86	2022-10-30 19:23:00.589117	2022-10-30 19:23:00.589117	\N	\N	Schumm-Schumm	\N	\N	\N	\N	\N	ghfongqodm	orasiwdhip	rerum	185	185	185
\.


--
-- Data for Name: buyers; Type: TABLE DATA; Schema: public; Owner: postgres
--

COPY public.buyers (id, updated_at, created_at, start_date, end_date, name, tax_no, attribute1, attribute2, attribute3, attribute4, attribute5, created_by, updated_by) FROM stdin;
1	2022-10-30 19:21:20.750051	2022-10-30 19:21:20.750051	\N	\N	Meghan	39906100723	\N	\N	\N	\N	\N	14	14
2	2022-10-30 19:21:22.66015	2022-10-30 19:21:22.66015	\N	\N	Kenny	38250207174	\N	\N	\N	\N	\N	26	26
3	2022-10-30 19:21:22.886705	2022-10-30 19:21:22.886705	\N	\N	Hilton	87736891363	\N	\N	\N	\N	\N	11	11
4	2022-10-30 19:21:24.118547	2022-10-30 19:21:24.118547	\N	\N	Rick	94484739475	\N	\N	\N	\N	\N	13	13
5	2022-10-30 19:21:25.937376	2022-10-30 19:21:25.937376	\N	\N	Magdalen	75266947069	\N	\N	\N	\N	\N	57	57
6	2022-10-30 19:21:26.264007	2022-10-30 19:21:26.264007	\N	\N	Jamel	57203708053	\N	\N	\N	\N	\N	48	48
7	2022-10-30 19:21:26.380481	2022-10-30 19:21:26.380481	\N	\N	Shawn	71285288048	\N	\N	\N	\N	\N	12	12
8	2022-10-30 19:21:27.547253	2022-10-30 19:21:27.547253	\N	\N	Donnie	44069399985	\N	\N	\N	\N	\N	38	38
9	2022-10-30 19:21:27.691631	2022-10-30 19:21:27.691631	\N	\N	Madelyn	31892765360	\N	\N	\N	\N	\N	5	5
10	2022-10-30 19:21:29.642435	2022-10-30 19:21:29.642435	\N	\N	Marcos	11343266362	\N	\N	\N	\N	\N	75	75
11	2022-10-30 19:21:30.538468	2022-10-30 19:21:30.538468	\N	\N	Loma	11684172090	\N	\N	\N	\N	\N	78	78
12	2022-10-30 19:21:31.549035	2022-10-30 19:21:31.549035	\N	\N	Daren	56508077406	\N	\N	\N	\N	\N	54	54
13	2022-10-30 19:21:32.072086	2022-10-30 19:21:32.072086	\N	\N	Darius	80022002045	\N	\N	\N	\N	\N	78	78
14	2022-10-30 19:21:32.956236	2022-10-30 19:21:32.956236	\N	\N	Tremaine	67377791516	\N	\N	\N	\N	\N	114	114
15	2022-10-30 19:21:33.112364	2022-10-30 19:21:33.112364	\N	\N	Alec	51723036206	\N	\N	\N	\N	\N	107	107
16	2022-10-30 19:21:33.624134	2022-10-30 19:21:33.624134	\N	\N	Camden	22126592376	\N	\N	\N	\N	\N	5	5
17	2022-10-30 19:21:33.974786	2022-10-30 19:21:33.974786	\N	\N	Rafaela	47354236381	\N	\N	\N	\N	\N	7	7
18	2022-10-30 19:21:34.367538	2022-10-30 19:21:34.367538	\N	\N	Harmony	32947299977	\N	\N	\N	\N	\N	54	54
19	2022-10-30 19:21:35.171019	2022-10-30 19:21:35.171019	\N	\N	Bonnie	69275211557	\N	\N	\N	\N	\N	18	18
20	2022-10-30 19:21:35.458278	2022-10-30 19:21:35.458278	\N	\N	Berenice	17726535920	\N	\N	\N	\N	\N	75	75
21	2022-10-30 19:21:35.93887	2022-10-30 19:21:35.93887	\N	\N	Kian	43644692274	\N	\N	\N	\N	\N	51	51
22	2022-10-30 19:21:36.522017	2022-10-30 19:21:36.522017	\N	\N	Lester	49766771496	\N	\N	\N	\N	\N	68	68
23	2022-10-30 19:21:36.655669	2022-10-30 19:21:36.655669	\N	\N	Roberto	16966354511	\N	\N	\N	\N	\N	89	89
24	2022-10-30 19:21:36.786218	2022-10-30 19:21:36.786218	\N	\N	Madonna	29163587673	\N	\N	\N	\N	\N	2	2
25	2022-10-30 19:21:37.038811	2022-10-30 19:21:37.038811	\N	\N	Lia	54356248509	\N	\N	\N	\N	\N	111	111
26	2022-10-30 19:21:37.398138	2022-10-30 19:21:37.398138	\N	\N	Jessy	11876387843	\N	\N	\N	\N	\N	64	64
27	2022-10-30 19:21:37.520811	2022-10-30 19:21:37.520811	\N	\N	Jessie	42369099890	\N	\N	\N	\N	\N	89	89
28	2022-10-30 19:21:37.904056	2022-10-30 19:21:37.904056	\N	\N	Monroe	24022338995	\N	\N	\N	\N	\N	101	101
29	2022-10-30 19:21:39.108737	2022-10-30 19:21:39.108737	\N	\N	Jalyn	84834719312	\N	\N	\N	\N	\N	18	18
30	2022-10-30 19:21:39.379918	2022-10-30 19:21:39.379918	\N	\N	Kamren	54274669002	\N	\N	\N	\N	\N	141	141
31	2022-10-30 19:21:39.625823	2022-10-30 19:21:39.625823	\N	\N	Santina	36782168907	\N	\N	\N	\N	\N	48	48
33	2022-10-30 19:21:40.421505	2022-10-30 19:21:40.421505	\N	\N	Jamir	15137468421	\N	\N	\N	\N	\N	14	14
34	2022-10-30 19:21:41.020546	2022-10-30 19:21:41.020546	\N	\N	Kaitlin	65920669570	\N	\N	\N	\N	\N	2	2
35	2022-10-30 19:21:41.457794	2022-10-30 19:21:41.457794	\N	\N	Lilian	16294995682	\N	\N	\N	\N	\N	141	141
36	2022-10-30 19:21:41.861348	2022-10-30 19:21:41.861348	\N	\N	Dovie	84215238239	\N	\N	\N	\N	\N	69	69
37	2022-10-30 19:21:42.940831	2022-10-30 19:21:42.940831	\N	\N	Javon	94462736907	\N	\N	\N	\N	\N	49	49
38	2022-10-30 19:21:43.075624	2022-10-30 19:21:43.075624	\N	\N	Marquis	80937524491	\N	\N	\N	\N	\N	75	75
39	2022-10-30 19:21:43.939913	2022-10-30 19:21:43.939913	\N	\N	Raphael	17640963569	\N	\N	\N	\N	\N	111	111
40	2022-10-30 19:21:44.111	2022-10-30 19:21:44.111	\N	\N	Darlene	48707675690	\N	\N	\N	\N	\N	2	2
41	2022-10-30 19:21:44.356702	2022-10-30 19:21:44.356702	\N	\N	Hiram	58308830632	\N	\N	\N	\N	\N	99	99
42	2022-10-30 19:21:44.629486	2022-10-30 19:21:44.629486	\N	\N	Diamond	22173102382	\N	\N	\N	\N	\N	2	2
43	2022-10-30 19:21:44.902765	2022-10-30 19:21:44.902765	\N	\N	Adan	45281101702	\N	\N	\N	\N	\N	18	18
45	2022-10-30 19:21:46.921805	2022-10-30 19:21:46.921805	\N	\N	Destiny	82071171704	\N	\N	\N	\N	\N	49	49
46	2022-10-30 19:21:47.112946	2022-10-30 19:21:47.112946	\N	\N	Dortha	25198974606	\N	\N	\N	\N	\N	37	37
47	2022-10-30 19:21:47.28155	2022-10-30 19:21:47.28155	\N	\N	Annalise	76692044645	\N	\N	\N	\N	\N	37	37
48	2022-10-30 19:21:47.957962	2022-10-30 19:21:47.957962	\N	\N	Vicky	26963081411	\N	\N	\N	\N	\N	78	78
49	2022-10-30 19:21:48.0763	2022-10-30 19:21:48.0763	\N	\N	Coleman	68371069674	\N	\N	\N	\N	\N	48	48
50	2022-10-30 19:21:48.461752	2022-10-30 19:21:48.461752	\N	\N	Kendall	27626915181	\N	\N	\N	\N	\N	38	38
51	2022-10-30 19:21:49.196052	2022-10-30 19:21:49.196052	\N	\N	Wilford	87357619584	\N	\N	\N	\N	\N	181	181
52	2022-10-30 19:21:49.423063	2022-10-30 19:21:49.423063	\N	\N	Hilario	99006544264	\N	\N	\N	\N	\N	37	37
53	2022-10-30 19:21:50.41849	2022-10-30 19:21:50.41849	\N	\N	Terrill	44779727105	\N	\N	\N	\N	\N	121	121
54	2022-10-30 19:21:50.567146	2022-10-30 19:21:50.567146	\N	\N	Sharon	33488046041	\N	\N	\N	\N	\N	5	5
55	2022-10-30 19:21:51.020902	2022-10-30 19:21:51.020902	\N	\N	Mireille	89450345764	\N	\N	\N	\N	\N	181	181
56	2022-10-30 19:21:51.670907	2022-10-30 19:21:51.670907	\N	\N	Bessie	33502333990	\N	\N	\N	\N	\N	44	44
57	2022-10-30 19:21:51.911163	2022-10-30 19:21:51.911163	\N	\N	Reed	79962449614	\N	\N	\N	\N	\N	7	7
58	2022-10-30 19:21:52.176295	2022-10-30 19:21:52.176295	\N	\N	Owen	34953511952	\N	\N	\N	\N	\N	141	141
59	2022-10-30 19:21:52.637627	2022-10-30 19:21:52.637627	\N	\N	Cecile	13155602724	\N	\N	\N	\N	\N	5	5
60	2022-10-30 19:21:53.202119	2022-10-30 19:21:53.202119	\N	\N	Edison	63704455733	\N	\N	\N	\N	\N	62	62
61	2022-10-30 19:21:53.600809	2022-10-30 19:21:53.600809	\N	\N	Dejon	76144215898	\N	\N	\N	\N	\N	192	192
62	2022-10-30 19:21:54.236511	2022-10-30 19:21:54.236511	\N	\N	Cesar	14625438625	\N	\N	\N	\N	\N	6	6
63	2022-10-30 19:21:54.48763	2022-10-30 19:21:54.48763	\N	\N	Terrence	56970883484	\N	\N	\N	\N	\N	5	5
64	2022-10-30 19:21:55.036702	2022-10-30 19:21:55.036702	\N	\N	Damian	76531218632	\N	\N	\N	\N	\N	99	99
65	2022-10-30 19:21:55.720467	2022-10-30 19:21:55.720467	\N	\N	Grover	95147762186	\N	\N	\N	\N	\N	14	14
66	2022-10-30 19:21:55.851188	2022-10-30 19:21:55.851188	\N	\N	Maegan	81854852535	\N	\N	\N	\N	\N	111	111
67	2022-10-30 19:21:56.418443	2022-10-30 19:21:56.418443	\N	\N	Lourdes	93900401714	\N	\N	\N	\N	\N	75	75
68	2022-10-30 19:21:56.571436	2022-10-30 19:21:56.571436	\N	\N	Raleigh	80408761535	\N	\N	\N	\N	\N	49	49
69	2022-10-30 19:21:56.705159	2022-10-30 19:21:56.705159	\N	\N	Kevin	44767059690	\N	\N	\N	\N	\N	155	155
70	2022-10-30 19:21:57.829234	2022-10-30 19:21:57.829234	\N	\N	Vickie	36268202225	\N	\N	\N	\N	\N	72	72
71	2022-10-30 19:21:58.441089	2022-10-30 19:21:58.441089	\N	\N	Tamara	20261813150	\N	\N	\N	\N	\N	14	14
72	2022-10-30 19:21:58.814576	2022-10-30 19:21:58.814576	\N	\N	Cortez	43078504407	\N	\N	\N	\N	\N	171	171
73	2022-10-30 19:22:00.410012	2022-10-30 19:22:00.410012	\N	\N	Dillan	21244663832	\N	\N	\N	\N	\N	11	11
74	2022-10-30 19:22:00.810706	2022-10-30 19:22:00.810706	\N	\N	Wilbert	12917742362	\N	\N	\N	\N	\N	38	38
75	2022-10-30 19:22:00.972469	2022-10-30 19:22:00.972469	\N	\N	Gwendolyn	76295369166	\N	\N	\N	\N	\N	141	141
76	2022-10-30 19:22:01.593309	2022-10-30 19:22:01.593309	\N	\N	Maybelline	70035481583	\N	\N	\N	\N	\N	85	85
77	2022-10-30 19:22:01.729948	2022-10-30 19:22:01.729948	\N	\N	Selina	98657183348	\N	\N	\N	\N	\N	68	68
78	2022-10-30 19:22:01.897002	2022-10-30 19:22:01.897002	\N	\N	Tania	44068148212	\N	\N	\N	\N	\N	107	107
79	2022-10-30 19:22:02.295812	2022-10-30 19:22:02.295812	\N	\N	Adonis	32632248588	\N	\N	\N	\N	\N	6	6
80	2022-10-30 19:22:02.413978	2022-10-30 19:22:02.413978	\N	\N	Hudson	50186966488	\N	\N	\N	\N	\N	114	114
81	2022-10-30 19:22:02.783234	2022-10-30 19:22:02.783234	\N	\N	Ellen	44763027479	\N	\N	\N	\N	\N	89	89
82	2022-10-30 19:22:03.024263	2022-10-30 19:22:03.024263	\N	\N	Bradley	97408643818	\N	\N	\N	\N	\N	70	70
83	2022-10-30 19:22:03.633441	2022-10-30 19:22:03.633441	\N	\N	Orlo	49516677583	\N	\N	\N	\N	\N	26	26
84	2022-10-30 19:22:04.010852	2022-10-30 19:22:04.010852	\N	\N	Laney	35926966583	\N	\N	\N	\N	\N	81	81
85	2022-10-30 19:22:04.393253	2022-10-30 19:22:04.393253	\N	\N	Kaylah	40617187400	\N	\N	\N	\N	\N	57	57
86	2022-10-30 19:22:04.551628	2022-10-30 19:22:04.551628	\N	\N	Graciela	13282680350	\N	\N	\N	\N	\N	100	100
87	2022-10-30 19:22:05.382329	2022-10-30 19:22:05.382329	\N	\N	Paxton	50662828558	\N	\N	\N	\N	\N	157	157
88	2022-10-30 19:22:05.809925	2022-10-30 19:22:05.809925	\N	\N	Leo	14375273965	\N	\N	\N	\N	\N	157	157
89	2022-10-30 19:22:05.932487	2022-10-30 19:22:05.932487	\N	\N	Kristy	80927096716	\N	\N	\N	\N	\N	85	85
90	2022-10-30 19:22:06.16621	2022-10-30 19:22:06.16621	\N	\N	Zachariah	94478073180	\N	\N	\N	\N	\N	50	50
92	2022-10-30 19:22:07.256666	2022-10-30 19:22:07.256666	\N	\N	Will	91874807258	\N	\N	\N	\N	\N	54	54
93	2022-10-30 19:22:07.534597	2022-10-30 19:22:07.534597	\N	\N	Lexi	93720582390	\N	\N	\N	\N	\N	62	62
94	2022-10-30 19:22:07.827593	2022-10-30 19:22:07.827593	\N	\N	Alexandria	99270363267	\N	\N	\N	\N	\N	97	97
95	2022-10-30 19:22:08.632559	2022-10-30 19:22:08.632559	\N	\N	Lorenz	33336701090	\N	\N	\N	\N	\N	7	7
96	2022-10-30 19:22:08.797239	2022-10-30 19:22:08.797239	\N	\N	Brittany	13009414075	\N	\N	\N	\N	\N	18	18
97	2022-10-30 19:22:08.908496	2022-10-30 19:22:08.908496	\N	\N	Marisol	74136521769	\N	\N	\N	\N	\N	50	50
98	2022-10-30 19:22:09.434804	2022-10-30 19:22:09.434804	\N	\N	Christ	43372590363	\N	\N	\N	\N	\N	89	89
99	2022-10-30 19:22:09.783457	2022-10-30 19:22:09.783457	\N	\N	Dayne	18810334757	\N	\N	\N	\N	\N	7	7
100	2022-10-30 19:22:10.416042	2022-10-30 19:22:10.416042	\N	\N	Jarrell	99555554424	\N	\N	\N	\N	\N	48	48
102	2022-10-30 19:22:10.806432	2022-10-30 19:22:10.806432	\N	\N	Pierre	46585998081	\N	\N	\N	\N	\N	79	79
103	2022-10-30 19:22:11.066836	2022-10-30 19:22:11.066836	\N	\N	Odie	47099958205	\N	\N	\N	\N	\N	13	13
104	2022-10-30 19:22:11.226191	2022-10-30 19:22:11.226191	\N	\N	Cathy	36999605876	\N	\N	\N	\N	\N	2	2
105	2022-10-30 19:22:11.618943	2022-10-30 19:22:11.618943	\N	\N	Braulio	75358222388	\N	\N	\N	\N	\N	70	70
106	2022-10-30 19:22:12.016949	2022-10-30 19:22:12.016949	\N	\N	Kelley	83542851478	\N	\N	\N	\N	\N	78	78
107	2022-10-30 19:22:12.263007	2022-10-30 19:22:12.263007	\N	\N	Kaitlyn	41039097909	\N	\N	\N	\N	\N	18	18
108	2022-10-30 19:22:13.376532	2022-10-30 19:22:13.376532	\N	\N	Zachery	63746741919	\N	\N	\N	\N	\N	26	26
109	2022-10-30 19:22:14.01022	2022-10-30 19:22:14.01022	\N	\N	Joana	28700128957	\N	\N	\N	\N	\N	192	192
110	2022-10-30 19:22:14.140631	2022-10-30 19:22:14.140631	\N	\N	Rowland	90566669952	\N	\N	\N	\N	\N	137	137
111	2022-10-30 19:22:15.39042	2022-10-30 19:22:15.39042	\N	\N	Alexzander	64039215253	\N	\N	\N	\N	\N	155	155
112	2022-10-30 19:22:15.968904	2022-10-30 19:22:15.968904	\N	\N	Kyra	75080400087	\N	\N	\N	\N	\N	171	171
113	2022-10-30 19:22:16.595487	2022-10-30 19:22:16.595487	\N	\N	Norval	21153125462	\N	\N	\N	\N	\N	68	68
114	2022-10-30 19:22:16.86608	2022-10-30 19:22:16.86608	\N	\N	Arjun	31846314440	\N	\N	\N	\N	\N	155	155
115	2022-10-30 19:22:17.088741	2022-10-30 19:22:17.088741	\N	\N	Preston	37095381406	\N	\N	\N	\N	\N	75	75
116	2022-10-30 19:22:17.235802	2022-10-30 19:22:17.235802	\N	\N	Eldridge	35490999387	\N	\N	\N	\N	\N	112	112
117	2022-10-30 19:22:18.567284	2022-10-30 19:22:18.567284	\N	\N	Walton	52794060359	\N	\N	\N	\N	\N	54	54
118	2022-10-30 19:22:19.293672	2022-10-30 19:22:19.293672	\N	\N	Macey	42332498762	\N	\N	\N	\N	\N	13	13
119	2022-10-30 19:22:19.59924	2022-10-30 19:22:19.59924	\N	\N	Jarret	23581404651	\N	\N	\N	\N	\N	97	97
120	2022-10-30 19:22:20.284117	2022-10-30 19:22:20.284117	\N	\N	Kariane	64278427283	\N	\N	\N	\N	\N	7	7
121	2022-10-30 19:22:20.430767	2022-10-30 19:22:20.430767	\N	\N	Makenzie	72482081592	\N	\N	\N	\N	\N	7	7
122	2022-10-30 19:22:20.821954	2022-10-30 19:22:20.821954	\N	\N	Rory	69042062496	\N	\N	\N	\N	\N	79	79
123	2022-10-30 19:22:21.630232	2022-10-30 19:22:21.630232	\N	\N	Leopoldo	96853368515	\N	\N	\N	\N	\N	111	111
124	2022-10-30 19:22:21.78448	2022-10-30 19:22:21.78448	\N	\N	Rachelle	87973946684	\N	\N	\N	\N	\N	6	6
125	2022-10-30 19:22:22.131189	2022-10-30 19:22:22.131189	\N	\N	Wilfrid	61733883698	\N	\N	\N	\N	\N	112	112
127	2022-10-30 19:22:22.70252	2022-10-30 19:22:22.70252	\N	\N	Sophie	67635347477	\N	\N	\N	\N	\N	137	137
128	2022-10-30 19:22:22.825102	2022-10-30 19:22:22.825102	\N	\N	Neil	71401833802	\N	\N	\N	\N	\N	155	155
129	2022-10-30 19:22:23.181314	2022-10-30 19:22:23.181314	\N	\N	Geovanny	80094757012	\N	\N	\N	\N	\N	37	37
130	2022-10-30 19:22:25.283255	2022-10-30 19:22:25.283255	\N	\N	Amaya	26548194044	\N	\N	\N	\N	\N	72	72
132	2022-10-30 19:22:26.15377	2022-10-30 19:22:26.15377	\N	\N	Emory	31894685648	\N	\N	\N	\N	\N	38	38
133	2022-10-30 19:22:26.317334	2022-10-30 19:22:26.317334	\N	\N	Lonzo	93839978109	\N	\N	\N	\N	\N	194	194
134	2022-10-30 19:22:27.618736	2022-10-30 19:22:27.618736	\N	\N	Jordon	81004277622	\N	\N	\N	\N	\N	111	111
135	2022-10-30 19:22:27.769995	2022-10-30 19:22:27.769995	\N	\N	Connor	43052952634	\N	\N	\N	\N	\N	181	181
136	2022-10-30 19:22:28.160603	2022-10-30 19:22:28.160603	\N	\N	Yasmin	92343834683	\N	\N	\N	\N	\N	11	11
138	2022-10-30 19:22:29.115161	2022-10-30 19:22:29.115161	\N	\N	Lila	97936277598	\N	\N	\N	\N	\N	164	164
139	2022-10-30 19:22:29.467088	2022-10-30 19:22:29.467088	\N	\N	Laverne	99518659292	\N	\N	\N	\N	\N	141	141
140	2022-10-30 19:22:29.735585	2022-10-30 19:22:29.735585	\N	\N	Waino	99324595400	\N	\N	\N	\N	\N	89	89
141	2022-10-30 19:22:30.100186	2022-10-30 19:22:30.100186	\N	\N	Irma	22386282851	\N	\N	\N	\N	\N	5	5
142	2022-10-30 19:22:30.629662	2022-10-30 19:22:30.629662	\N	\N	Ramona	89061586536	\N	\N	\N	\N	\N	72	72
143	2022-10-30 19:22:30.770385	2022-10-30 19:22:30.770385	\N	\N	Yadira	14973420062	\N	\N	\N	\N	\N	111	111
144	2022-10-30 19:22:30.945252	2022-10-30 19:22:30.945252	\N	\N	Chris	56711438427	\N	\N	\N	\N	\N	7	7
145	2022-10-30 19:22:31.205403	2022-10-30 19:22:31.205403	\N	\N	Meagan	82120636495	\N	\N	\N	\N	\N	97	97
147	2022-10-30 19:22:31.963574	2022-10-30 19:22:31.963574	\N	\N	Melissa	17571805027	\N	\N	\N	\N	\N	137	137
148	2022-10-30 19:22:32.081601	2022-10-30 19:22:32.081601	\N	\N	Kathryne	72364195928	\N	\N	\N	\N	\N	111	111
149	2022-10-30 19:22:32.33718	2022-10-30 19:22:32.33718	\N	\N	Beau	19763940341	\N	\N	\N	\N	\N	44	44
150	2022-10-30 19:22:32.771858	2022-10-30 19:22:32.771858	\N	\N	Afton	84523177085	\N	\N	\N	\N	\N	112	112
151	2022-10-30 19:22:33.747688	2022-10-30 19:22:33.747688	\N	\N	Verlie	74248153842	\N	\N	\N	\N	\N	89	89
152	2022-10-30 19:22:34.085694	2022-10-30 19:22:34.085694	\N	\N	Sally	53022841506	\N	\N	\N	\N	\N	104	104
153	2022-10-30 19:22:34.577375	2022-10-30 19:22:34.577375	\N	\N	Nicolette	42244842443	\N	\N	\N	\N	\N	69	69
154	2022-10-30 19:22:34.686391	2022-10-30 19:22:34.686391	\N	\N	Jada	52187429258	\N	\N	\N	\N	\N	64	64
155	2022-10-30 19:22:34.850348	2022-10-30 19:22:34.850348	\N	\N	Johnny	42928991796	\N	\N	\N	\N	\N	121	121
156	2022-10-30 19:22:35.837368	2022-10-30 19:22:35.837368	\N	\N	Uriah	32124566667	\N	\N	\N	\N	\N	37	37
157	2022-10-30 19:22:36.08711	2022-10-30 19:22:36.08711	\N	\N	Ole	42985077177	\N	\N	\N	\N	\N	104	104
158	2022-10-30 19:22:36.434551	2022-10-30 19:22:36.434551	\N	\N	Imani	16342028212	\N	\N	\N	\N	\N	50	50
159	2022-10-30 19:22:36.971957	2022-10-30 19:22:36.971957	\N	\N	Angela	71852034329	\N	\N	\N	\N	\N	11	11
160	2022-10-30 19:22:37.248361	2022-10-30 19:22:37.248361	\N	\N	Buddy	87626269365	\N	\N	\N	\N	\N	121	121
162	2022-10-30 19:22:37.982737	2022-10-30 19:22:37.982737	\N	\N	Dorothy	96724301064	\N	\N	\N	\N	\N	23	23
163	2022-10-30 19:22:38.239344	2022-10-30 19:22:38.239344	\N	\N	Antwon	95756222863	\N	\N	\N	\N	\N	111	111
164	2022-10-30 19:22:38.832517	2022-10-30 19:22:38.832517	\N	\N	Maybell	78808144418	\N	\N	\N	\N	\N	68	68
165	2022-10-30 19:22:39.305895	2022-10-30 19:22:39.305895	\N	\N	Heather	67594096175	\N	\N	\N	\N	\N	68	68
166	2022-10-30 19:22:39.569713	2022-10-30 19:22:39.569713	\N	\N	Jordane	99644709246	\N	\N	\N	\N	\N	57	57
167	2022-10-30 19:22:39.957212	2022-10-30 19:22:39.957212	\N	\N	Roosevelt	61025435192	\N	\N	\N	\N	\N	112	112
168	2022-10-30 19:22:40.665684	2022-10-30 19:22:40.665684	\N	\N	Vivien	70744013396	\N	\N	\N	\N	\N	75	75
170	2022-10-30 19:22:41.031162	2022-10-30 19:22:41.031162	\N	\N	Annie	62071858149	\N	\N	\N	\N	\N	85	85
172	2022-10-30 19:22:43.217295	2022-10-30 19:22:43.217295	\N	\N	Micah	16321509349	\N	\N	\N	\N	\N	49	49
173	2022-10-30 19:22:44.015956	2022-10-30 19:22:44.015956	\N	\N	Ima	94685183350	\N	\N	\N	\N	\N	38	38
174	2022-10-30 19:22:44.332397	2022-10-30 19:22:44.332397	\N	\N	Jayde	91354886663	\N	\N	\N	\N	\N	81	81
175	2022-10-30 19:22:45.223177	2022-10-30 19:22:45.223177	\N	\N	Shanny	65795086185	\N	\N	\N	\N	\N	107	107
176	2022-10-30 19:22:45.390498	2022-10-30 19:22:45.390498	\N	\N	Pascale	19319103190	\N	\N	\N	\N	\N	26	26
177	2022-10-30 19:22:45.510285	2022-10-30 19:22:45.510285	\N	\N	America	50099885325	\N	\N	\N	\N	\N	72	72
178	2022-10-30 19:22:45.624348	2022-10-30 19:22:45.624348	\N	\N	Jean	28905162790	\N	\N	\N	\N	\N	14	14
179	2022-10-30 19:22:45.746104	2022-10-30 19:22:45.746104	\N	\N	Stephany	91259985909	\N	\N	\N	\N	\N	150	150
180	2022-10-30 19:22:45.904933	2022-10-30 19:22:45.904933	\N	\N	Clovis	98864357175	\N	\N	\N	\N	\N	49	49
181	2022-10-30 19:22:46.435722	2022-10-30 19:22:46.435722	\N	\N	Baby	97997146654	\N	\N	\N	\N	\N	11	11
182	2022-10-30 19:22:47.697308	2022-10-30 19:22:47.697308	\N	\N	Garth	96164363014	\N	\N	\N	\N	\N	75	75
183	2022-10-30 19:22:47.8567	2022-10-30 19:22:47.8567	\N	\N	Caleigh	36445657365	\N	\N	\N	\N	\N	150	150
184	2022-10-30 19:22:48.120496	2022-10-30 19:22:48.120496	\N	\N	Myron	97048979263	\N	\N	\N	\N	\N	2	2
185	2022-10-30 19:22:48.992332	2022-10-30 19:22:48.992332	\N	\N	Greyson	61167548582	\N	\N	\N	\N	\N	48	48
186	2022-10-30 19:22:49.236642	2022-10-30 19:22:49.236642	\N	\N	Rickey	25137770195	\N	\N	\N	\N	\N	181	181
187	2022-10-30 19:22:49.366462	2022-10-30 19:22:49.366462	\N	\N	Tess	90694837144	\N	\N	\N	\N	\N	38	38
188	2022-10-30 19:22:49.517613	2022-10-30 19:22:49.517613	\N	\N	Araceli	88803598383	\N	\N	\N	\N	\N	5	5
190	2022-10-30 19:22:50.321522	2022-10-30 19:22:50.321522	\N	\N	Gideon	28126020584	\N	\N	\N	\N	\N	101	101
191	2022-10-30 19:22:50.471056	2022-10-30 19:22:50.471056	\N	\N	Earl	84093795876	\N	\N	\N	\N	\N	154	154
192	2022-10-30 19:22:51.118246	2022-10-30 19:22:51.118246	\N	\N	Alva	17943266789	\N	\N	\N	\N	\N	114	114
194	2022-10-30 19:22:51.588273	2022-10-30 19:22:51.588273	\N	\N	Florencio	40596408097	\N	\N	\N	\N	\N	141	141
195	2022-10-30 19:22:51.95519	2022-10-30 19:22:51.95519	\N	\N	Dangelo	13398927497	\N	\N	\N	\N	\N	54	54
196	2022-10-30 19:22:52.066981	2022-10-30 19:22:52.066981	\N	\N	Cedrick	16041436606	\N	\N	\N	\N	\N	11	11
197	2022-10-30 19:22:52.205905	2022-10-30 19:22:52.205905	\N	\N	Victoria	39647698413	\N	\N	\N	\N	\N	79	79
198	2022-10-30 19:22:52.46431	2022-10-30 19:22:52.46431	\N	\N	Marlon	16135087467	\N	\N	\N	\N	\N	78	78
199	2022-10-30 19:22:52.817395	2022-10-30 19:22:52.817395	\N	\N	Trever	74368439365	\N	\N	\N	\N	\N	164	164
200	2022-10-30 19:22:53.328891	2022-10-30 19:22:53.328891	\N	\N	Kavon	43513028360	\N	\N	\N	\N	\N	157	157
201	2022-10-30 19:22:53.461122	2022-10-30 19:22:53.461122	\N	\N	Kendra	66653699708	\N	\N	\N	\N	\N	155	155
202	2022-10-30 19:22:53.999525	2022-10-30 19:22:53.999525	\N	\N	Adeline	56388318473	\N	\N	\N	\N	\N	99	99
203	2022-10-30 19:22:54.402376	2022-10-30 19:22:54.402376	\N	\N	Ursula	87970016332	\N	\N	\N	\N	\N	11	11
204	2022-10-30 19:22:54.902672	2022-10-30 19:22:54.902672	\N	\N	Lysanne	83328129649	\N	\N	\N	\N	\N	107	107
205	2022-10-30 19:22:56.026805	2022-10-30 19:22:56.026805	\N	\N	Margret	20787023717	\N	\N	\N	\N	\N	54	54
206	2022-10-30 19:22:56.409469	2022-10-30 19:22:56.409469	\N	\N	Jessyca	78083909886	\N	\N	\N	\N	\N	109	109
207	2022-10-30 19:22:58.705162	2022-10-30 19:22:58.705162	\N	\N	Izaiah	59005211058	\N	\N	\N	\N	\N	11	11
208	2022-10-30 19:22:58.955346	2022-10-30 19:22:58.955346	\N	\N	Halle	65512030162	\N	\N	\N	\N	\N	171	171
209	2022-10-30 19:22:59.22237	2022-10-30 19:22:59.22237	\N	\N	Cecilia	85618927779	\N	\N	\N	\N	\N	88	88
210	2022-10-30 19:22:59.510531	2022-10-30 19:22:59.510531	\N	\N	Myrl	20637808104	\N	\N	\N	\N	\N	44	44
211	2022-10-30 19:23:00.295448	2022-10-30 19:23:00.295448	\N	\N	Camryn	35717199954	\N	\N	\N	\N	\N	68	68
212	2022-10-30 19:23:00.551189	2022-10-30 19:23:00.551189	\N	\N	Vergie	40711021979	\N	\N	\N	\N	\N	185	185
213	2022-10-30 19:23:02.9298	2022-10-30 19:23:02.9298	\N	\N	Dewayne	30138058350	\N	\N	\N	\N	\N	162	162
214	2022-10-30 19:23:03.285299	2022-10-30 19:23:03.285299	\N	\N	Dale	16969772309	\N	\N	\N	\N	\N	14	14
215	2022-10-30 19:23:03.401649	2022-10-30 19:23:03.401649	\N	\N	Sedrick	11336045370	\N	\N	\N	\N	\N	171	171
217	2022-10-30 19:23:04.595486	2022-10-30 19:23:04.595486	\N	\N	Elza	92355022852	\N	\N	\N	\N	\N	6	6
218	2022-10-30 19:23:04.716611	2022-10-30 19:23:04.716611	\N	\N	Gia	86955985521	\N	\N	\N	\N	\N	141	141
219	2022-10-30 19:23:04.876713	2022-10-30 19:23:04.876713	\N	\N	Mekhi	37555883266	\N	\N	\N	\N	\N	57	57
220	2022-10-30 19:23:05.502433	2022-10-30 19:23:05.502433	\N	\N	Flo	47319838092	\N	\N	\N	\N	\N	11	11
221	2022-10-30 19:23:05.777793	2022-10-30 19:23:05.777793	\N	\N	Rogers	57041194393	\N	\N	\N	\N	\N	13	13
224	2022-10-30 19:23:07.569325	2022-10-30 19:23:07.569325	\N	\N	Bradly	32493646151	\N	\N	\N	\N	\N	164	164
225	2022-10-30 19:23:07.853802	2022-10-30 19:23:07.853802	\N	\N	Henriette	20720475572	\N	\N	\N	\N	\N	50	50
226	2022-10-30 19:23:08.012373	2022-10-30 19:23:08.012373	\N	\N	Genevieve	70036694199	\N	\N	\N	\N	\N	54	54
227	2022-10-30 19:23:08.214645	2022-10-30 19:23:08.214645	\N	\N	Jess	95267950058	\N	\N	\N	\N	\N	78	78
228	2022-10-30 19:23:08.343251	2022-10-30 19:23:08.343251	\N	\N	Kailee	23545951149	\N	\N	\N	\N	\N	137	137
229	2022-10-30 19:23:08.941867	2022-10-30 19:23:08.941867	\N	\N	Stacy	29569135872	\N	\N	\N	\N	\N	192	192
230	2022-10-30 19:23:09.091796	2022-10-30 19:23:09.091796	\N	\N	Pete	95943873803	\N	\N	\N	\N	\N	68	68
231	2022-10-30 19:23:10.340548	2022-10-30 19:23:10.340548	\N	\N	Alice	30625846750	\N	\N	\N	\N	\N	97	97
232	2022-10-30 19:23:10.459811	2022-10-30 19:23:10.459811	\N	\N	Abraham	85435376983	\N	\N	\N	\N	\N	69	69
233	2022-10-30 19:23:10.567376	2022-10-30 19:23:10.567376	\N	\N	Raina	34696849261	\N	\N	\N	\N	\N	114	114
234	2022-10-30 19:23:11.271358	2022-10-30 19:23:11.271358	\N	\N	Roderick	38869479381	\N	\N	\N	\N	\N	44	44
235	2022-10-30 19:23:11.529796	2022-10-30 19:23:11.529796	\N	\N	Gabrielle	96521805421	\N	\N	\N	\N	\N	44	44
236	2022-10-30 19:23:11.883276	2022-10-30 19:23:11.883276	\N	\N	Abdiel	23953698716	\N	\N	\N	\N	\N	44	44
237	2022-10-30 19:23:11.99964	2022-10-30 19:23:11.99964	\N	\N	Victor	42067947071	\N	\N	\N	\N	\N	78	78
239	2022-10-30 19:23:13.313711	2022-10-30 19:23:13.313711	\N	\N	Kitty	63390738209	\N	\N	\N	\N	\N	89	89
240	2022-10-30 19:23:13.432631	2022-10-30 19:23:13.432631	\N	\N	Edythe	28842354311	\N	\N	\N	\N	\N	162	162
241	2022-10-30 19:23:14.007617	2022-10-30 19:23:14.007617	\N	\N	Juwan	39587987184	\N	\N	\N	\N	\N	112	112
242	2022-10-30 19:23:14.37744	2022-10-30 19:23:14.37744	\N	\N	Garry	33406512321	\N	\N	\N	\N	\N	81	81
244	2022-10-30 19:23:15.100734	2022-10-30 19:23:15.100734	\N	\N	Julien	91437036271	\N	\N	\N	\N	\N	12	12
245	2022-10-30 19:23:15.218659	2022-10-30 19:23:15.218659	\N	\N	Arch	52719523690	\N	\N	\N	\N	\N	181	181
247	2022-10-30 19:23:16.334113	2022-10-30 19:23:16.334113	\N	\N	Lauren	13453655144	\N	\N	\N	\N	\N	75	75
248	2022-10-30 19:23:16.474501	2022-10-30 19:23:16.474501	\N	\N	Emilie	12009394416	\N	\N	\N	\N	\N	162	162
249	2022-10-30 19:23:16.823203	2022-10-30 19:23:16.823203	\N	\N	River	29022065542	\N	\N	\N	\N	\N	85	85
250	2022-10-30 19:23:17.039537	2022-10-30 19:23:17.039537	\N	\N	Tad	83912865453	\N	\N	\N	\N	\N	44	44
251	2022-10-30 19:23:17.859267	2022-10-30 19:23:17.859267	\N	\N	Elta	59232664758	\N	\N	\N	\N	\N	12	12
253	2022-10-30 19:23:19.058396	2022-10-30 19:23:19.058396	\N	\N	Lon	20178459775	\N	\N	\N	\N	\N	185	185
254	2022-10-30 19:23:19.203008	2022-10-30 19:23:19.203008	\N	\N	Willow	73860151202	\N	\N	\N	\N	\N	54	54
255	2022-10-30 19:23:19.311243	2022-10-30 19:23:19.311243	\N	\N	Omer	15379135427	\N	\N	\N	\N	\N	194	194
256	2022-10-30 19:23:19.41279	2022-10-30 19:23:19.41279	\N	\N	Linnea	47614526648	\N	\N	\N	\N	\N	97	97
257	2022-10-30 19:23:19.531703	2022-10-30 19:23:19.531703	\N	\N	Kellen	80322110949	\N	\N	\N	\N	\N	141	141
258	2022-10-30 19:23:19.682988	2022-10-30 19:23:19.682988	\N	\N	Lavonne	55353762435	\N	\N	\N	\N	\N	12	12
259	2022-10-30 19:23:20.159786	2022-10-30 19:23:20.159786	\N	\N	Cleve	70444860146	\N	\N	\N	\N	\N	121	121
260	2022-10-30 19:23:20.371963	2022-10-30 19:23:20.371963	\N	\N	Chaya	55370469147	\N	\N	\N	\N	\N	171	171
\.


--
-- Data for Name: dealer_route_users; Type: TABLE DATA; Schema: public; Owner: postgres
--

COPY public.dealer_route_users (id, updated_at, created_at, start_date, end_date, description, vsdbs_id, created_by, updated_by, vdsbs_id, user_id) FROM stdin;
\.


--
-- Data for Name: dealer_sites; Type: TABLE DATA; Schema: public; Owner: postgres
--

COPY public.dealer_sites (id, updated_at, created_at, start_date, end_date, name, attribute1, attribute2, attribute3, attribute4, attribute5, external_v_code, external_ds_code, dealer_id, created_by, updated_by) FROM stdin;
10	2022-10-30 19:21:33.994913	2022-10-30 19:21:33.994913	\N	\N	Ms. Shanon Cronin	\N	\N	\N	\N	\N	zmijeeetgd	zzpybhkzwl	7	7	7
12	2022-10-30 19:21:35.18628	2022-10-30 19:21:35.18628	\N	\N	Aric Reynolds	\N	\N	\N	\N	\N	dwziovpoec	jrbigrnpsa	18	18	18
15	2022-10-30 19:21:36.802268	2022-10-30 19:21:36.802268	\N	\N	Andreane Okuneva DDS	\N	\N	\N	\N	\N	sujxwrjzcb	gfodwlhegg	2	2	2
21	2022-10-30 19:21:41.036671	2022-10-30 19:21:41.036671	\N	\N	Mr. Tremaine Pacocha	\N	\N	\N	\N	\N	uoffvfgjaf	nyztcolsfy	2	2	2
27	2022-10-30 19:21:44.128916	2022-10-30 19:21:44.128916	\N	\N	Vita Predovic DVM	\N	\N	\N	\N	\N	rxamfdtiyk	qnhsjctiqx	2	2	2
29	2022-10-30 19:21:44.646626	2022-10-30 19:21:44.646626	\N	\N	Dedric Jacobi	\N	\N	\N	\N	\N	qmxwzgzswv	mzgzoquoqz	2	2	2
30	2022-10-30 19:21:44.919854	2022-10-30 19:21:44.919854	\N	\N	Jamison Kemmer	\N	\N	\N	\N	\N	dtvypxnpub	wyjenawitm	18	18	18
31	2022-10-30 19:21:46.966866	2022-10-30 19:21:46.966866	\N	\N	Jesse Nitzsche	\N	\N	\N	\N	\N	stlxictyho	mcxedjikjs	49	49	49
32	2022-10-30 19:21:47.129285	2022-10-30 19:21:47.129285	\N	\N	Ms. Pearl Schuppe Jr.	\N	\N	\N	\N	\N	zoyqugwhje	xjkmjqqdzp	37	37	37
33	2022-10-30 19:21:47.301408	2022-10-30 19:21:47.301408	\N	\N	Effie Bergstrom	\N	\N	\N	\N	\N	lkmxzydmcy	hpdwapdfgv	37	37	37
35	2022-10-30 19:21:48.478514	2022-10-30 19:21:48.478514	\N	\N	Ms. Marcelle Volkman	\N	\N	\N	\N	\N	ecvckrfevs	vywahifwru	38	38	38
36	2022-10-30 19:21:49.440424	2022-10-30 19:21:49.440424	\N	\N	Domingo McLaughlin	\N	\N	\N	\N	\N	wllqghtbjb	awaervytap	37	37	37
44	2022-10-30 19:21:56.436579	2022-10-30 19:21:56.436579	\N	\N	Mr. Cullen Greenfelder Sr.	\N	\N	\N	\N	\N	zmtvemdgsz	hsnqmrrfit	75	75	75
45	2022-10-30 19:21:56.586478	2022-10-30 19:21:56.586478	\N	\N	Milan Ebert	\N	\N	\N	\N	\N	oadxqkxlyc	pgowrdhacs	49	49	49
47	2022-10-30 19:22:00.422453	2022-10-30 19:22:00.422453	\N	\N	Oswaldo Dickens	\N	\N	\N	\N	\N	jwuvvaypyo	xgpiycgabg	11	11	11
53	2022-10-30 19:22:03.04327	2022-10-30 19:22:03.04327	\N	\N	Felton Kertzmann	\N	\N	\N	\N	\N	wvgtvpbodq	dbffsmmtpc	70	70	70
56	2022-10-30 19:22:06.185071	2022-10-30 19:22:06.185071	\N	\N	Neha Larkin	\N	\N	\N	\N	\N	bchkcthyfp	ggvtosjodg	50	50	50
58	2022-10-30 19:22:07.560994	2022-10-30 19:22:07.560994	\N	\N	Ms. Gudrun Koelpin	\N	\N	\N	\N	\N	ghfongqodm	vucbprlyac	62	62	62
59	2022-10-30 19:22:08.649175	2022-10-30 19:22:08.649175	\N	\N	Elda DuBuque	\N	\N	\N	\N	\N	bjjaeebvro	icypwmxkrk	7	7	7
61	2022-10-30 19:22:09.801939	2022-10-30 19:22:09.801939	\N	\N	Barry Hills I	\N	\N	\N	\N	\N	orpqwcsiqg	ndyondhwup	7	7	7
62	2022-10-30 19:22:10.433634	2022-10-30 19:22:10.433634	\N	\N	Giovanna Schinner Sr.	\N	\N	\N	\N	\N	qkshrsgcym	ieomxgvvlr	48	48	48
65	2022-10-30 19:22:11.636475	2022-10-30 19:22:11.636475	\N	\N	Soledad Rutherford	\N	\N	\N	\N	\N	oshwgeljou	jomntmarvx	70	70	70
66	2022-10-30 19:22:12.2772	2022-10-30 19:22:12.2772	\N	\N	Ms. Angelita Turner	\N	\N	\N	\N	\N	zaadksxayj	kekzamzotj	18	18	18
69	2022-10-30 19:22:16.609075	2022-10-30 19:22:16.609075	\N	\N	David Block	\N	\N	\N	\N	\N	yiowdnirhx	fobkwzznsa	68	68	68
70	2022-10-30 19:22:17.104441	2022-10-30 19:22:17.104441	\N	\N	Mr. Raphael Haley	\N	\N	\N	\N	\N	sgvqafllrb	xbzchspmqt	75	75	75
38	2022-10-30 19:21:51.928149	2022-10-30 19:21:51.928149	\N	\N	Ms. Magali Green	\N	\N	\N	\N	\N	nhkflvsvzm	hguvozryla	7	7	7
50	2022-10-30 19:22:01.763477	2022-10-30 19:22:01.763477	\N	\N	Emery Blanda	\N	\N	\N	\N	\N	xjmouwxlda	gobwfcnysl	68	68	68
54	2022-10-30 19:22:04.02706	2022-10-30 19:22:04.02706	\N	\N	Wilhelmine Leuschke II	\N	\N	\N	\N	\N	rxamfdtiyk	pwbohofqgj	81	81	81
48	2022-10-30 19:22:00.823705	2022-10-30 19:22:00.823705	\N	\N	Gudrun Stark PhD	\N	\N	\N	\N	\N	sutnmzrlxe	emsqvhzjsa	38	38	38
63	2022-10-30 19:22:11.084976	2022-10-30 19:22:11.084976	\N	\N	Meta Marvin	\N	\N	\N	\N	\N	szrfzgcwjz	gcitzidxpw	13	13	13
55	2022-10-30 19:22:04.413835	2022-10-30 19:22:04.413835	\N	\N	Chaya Schowalter	\N	\N	\N	\N	\N	vsofojamqz	nwwyrziqit	57	57	57
34	2022-10-30 19:21:48.089917	2022-10-30 19:21:48.089917	\N	\N	Olin Wintheiser	\N	\N	\N	\N	\N	ipgmlzpzgq	jvuujdgagp	48	48	48
40	2022-10-30 19:21:53.221875	2022-10-30 19:21:53.221875	\N	\N	Mathew Harber I	\N	\N	\N	\N	\N	bcaqepjvyo	mfvcvdavyd	62	62	62
64	2022-10-30 19:22:11.248494	2022-10-30 19:22:11.248494	\N	\N	Greta Goldner	\N	\N	\N	\N	\N	syjznjlnxz	qfhsjoebgy	2	2	2
71	2022-10-30 19:22:18.582865	2022-10-30 19:22:18.582865	\N	\N	Terrell Rogahn	\N	\N	\N	\N	\N	ecvckrfevs	xtqzbjzlry	54	54	54
57	2022-10-30 19:22:07.271364	2022-10-30 19:22:07.271364	\N	\N	Cyrus King Sr.	\N	\N	\N	\N	\N	qmxwzgzswv	bnpligrcbt	54	54	54
60	2022-10-30 19:22:08.928636	2022-10-30 19:22:08.928636	\N	\N	Darlene Wolf	\N	\N	\N	\N	\N	oqiuobchsj	hvsxxlhgtk	50	50	50
72	2022-10-30 19:22:19.312643	2022-10-30 19:22:19.312643	\N	\N	Mr. Frank Grady	\N	\N	\N	\N	\N	zredsarqkq	akamglkmzc	13	13	13
73	2022-10-30 19:22:20.298516	2022-10-30 19:22:20.298516	\N	\N	Mr. Dee Stehr Sr.	\N	\N	\N	\N	\N	ksmuqknvcy	fevycgrpbg	7	7	7
74	2022-10-30 19:22:20.446105	2022-10-30 19:22:20.446105	\N	\N	Kayley Huel IV	\N	\N	\N	\N	\N	borgaaqifk	hrhgyrgokv	7	7	7
76	2022-10-30 19:22:23.20972	2022-10-30 19:22:23.20972	\N	\N	Samantha Harris	\N	\N	\N	\N	\N	huawzehutm	nejegsempa	37	37	37
77	2022-10-30 19:22:26.168627	2022-10-30 19:22:26.168627	\N	\N	Trever Rau	\N	\N	\N	\N	\N	lnadqccsrb	rldkklwyqp	38	38	38
79	2022-10-30 19:22:27.636124	2022-10-30 19:22:27.636124	\N	\N	Ila Tillman DDS	\N	\N	\N	\N	\N	lioczabvra	xxldvhedue	111	111	111
80	2022-10-30 19:22:28.183242	2022-10-30 19:22:28.183242	\N	\N	Alf Rempel	\N	\N	\N	\N	\N	ucfowzyqjs	vbtdnjfjmc	11	11	11
83	2022-10-30 19:22:30.959283	2022-10-30 19:22:30.959283	\N	\N	Brooks Rohan	\N	\N	\N	\N	\N	kreqzwrvel	ysvjxhvbwa	7	7	7
84	2022-10-30 19:22:32.095594	2022-10-30 19:22:32.095594	\N	\N	Mr. Kyleigh Hoppe	\N	\N	\N	\N	\N	qlynitrtil	tiwnthgeqb	111	111	111
85	2022-10-30 19:22:34.702871	2022-10-30 19:22:34.702871	\N	\N	Mr. Wade Sawayn PhD	\N	\N	\N	\N	\N	eawtmglhdr	rwyiyqcous	64	64	64
86	2022-10-30 19:22:34.866936	2022-10-30 19:22:34.866936	\N	\N	Maxine Braun	\N	\N	\N	\N	\N	gaihmbeevo	ogqpcnfxub	121	121	121
87	2022-10-30 19:22:35.853135	2022-10-30 19:22:35.853135	\N	\N	Anya Heller	\N	\N	\N	\N	\N	nzsdfzlame	icjzgkebvi	37	37	37
89	2022-10-30 19:22:36.991311	2022-10-30 19:22:36.991311	\N	\N	Isabelle Metz III	\N	\N	\N	\N	\N	jamomvvhob	sviunkeylf	11	11	11
90	2022-10-30 19:22:37.264654	2022-10-30 19:22:37.264654	\N	\N	Mr. Federico Terry	\N	\N	\N	\N	\N	fgoksaaupv	gwvcmzdgfn	121	121	121
91	2022-10-30 19:22:37.998424	2022-10-30 19:22:37.998424	\N	\N	Demarco Champlin	\N	\N	\N	\N	\N	zhlfikqxxg	srcumtqdbj	23	23	23
92	2022-10-30 19:22:38.257558	2022-10-30 19:22:38.257558	\N	\N	Mr. Marc Goldner I	\N	\N	\N	\N	\N	tfnljedgjp	asresipdbp	111	111	111
94	2022-10-30 19:22:39.319625	2022-10-30 19:22:39.319625	\N	\N	Tyler Cartwright	\N	\N	\N	\N	\N	hsjwdmexzm	ztwouvohsw	68	68	68
96	2022-10-30 19:22:40.680399	2022-10-30 19:22:40.680399	\N	\N	Brandyn Hoeger Sr.	\N	\N	\N	\N	\N	uppshxcziv	netxjzaspv	75	75	75
97	2022-10-30 19:22:43.233714	2022-10-30 19:22:43.233714	\N	\N	Gust Rempel	\N	\N	\N	\N	\N	gejzvtsmgu	stugbxhmbe	49	49	49
98	2022-10-30 19:22:44.033562	2022-10-30 19:22:44.033562	\N	\N	Julius Koelpin	\N	\N	\N	\N	\N	fiynelvsjj	nynveclvnh	38	38	38
100	2022-10-30 19:22:45.23829	2022-10-30 19:22:45.23829	\N	\N	Ms. Leonie Ryan III	\N	\N	\N	\N	\N	lcznmgqmmo	xwuhzlzjim	107	107	107
101	2022-10-30 19:22:45.76727	2022-10-30 19:22:45.76727	\N	\N	Stone Ortiz	\N	\N	\N	\N	\N	gluebsiama	lcvmbrdrlp	150	150	150
102	2022-10-30 19:22:45.920221	2022-10-30 19:22:45.920221	\N	\N	Jaylen Muller	\N	\N	\N	\N	\N	kmjpanvdrw	prfqvhtoay	49	49	49
103	2022-10-30 19:22:46.450621	2022-10-30 19:22:46.450621	\N	\N	Bernie Leannon	\N	\N	\N	\N	\N	xtzehjmsrd	weamuwnenf	11	11	11
104	2022-10-30 19:22:47.714929	2022-10-30 19:22:47.714929	\N	\N	Ms. Claudine Quitzon	\N	\N	\N	\N	\N	ubjfgrnueh	loazsxgoza	75	75	75
109	2022-10-30 19:22:50.489727	2022-10-30 19:22:50.489727	\N	\N	Demetrius Stamm V	\N	\N	\N	\N	\N	krlqnvqkgc	zxiaveuagq	154	154	154
110	2022-10-30 19:22:51.134058	2022-10-30 19:22:51.134058	\N	\N	Carmel Bogan	\N	\N	\N	\N	\N	pzvdkhceta	lzlexpsrfd	114	114	114
111	2022-10-30 19:22:51.606363	2022-10-30 19:22:51.606363	\N	\N	Barrett Moen	\N	\N	\N	\N	\N	xrwkeirnjo	bzaljyaziz	141	141	141
112	2022-10-30 19:22:52.081116	2022-10-30 19:22:52.081116	\N	\N	Deborah Ratke	\N	\N	\N	\N	\N	nllgzztnka	jpohpxvgao	11	11	11
113	2022-10-30 19:22:54.014813	2022-10-30 19:22:54.014813	\N	\N	Rachel Crooks	\N	\N	\N	\N	\N	cclzxqnytt	uxjkuwmnpg	99	99	99
116	2022-10-30 19:22:56.042204	2022-10-30 19:22:56.042204	\N	\N	Travis Bednar DDS	\N	\N	\N	\N	\N	jlncvdpvdq	syspkpzbqn	54	54	54
117	2022-10-30 19:22:58.719008	2022-10-30 19:22:58.719008	\N	\N	Barrett Schumm	\N	\N	\N	\N	\N	daagvhsggk	btpclmvcdr	11	11	11
118	2022-10-30 19:22:58.970544	2022-10-30 19:22:58.970544	\N	\N	Burley Wyman	\N	\N	\N	\N	\N	ubygaqegcw	uhumfsavdn	171	171	171
119	2022-10-30 19:22:59.245612	2022-10-30 19:22:59.245612	\N	\N	Mr. Abe Torphy	\N	\N	\N	\N	\N	vykkyvvxkm	xzjkvnklgh	88	88	88
120	2022-10-30 19:23:00.310631	2022-10-30 19:23:00.310631	\N	\N	Charlotte Connelly Sr.	\N	\N	\N	\N	\N	gqhqbsdpfx	xiozpuifvk	68	68	68
122	2022-10-30 19:23:03.417894	2022-10-30 19:23:03.417894	\N	\N	Cedrick Kub	\N	\N	\N	\N	\N	lgryaghxfz	olzjuhnjwf	171	171	171
123	2022-10-30 19:23:04.742324	2022-10-30 19:23:04.742324	\N	\N	Antoinette Waters	\N	\N	\N	\N	\N	agxmdhvecd	nddxuzzbfd	141	141	141
124	2022-10-30 19:23:04.892442	2022-10-30 19:23:04.892442	\N	\N	Lura Williamson	\N	\N	\N	\N	\N	hczoavwhrq	gnqrrkzniy	57	57	57
125	2022-10-30 19:23:05.51735	2022-10-30 19:23:05.51735	\N	\N	Reinhold Wunsch	\N	\N	\N	\N	\N	dkpbslegqa	hbmffibzcs	11	11	11
126	2022-10-30 19:23:05.796763	2022-10-30 19:23:05.796763	\N	\N	Ms. Lillie Hermiston III	\N	\N	\N	\N	\N	mhhpquumzh	hymejmkago	13	13	13
127	2022-10-30 19:23:07.870305	2022-10-30 19:23:07.870305	\N	\N	Emma Roberts	\N	\N	\N	\N	\N	nuyqirmbig	ilhqassagh	50	50	50
128	2022-10-30 19:23:08.028091	2022-10-30 19:23:08.028091	\N	\N	Leone Weber II	\N	\N	\N	\N	\N	azgpvtetfm	zjtkkpbkss	54	54	54
129	2022-10-30 19:23:08.955863	2022-10-30 19:23:08.955863	\N	\N	Rosalyn Eichmann PhD	\N	\N	\N	\N	\N	jfzgvthngl	ohcolsssnw	192	192	192
130	2022-10-30 19:23:09.105949	2022-10-30 19:23:09.105949	\N	\N	Dorothy Kuhn	\N	\N	\N	\N	\N	paqkcshxmf	ivtxhxqfnf	68	68	68
131	2022-10-30 19:23:10.585949	2022-10-30 19:23:10.585949	\N	\N	Ariane Romaguera	\N	\N	\N	\N	\N	jmuiimlqul	ffmchpxjww	114	114	114
132	2022-10-30 19:23:14.39209	2022-10-30 19:23:14.39209	\N	\N	Mr. Consuelo Marks	\N	\N	\N	\N	\N	agujsnwzpb	qsncxklrbk	81	81	81
133	2022-10-30 19:23:16.34675	2022-10-30 19:23:16.34675	\N	\N	Ms. Elvie Grimes V	\N	\N	\N	\N	\N	ysinqqotob	mjukfjgvut	75	75	75
134	2022-10-30 19:23:19.07588	2022-10-30 19:23:19.07588	\N	\N	Lizeth Paucek	\N	\N	\N	\N	\N	ynnreeynsh	oprlelovxv	185	185	185
135	2022-10-30 19:23:19.553323	2022-10-30 19:23:19.553323	\N	\N	Ms. Neoma Beahan DVM	\N	\N	\N	\N	\N	vapbwzbcsj	swfubiozxc	141	141	141
136	2022-10-30 19:23:20.174172	2022-10-30 19:23:20.174172	\N	\N	Mr. Braeden Cruickshank	\N	\N	\N	\N	\N	rdwxxyvljf	vzwqxgehkz	121	121	121
137	2022-10-30 19:23:20.385723	2022-10-30 19:23:20.385723	\N	\N	Mr. Boris Schneider	\N	\N	\N	\N	\N	kkfefkcvgr	qbndjvkgtm	171	171	171
18	2022-10-30 19:21:39.125107	2022-10-30 19:21:39.125107	\N	\N	Sylvan Ruecker	\N	\N	\N	\N	\N	gsmcfalvpx	qvsjjznwvu	18	18	18
82	2022-10-30 19:22:30.788458	2022-10-30 19:22:30.788458	\N	\N	Reuben Powlowski	\N	\N	\N	\N	\N	fdwopgsuje	hdpjmkehlk	111	111	111
75	2022-10-30 19:22:21.6456	2022-10-30 19:22:21.6456	\N	\N	Leo Keebler	\N	\N	\N	\N	\N	wllqghtbjb	tmnmuyiobe	111	111	111
93	2022-10-30 19:22:38.846515	2022-10-30 19:22:38.846515	\N	\N	Ramona Bradtke	\N	\N	\N	\N	\N	cgpjcdgxcc	jzbqqhpexj	68	68	68
81	2022-10-30 19:22:29.483543	2022-10-30 19:22:29.483543	\N	\N	Rowena Pacocha	\N	\N	\N	\N	\N	taspvycfmw	kbebogbymj	141	141	141
99	2022-10-30 19:22:44.352608	2022-10-30 19:22:44.352608	\N	\N	Gaylord Donnelly IV	\N	\N	\N	\N	\N	ewzvjlcyap	ykbkbgupcx	81	81	81
107	2022-10-30 19:22:49.005285	2022-10-30 19:22:49.005285	\N	\N	Parker Hirthe Jr.	\N	\N	\N	\N	\N	qwusyfskbo	djxvzzrkrd	48	48	48
105	2022-10-30 19:22:47.876726	2022-10-30 19:22:47.876726	\N	\N	Denis Schmeler DVM	\N	\N	\N	\N	\N	mylazndhlt	nxpwnykzza	150	150	150
115	2022-10-30 19:22:54.918006	2022-10-30 19:22:54.918006	\N	\N	Keara Olson	\N	\N	\N	\N	\N	xvzkcvtrpa	xxhzctdrav	107	107	107
88	2022-10-30 19:22:36.460692	2022-10-30 19:22:36.460692	\N	\N	Kellen Stiedemann	\N	\N	\N	\N	\N	uaktfqeirr	pwzqfwiqzf	50	50	50
95	2022-10-30 19:22:39.586211	2022-10-30 19:22:39.586211	\N	\N	Tomasa Jacobson PhD	\N	\N	\N	\N	\N	xwojxmfclr	bucrltcshj	57	57	57
114	2022-10-30 19:22:54.419409	2022-10-30 19:22:54.419409	\N	\N	Malcolm Schiller	\N	\N	\N	\N	\N	xluqytybcz	crmutnsffo	11	11	11
106	2022-10-30 19:22:48.136293	2022-10-30 19:22:48.136293	\N	\N	Donnell Turcotte	\N	\N	\N	\N	\N	wxmncodlzv	iadmmntecv	2	2	2
108	2022-10-30 19:22:49.38133	2022-10-30 19:22:49.38133	\N	\N	Mr. Consuelo Sipes	\N	\N	\N	\N	\N	hbjhektceu	wruavkdhlp	38	38	38
121	2022-10-30 19:23:00.569423	2022-10-30 19:23:00.569423	\N	\N	Shaina Leannon	\N	\N	\N	\N	\N	ghfongqodm	orasiwdhip	185	185	185
\.


--
-- Data for Name: dealers; Type: TABLE DATA; Schema: public; Owner: postgres
--

COPY public.dealers (id, updated_at, created_at, start_date, end_date, name, tax_no, attribute1, attribute2, attribute3, attribute4, attribute5, created_by, updated_by) FROM stdin;
1	2022-10-30 19:21:22.893185	2022-10-30 19:21:22.893185	\N	\N	Randi	96449576325	\N	\N	\N	\N	\N	11	11
2	2022-10-30 19:21:23.01815	2022-10-30 19:21:23.01815	\N	\N	Kaley	19148685510	\N	\N	\N	\N	\N	33	33
3	2022-10-30 19:21:24.124603	2022-10-30 19:21:24.124603	\N	\N	Ruby	40813775173	\N	\N	\N	\N	\N	13	13
4	2022-10-30 19:21:25.943838	2022-10-30 19:21:25.943838	\N	\N	Rosario	46376496793	\N	\N	\N	\N	\N	57	57
5	2022-10-30 19:21:26.271727	2022-10-30 19:21:26.271727	\N	\N	Coralie	49972319665	\N	\N	\N	\N	\N	48	48
6	2022-10-30 19:21:26.967819	2022-10-30 19:21:26.967819	\N	\N	Alf	13580978962	\N	\N	\N	\N	\N	33	33
7	2022-10-30 19:21:27.552398	2022-10-30 19:21:27.552398	\N	\N	Russ	54570857757	\N	\N	\N	\N	\N	38	38
8	2022-10-30 19:21:28.031332	2022-10-30 19:21:28.031332	\N	\N	Leif	54152453695	\N	\N	\N	\N	\N	1	1
9	2022-10-30 19:21:29.647805	2022-10-30 19:21:29.647805	\N	\N	Stone	30125158217	\N	\N	\N	\N	\N	75	75
10	2022-10-30 19:21:31.149974	2022-10-30 19:21:31.149974	\N	\N	Ella	79239996911	\N	\N	\N	\N	\N	31	31
11	2022-10-30 19:21:31.556591	2022-10-30 19:21:31.556591	\N	\N	Brando	65076097310	\N	\N	\N	\N	\N	54	54
12	2022-10-30 19:21:32.96307	2022-10-30 19:21:32.96307	\N	\N	Roslyn	87562941970	\N	\N	\N	\N	\N	114	114
13	2022-10-30 19:21:33.119627	2022-10-30 19:21:33.119627	\N	\N	Moriah	89838273015	\N	\N	\N	\N	\N	107	107
14	2022-10-30 19:21:33.857378	2022-10-30 19:21:33.857378	\N	\N	Bertha	56392380137	\N	\N	\N	\N	\N	123	123
15	2022-10-30 19:21:33.985138	2022-10-30 19:21:33.985138	\N	\N	Ford	60996102760	\N	\N	\N	\N	\N	7	7
16	2022-10-30 19:21:34.373472	2022-10-30 19:21:34.373472	\N	\N	Gerardo	12958160349	\N	\N	\N	\N	\N	54	54
17	2022-10-30 19:21:34.835439	2022-10-30 19:21:34.835439	\N	\N	Jan	99550627363	\N	\N	\N	\N	\N	30	30
18	2022-10-30 19:21:35.177743	2022-10-30 19:21:35.177743	\N	\N	Maria	87880637031	\N	\N	\N	\N	\N	18	18
19	2022-10-30 19:21:35.465463	2022-10-30 19:21:35.465463	\N	\N	Lionel	60536232606	\N	\N	\N	\N	\N	75	75
20	2022-10-30 19:21:36.056736	2022-10-30 19:21:36.056736	\N	\N	Karina	16243836547	\N	\N	\N	\N	\N	46	46
21	2022-10-30 19:21:36.404055	2022-10-30 19:21:36.404055	\N	\N	Clarabelle	99041898341	\N	\N	\N	\N	\N	127	127
22	2022-10-30 19:21:36.530339	2022-10-30 19:21:36.530339	\N	\N	Melany	83518695086	\N	\N	\N	\N	\N	68	68
23	2022-10-30 19:21:36.793689	2022-10-30 19:21:36.793689	\N	\N	Christine	99332812163	\N	\N	\N	\N	\N	2	2
24	2022-10-30 19:21:37.047075	2022-10-30 19:21:37.047075	\N	\N	Lilla	25933760290	\N	\N	\N	\N	\N	111	111
25	2022-10-30 19:21:37.174219	2022-10-30 19:21:37.174219	\N	\N	Irwin	96666183976	\N	\N	\N	\N	\N	15	15
26	2022-10-30 19:21:37.404599	2022-10-30 19:21:37.404599	\N	\N	Bettie	17136630697	\N	\N	\N	\N	\N	64	64
27	2022-10-30 19:21:37.654154	2022-10-30 19:21:37.654154	\N	\N	Paige	76117710747	\N	\N	\N	\N	\N	27	27
28	2022-10-30 19:21:38.136229	2022-10-30 19:21:38.136229	\N	\N	Lenny	68641119063	\N	\N	\N	\N	\N	46	46
29	2022-10-30 19:21:39.117886	2022-10-30 19:21:39.117886	\N	\N	Jabari	85642161019	\N	\N	\N	\N	\N	18	18
30	2022-10-30 19:21:39.385948	2022-10-30 19:21:39.385948	\N	\N	Erwin	62396954490	\N	\N	\N	\N	\N	141	141
31	2022-10-30 19:21:39.508969	2022-10-30 19:21:39.508969	\N	\N	Maya	32181626969	\N	\N	\N	\N	\N	153	153
32	2022-10-30 19:21:39.633845	2022-10-30 19:21:39.633845	\N	\N	Cheyanne	96458761194	\N	\N	\N	\N	\N	48	48
33	2022-10-30 19:21:39.764912	2022-10-30 19:21:39.764912	\N	\N	Cordell	67103104064	\N	\N	\N	\N	\N	147	147
34	2022-10-30 19:21:40.908572	2022-10-30 19:21:40.908572	\N	\N	Jaleel	10588444744	\N	\N	\N	\N	\N	143	143
35	2022-10-30 19:21:41.028064	2022-10-30 19:21:41.028064	\N	\N	Lloyd	30838493201	\N	\N	\N	\N	\N	2	2
36	2022-10-30 19:21:41.465718	2022-10-30 19:21:41.465718	\N	\N	Maci	68453550468	\N	\N	\N	\N	\N	141	141
37	2022-10-30 19:21:41.739049	2022-10-30 19:21:41.739049	\N	\N	Kaitlin	16773050906	\N	\N	\N	\N	\N	15	15
38	2022-10-30 19:21:41.868024	2022-10-30 19:21:41.868024	\N	\N	Bulah	91881421765	\N	\N	\N	\N	\N	69	69
39	2022-10-30 19:21:42.824569	2022-10-30 19:21:42.824569	\N	\N	Alvis	37277268118	\N	\N	\N	\N	\N	136	136
40	2022-10-30 19:21:42.947942	2022-10-30 19:21:42.947942	\N	\N	Adalberto	39436673831	\N	\N	\N	\N	\N	49	49
41	2022-10-30 19:21:43.082834	2022-10-30 19:21:43.082834	\N	\N	Wilfred	98015139609	\N	\N	\N	\N	\N	75	75
42	2022-10-30 19:21:43.568442	2022-10-30 19:21:43.568442	\N	\N	Creola	64392410306	\N	\N	\N	\N	\N	149	149
43	2022-10-30 19:21:43.94638	2022-10-30 19:21:43.94638	\N	\N	Kailyn	59324237046	\N	\N	\N	\N	\N	111	111
44	2022-10-30 19:21:44.117901	2022-10-30 19:21:44.117901	\N	\N	Maurice	50854919874	\N	\N	\N	\N	\N	2	2
45	2022-10-30 19:21:44.365055	2022-10-30 19:21:44.365055	\N	\N	Jaylon	78846846697	\N	\N	\N	\N	\N	99	99
46	2022-10-30 19:21:44.636635	2022-10-30 19:21:44.636635	\N	\N	Onie	69620385079	\N	\N	\N	\N	\N	2	2
47	2022-10-30 19:21:44.910741	2022-10-30 19:21:44.910741	\N	\N	Jett	59631295339	\N	\N	\N	\N	\N	18	18
48	2022-10-30 19:21:45.282559	2022-10-30 19:21:45.282559	\N	\N	Benton	69776156990	\N	\N	\N	\N	\N	31	31
49	2022-10-30 19:21:45.492617	2022-10-30 19:21:45.492617	\N	\N	Milo	71644279426	\N	\N	\N	\N	\N	153	153
50	2022-10-30 19:21:46.298759	2022-10-30 19:21:46.298759	\N	\N	Carissa	58377676013	\N	\N	\N	\N	\N	144	144
52	2022-10-30 19:21:46.939356	2022-10-30 19:21:46.939356	\N	\N	Ansel	53383857990	\N	\N	\N	\N	\N	49	49
53	2022-10-30 19:21:47.119955	2022-10-30 19:21:47.119955	\N	\N	Johnathan	57536314724	\N	\N	\N	\N	\N	37	37
54	2022-10-30 19:21:47.288348	2022-10-30 19:21:47.288348	\N	\N	Lewis	96369239445	\N	\N	\N	\N	\N	37	37
55	2022-10-30 19:21:47.458133	2022-10-30 19:21:47.458133	\N	\N	Lila	21937524592	\N	\N	\N	\N	\N	129	129
56	2022-10-30 19:21:47.687198	2022-10-30 19:21:47.687198	\N	\N	Emil	11035787812	\N	\N	\N	\N	\N	188	188
57	2022-10-30 19:21:47.841558	2022-10-30 19:21:47.841558	\N	\N	Jacky	10097810400	\N	\N	\N	\N	\N	124	124
58	2022-10-30 19:21:48.083475	2022-10-30 19:21:48.083475	\N	\N	Lucy	36640356727	\N	\N	\N	\N	\N	48	48
59	2022-10-30 19:21:48.335706	2022-10-30 19:21:48.335706	\N	\N	Arlo	88578053559	\N	\N	\N	\N	\N	153	153
60	2022-10-30 19:21:48.469792	2022-10-30 19:21:48.469792	\N	\N	Nicholaus	74262072095	\N	\N	\N	\N	\N	38	38
61	2022-10-30 19:21:48.976051	2022-10-30 19:21:48.976051	\N	\N	Kelsi	72568857346	\N	\N	\N	\N	\N	153	153
62	2022-10-30 19:21:49.308042	2022-10-30 19:21:49.308042	\N	\N	Fabiola	98796905882	\N	\N	\N	\N	\N	42	42
63	2022-10-30 19:21:49.431586	2022-10-30 19:21:49.431586	\N	\N	Brittany	50744136184	\N	\N	\N	\N	\N	37	37
64	2022-10-30 19:21:49.570595	2022-10-30 19:21:49.570595	\N	\N	Tyrese	34988709706	\N	\N	\N	\N	\N	45	45
65	2022-10-30 19:21:49.68773	2022-10-30 19:21:49.68773	\N	\N	Danial	18513637757	\N	\N	\N	\N	\N	124	124
66	2022-10-30 19:21:50.424513	2022-10-30 19:21:50.424513	\N	\N	Gussie	84644395925	\N	\N	\N	\N	\N	121	121
67	2022-10-30 19:21:50.906937	2022-10-30 19:21:50.906937	\N	\N	Gwendolyn	99579472763	\N	\N	\N	\N	\N	126	126
68	2022-10-30 19:21:51.135609	2022-10-30 19:21:51.135609	\N	\N	Theresia	67321135766	\N	\N	\N	\N	\N	33	33
69	2022-10-30 19:21:51.342884	2022-10-30 19:21:51.342884	\N	\N	Owen	22383980385	\N	\N	\N	\N	\N	10	10
70	2022-10-30 19:21:51.452248	2022-10-30 19:21:51.452248	\N	\N	Earl	24402464575	\N	\N	\N	\N	\N	188	188
71	2022-10-30 19:21:51.561858	2022-10-30 19:21:51.561858	\N	\N	Selina	84941643243	\N	\N	\N	\N	\N	45	45
72	2022-10-30 19:21:51.918412	2022-10-30 19:21:51.918412	\N	\N	Clemmie	13860550025	\N	\N	\N	\N	\N	7	7
73	2022-10-30 19:21:52.184124	2022-10-30 19:21:52.184124	\N	\N	Christ	64035022290	\N	\N	\N	\N	\N	141	141
74	2022-10-30 19:21:52.308641	2022-10-30 19:21:52.308641	\N	\N	Brent	35259810859	\N	\N	\N	\N	\N	45	45
75	2022-10-30 19:21:52.777376	2022-10-30 19:21:52.777376	\N	\N	Monique	99948732933	\N	\N	\N	\N	\N	17	17
76	2022-10-30 19:21:52.974123	2022-10-30 19:21:52.974123	\N	\N	Lyda	38468792387	\N	\N	\N	\N	\N	17	17
77	2022-10-30 19:21:53.208507	2022-10-30 19:21:53.208507	\N	\N	Ryan	52578972472	\N	\N	\N	\N	\N	62	62
78	2022-10-30 19:21:53.35327	2022-10-30 19:21:53.35327	\N	\N	Violette	90364529113	\N	\N	\N	\N	\N	30	30
79	2022-10-30 19:21:53.606424	2022-10-30 19:21:53.606424	\N	\N	Adolf	94208800119	\N	\N	\N	\N	\N	192	192
80	2022-10-30 19:21:54.120973	2022-10-30 19:21:54.120973	\N	\N	Tressa	86157186502	\N	\N	\N	\N	\N	77	77
81	2022-10-30 19:21:55.042102	2022-10-30 19:21:55.042102	\N	\N	Davon	50864669353	\N	\N	\N	\N	\N	99	99
82	2022-10-30 19:21:55.274254	2022-10-30 19:21:55.274254	\N	\N	Johathan	40528454956	\N	\N	\N	\N	\N	30	30
83	2022-10-30 19:21:55.856808	2022-10-30 19:21:55.856808	\N	\N	Maryam	53306732906	\N	\N	\N	\N	\N	111	111
84	2022-10-30 19:21:56.097669	2022-10-30 19:21:56.097669	\N	\N	Elsie	95857829854	\N	\N	\N	\N	\N	188	188
85	2022-10-30 19:21:56.426941	2022-10-30 19:21:56.426941	\N	\N	Patience	95025195625	\N	\N	\N	\N	\N	75	75
86	2022-10-30 19:21:56.578539	2022-10-30 19:21:56.578539	\N	\N	Kiera	50817678943	\N	\N	\N	\N	\N	49	49
87	2022-10-30 19:21:56.921761	2022-10-30 19:21:56.921761	\N	\N	Sim	48004972185	\N	\N	\N	\N	\N	133	133
88	2022-10-30 19:21:57.377689	2022-10-30 19:21:57.377689	\N	\N	Lillian	33859387801	\N	\N	\N	\N	\N	123	123
89	2022-10-30 19:21:57.718559	2022-10-30 19:21:57.718559	\N	\N	Ladarius	81937339706	\N	\N	\N	\N	\N	149	149
90	2022-10-30 19:21:58.205015	2022-10-30 19:21:58.205015	\N	\N	Oma	15480355587	\N	\N	\N	\N	\N	43	43
91	2022-10-30 19:21:58.820405	2022-10-30 19:21:58.820405	\N	\N	Lyla	51951825230	\N	\N	\N	\N	\N	171	171
92	2022-10-30 19:21:58.943952	2022-10-30 19:21:58.943952	\N	\N	Mackenzie	80801352514	\N	\N	\N	\N	\N	30	30
94	2022-10-30 19:22:00.416019	2022-10-30 19:22:00.416019	\N	\N	Neil	94474073737	\N	\N	\N	\N	\N	11	11
95	2022-10-30 19:22:00.816997	2022-10-30 19:22:00.816997	\N	\N	Josiane	34660018849	\N	\N	\N	\N	\N	38	38
96	2022-10-30 19:22:00.987834	2022-10-30 19:22:00.987834	\N	\N	Jonas	28308142732	\N	\N	\N	\N	\N	141	141
97	2022-10-30 19:22:01.110411	2022-10-30 19:22:01.110411	\N	\N	Angeline	87526397556	\N	\N	\N	\N	\N	127	127
98	2022-10-30 19:22:01.751094	2022-10-30 19:22:01.751094	\N	\N	Cale	23408313468	\N	\N	\N	\N	\N	68	68
99	2022-10-30 19:22:01.903494	2022-10-30 19:22:01.903494	\N	\N	Valerie	83873366654	\N	\N	\N	\N	\N	107	107
100	2022-10-30 19:22:02.420847	2022-10-30 19:22:02.420847	\N	\N	Ruben	54407237609	\N	\N	\N	\N	\N	114	114
101	2022-10-30 19:22:02.66885	2022-10-30 19:22:02.66885	\N	\N	Carmela	86296702818	\N	\N	\N	\N	\N	113	113
102	2022-10-30 19:22:03.031888	2022-10-30 19:22:03.031888	\N	\N	Mariano	39396101553	\N	\N	\N	\N	\N	70	70
103	2022-10-30 19:22:04.017279	2022-10-30 19:22:04.017279	\N	\N	Donato	48969313656	\N	\N	\N	\N	\N	81	81
104	2022-10-30 19:22:04.263955	2022-10-30 19:22:04.263955	\N	\N	Delmer	26585979868	\N	\N	\N	\N	\N	131	131
105	2022-10-30 19:22:04.401483	2022-10-30 19:22:04.401483	\N	\N	Dagmar	30237896687	\N	\N	\N	\N	\N	57	57
106	2022-10-30 19:22:04.66695	2022-10-30 19:22:04.66695	\N	\N	Vincenzo	92565535391	\N	\N	\N	\N	\N	144	144
107	2022-10-30 19:22:04.787363	2022-10-30 19:22:04.787363	\N	\N	Danyka	57155028005	\N	\N	\N	\N	\N	136	136
108	2022-10-30 19:22:05.020972	2022-10-30 19:22:05.020972	\N	\N	Roel	24767196397	\N	\N	\N	\N	\N	102	102
109	2022-10-30 19:22:05.254421	2022-10-30 19:22:05.254421	\N	\N	Ervin	38066740951	\N	\N	\N	\N	\N	123	123
111	2022-10-30 19:22:06.172153	2022-10-30 19:22:06.172153	\N	\N	Robb	67725830452	\N	\N	\N	\N	\N	50	50
112	2022-10-30 19:22:06.328211	2022-10-30 19:22:06.328211	\N	\N	Emilie	58051734996	\N	\N	\N	\N	\N	31	31
113	2022-10-30 19:22:06.639322	2022-10-30 19:22:06.639322	\N	\N	Annie	98490578666	\N	\N	\N	\N	\N	10	10
114	2022-10-30 19:22:06.759351	2022-10-30 19:22:06.759351	\N	\N	Luciano	86400601715	\N	\N	\N	\N	\N	189	189
115	2022-10-30 19:22:07.263765	2022-10-30 19:22:07.263765	\N	\N	Kenyon	37655380503	\N	\N	\N	\N	\N	54	54
116	2022-10-30 19:22:07.406641	2022-10-30 19:22:07.406641	\N	\N	Janice	42314397619	\N	\N	\N	\N	\N	125	125
117	2022-10-30 19:22:07.550151	2022-10-30 19:22:07.550151	\N	\N	Mara	71063202025	\N	\N	\N	\N	\N	62	62
118	2022-10-30 19:22:08.053789	2022-10-30 19:22:08.053789	\N	\N	Elijah	94728488297	\N	\N	\N	\N	\N	98	98
119	2022-10-30 19:22:08.2986	2022-10-30 19:22:08.2986	\N	\N	Aletha	99694833203	\N	\N	\N	\N	\N	136	136
121	2022-10-30 19:22:08.638512	2022-10-30 19:22:08.638512	\N	\N	Mireya	71821974979	\N	\N	\N	\N	\N	7	7
123	2022-10-30 19:22:08.915771	2022-10-30 19:22:08.915771	\N	\N	Lucas	73603654485	\N	\N	\N	\N	\N	50	50
124	2022-10-30 19:22:09.791059	2022-10-30 19:22:09.791059	\N	\N	Abigail	28825046992	\N	\N	\N	\N	\N	7	7
125	2022-10-30 19:22:10.185648	2022-10-30 19:22:10.185648	\N	\N	Alfredo	39131737141	\N	\N	\N	\N	\N	15	15
126	2022-10-30 19:22:10.421279	2022-10-30 19:22:10.421279	\N	\N	Ramona	39369921257	\N	\N	\N	\N	\N	48	48
127	2022-10-30 19:22:10.580318	2022-10-30 19:22:10.580318	\N	\N	Dexter	54022710712	\N	\N	\N	\N	\N	33	33
128	2022-10-30 19:22:11.074565	2022-10-30 19:22:11.074565	\N	\N	Jaden	64368746233	\N	\N	\N	\N	\N	13	13
129	2022-10-30 19:22:11.23822	2022-10-30 19:22:11.23822	\N	\N	Abbie	34356809986	\N	\N	\N	\N	\N	2	2
130	2022-10-30 19:22:11.38605	2022-10-30 19:22:11.38605	\N	\N	Sally	90258553291	\N	\N	\N	\N	\N	17	17
131	2022-10-30 19:22:11.501696	2022-10-30 19:22:11.501696	\N	\N	Makenzie	27979037211	\N	\N	\N	\N	\N	148	148
132	2022-10-30 19:22:11.627444	2022-10-30 19:22:11.627444	\N	\N	Camden	45867189233	\N	\N	\N	\N	\N	70	70
133	2022-10-30 19:22:12.143725	2022-10-30 19:22:12.143725	\N	\N	Jarrod	40302517681	\N	\N	\N	\N	\N	124	124
134	2022-10-30 19:22:12.268849	2022-10-30 19:22:12.268849	\N	\N	Gilberto	38393439561	\N	\N	\N	\N	\N	18	18
135	2022-10-30 19:22:13.032409	2022-10-30 19:22:13.032409	\N	\N	Frederic	18275398249	\N	\N	\N	\N	\N	123	123
136	2022-10-30 19:22:13.890075	2022-10-30 19:22:13.890075	\N	\N	Bernardo	71581378522	\N	\N	\N	\N	\N	153	153
137	2022-10-30 19:22:14.016763	2022-10-30 19:22:14.016763	\N	\N	Adah	13918543494	\N	\N	\N	\N	\N	192	192
138	2022-10-30 19:22:14.375795	2022-10-30 19:22:14.375795	\N	\N	Florian	77494555841	\N	\N	\N	\N	\N	30	30
139	2022-10-30 19:22:14.486039	2022-10-30 19:22:14.486039	\N	\N	Joannie	50755108029	\N	\N	\N	\N	\N	133	133
140	2022-10-30 19:22:14.72088	2022-10-30 19:22:14.72088	\N	\N	Dillon	20684271043	\N	\N	\N	\N	\N	67	67
141	2022-10-30 19:22:15.171066	2022-10-30 19:22:15.171066	\N	\N	Dorothy	94459101081	\N	\N	\N	\N	\N	98	98
142	2022-10-30 19:22:15.506568	2022-10-30 19:22:15.506568	\N	\N	Avis	19969628643	\N	\N	\N	\N	\N	15	15
143	2022-10-30 19:22:15.621525	2022-10-30 19:22:15.621525	\N	\N	Katheryn	11645324920	\N	\N	\N	\N	\N	30	30
144	2022-10-30 19:22:15.7327	2022-10-30 19:22:15.7327	\N	\N	Shawna	81565842544	\N	\N	\N	\N	\N	123	123
145	2022-10-30 19:22:15.975963	2022-10-30 19:22:15.975963	\N	\N	Jared	33645882615	\N	\N	\N	\N	\N	171	171
146	2022-10-30 19:22:16.328806	2022-10-30 19:22:16.328806	\N	\N	Candelario	53740207967	\N	\N	\N	\N	\N	102	102
147	2022-10-30 19:22:16.601271	2022-10-30 19:22:16.601271	\N	\N	Dortha	36753745905	\N	\N	\N	\N	\N	68	68
148	2022-10-30 19:22:17.096507	2022-10-30 19:22:17.096507	\N	\N	Conor	97664327479	\N	\N	\N	\N	\N	75	75
149	2022-10-30 19:22:17.882082	2022-10-30 19:22:17.882082	\N	\N	Ada	11375317444	\N	\N	\N	\N	\N	45	45
150	2022-10-30 19:22:18.573486	2022-10-30 19:22:18.573486	\N	\N	Ramiro	58460863769	\N	\N	\N	\N	\N	54	54
151	2022-10-30 19:22:18.722355	2022-10-30 19:22:18.722355	\N	\N	Willis	30684125619	\N	\N	\N	\N	\N	56	56
152	2022-10-30 19:22:18.839582	2022-10-30 19:22:18.839582	\N	\N	Felipa	37827771822	\N	\N	\N	\N	\N	124	124
153	2022-10-30 19:22:18.949887	2022-10-30 19:22:18.949887	\N	\N	Ethyl	67773736635	\N	\N	\N	\N	\N	126	126
154	2022-10-30 19:22:19.301481	2022-10-30 19:22:19.301481	\N	\N	Zetta	91246227984	\N	\N	\N	\N	\N	13	13
155	2022-10-30 19:22:20.289568	2022-10-30 19:22:20.289568	\N	\N	Geovany	93587493278	\N	\N	\N	\N	\N	7	7
156	2022-10-30 19:22:20.437259	2022-10-30 19:22:20.437259	\N	\N	Norris	89872012862	\N	\N	\N	\N	\N	7	7
157	2022-10-30 19:22:20.712988	2022-10-30 19:22:20.712988	\N	\N	Yasmin	91110468300	\N	\N	\N	\N	\N	46	46
158	2022-10-30 19:22:20.937945	2022-10-30 19:22:20.937945	\N	\N	Aleen	75178552412	\N	\N	\N	\N	\N	188	188
159	2022-10-30 19:22:21.051824	2022-10-30 19:22:21.051824	\N	\N	Leatha	52652460085	\N	\N	\N	\N	\N	140	140
160	2022-10-30 19:22:21.516574	2022-10-30 19:22:21.516574	\N	\N	Virgie	27241055601	\N	\N	\N	\N	\N	67	67
161	2022-10-30 19:22:21.636343	2022-10-30 19:22:21.636343	\N	\N	Taylor	64928021308	\N	\N	\N	\N	\N	111	111
162	2022-10-30 19:22:23.19576	2022-10-30 19:22:23.19576	\N	\N	Eulah	84865730916	\N	\N	\N	\N	\N	37	37
163	2022-10-30 19:22:23.60745	2022-10-30 19:22:23.60745	\N	\N	Carmella	29134236112	\N	\N	\N	\N	\N	195	195
164	2022-10-30 19:22:23.735716	2022-10-30 19:22:23.735716	\N	\N	Coleman	10906491702	\N	\N	\N	\N	\N	1	1
165	2022-10-30 19:22:24.24416	2022-10-30 19:22:24.24416	\N	\N	Summer	48379345504	\N	\N	\N	\N	\N	187	187
166	2022-10-30 19:22:24.356117	2022-10-30 19:22:24.356117	\N	\N	Josie	87086430606	\N	\N	\N	\N	\N	149	149
167	2022-10-30 19:22:24.475659	2022-10-30 19:22:24.475659	\N	\N	Michaela	61160156830	\N	\N	\N	\N	\N	31	31
168	2022-10-30 19:22:25.055976	2022-10-30 19:22:25.055976	\N	\N	Christopher	38490903527	\N	\N	\N	\N	\N	125	125
169	2022-10-30 19:22:25.604852	2022-10-30 19:22:25.604852	\N	\N	Anahi	19416576861	\N	\N	\N	\N	\N	92	92
170	2022-10-30 19:22:25.81123	2022-10-30 19:22:25.81123	\N	\N	Hilton	78189861577	\N	\N	\N	\N	\N	1	1
171	2022-10-30 19:22:26.042806	2022-10-30 19:22:26.042806	\N	\N	Aniya	89801750432	\N	\N	\N	\N	\N	168	168
172	2022-10-30 19:22:26.16153	2022-10-30 19:22:26.16153	\N	\N	Orval	81771380330	\N	\N	\N	\N	\N	38	38
173	2022-10-30 19:22:26.325607	2022-10-30 19:22:26.325607	\N	\N	Garrison	82996280476	\N	\N	\N	\N	\N	194	194
175	2022-10-30 19:22:26.812356	2022-10-30 19:22:26.812356	\N	\N	Rebecca	84292214551	\N	\N	\N	\N	\N	67	67
176	2022-10-30 19:22:27.141639	2022-10-30 19:22:27.141639	\N	\N	Jasen	72753799172	\N	\N	\N	\N	\N	98	98
177	2022-10-30 19:22:27.371976	2022-10-30 19:22:27.371976	\N	\N	Vicente	66879672236	\N	\N	\N	\N	\N	45	45
178	2022-10-30 19:22:27.627286	2022-10-30 19:22:27.627286	\N	\N	Tyrique	65920727870	\N	\N	\N	\N	\N	111	111
179	2022-10-30 19:22:28.166836	2022-10-30 19:22:28.166836	\N	\N	Dejah	14130354774	\N	\N	\N	\N	\N	11	11
180	2022-10-30 19:22:28.770244	2022-10-30 19:22:28.770244	\N	\N	Mallory	59505103255	\N	\N	\N	\N	\N	27	27
181	2022-10-30 19:22:29.23353	2022-10-30 19:22:29.23353	\N	\N	Derrick	22937291835	\N	\N	\N	\N	\N	129	129
182	2022-10-30 19:22:29.351092	2022-10-30 19:22:29.351092	\N	\N	Jeremie	32328534800	\N	\N	\N	\N	\N	188	188
183	2022-10-30 19:22:29.474376	2022-10-30 19:22:29.474376	\N	\N	Zora	30041166028	\N	\N	\N	\N	\N	141	141
184	2022-10-30 19:22:30.779895	2022-10-30 19:22:30.779895	\N	\N	Loyal	23990388279	\N	\N	\N	\N	\N	111	111
185	2022-10-30 19:22:30.95068	2022-10-30 19:22:30.95068	\N	\N	Noel	38913858733	\N	\N	\N	\N	\N	7	7
186	2022-10-30 19:22:31.354365	2022-10-30 19:22:31.354365	\N	\N	Grady	51647573185	\N	\N	\N	\N	\N	188	188
187	2022-10-30 19:22:31.63011	2022-10-30 19:22:31.63011	\N	\N	Keven	60854745407	\N	\N	\N	\N	\N	195	195
188	2022-10-30 19:22:32.086451	2022-10-30 19:22:32.086451	\N	\N	Violet	17422680126	\N	\N	\N	\N	\N	111	111
189	2022-10-30 19:22:32.219234	2022-10-30 19:22:32.219234	\N	\N	Darryl	31578177190	\N	\N	\N	\N	\N	129	129
190	2022-10-30 19:22:32.649502	2022-10-30 19:22:32.649502	\N	\N	Greg	47178988821	\N	\N	\N	\N	\N	17	17
191	2022-10-30 19:22:33.005037	2022-10-30 19:22:33.005037	\N	\N	Kimberly	94640890062	\N	\N	\N	\N	\N	127	127
192	2022-10-30 19:22:33.25464	2022-10-30 19:22:33.25464	\N	\N	Aimee	35550047588	\N	\N	\N	\N	\N	149	149
194	2022-10-30 19:22:34.694391	2022-10-30 19:22:34.694391	\N	\N	Freddy	55627732215	\N	\N	\N	\N	\N	64	64
195	2022-10-30 19:22:34.857047	2022-10-30 19:22:34.857047	\N	\N	Ona	28370884713	\N	\N	\N	\N	\N	121	121
196	2022-10-30 19:22:35.006536	2022-10-30 19:22:35.006536	\N	\N	Talon	74742938217	\N	\N	\N	\N	\N	153	153
197	2022-10-30 19:22:35.366939	2022-10-30 19:22:35.366939	\N	\N	Madge	52574383344	\N	\N	\N	\N	\N	1	1
198	2022-10-30 19:22:35.488321	2022-10-30 19:22:35.488321	\N	\N	Sarai	93342448939	\N	\N	\N	\N	\N	189	189
199	2022-10-30 19:22:35.84491	2022-10-30 19:22:35.84491	\N	\N	Antonia	83698200807	\N	\N	\N	\N	\N	37	37
200	2022-10-30 19:22:36.208983	2022-10-30 19:22:36.208983	\N	\N	Amelia	87566763663	\N	\N	\N	\N	\N	92	92
201	2022-10-30 19:22:36.442293	2022-10-30 19:22:36.442293	\N	\N	Gerhard	68791393675	\N	\N	\N	\N	\N	50	50
202	2022-10-30 19:22:36.623189	2022-10-30 19:22:36.623189	\N	\N	Antonina	27887653023	\N	\N	\N	\N	\N	125	125
203	2022-10-30 19:22:36.98279	2022-10-30 19:22:36.98279	\N	\N	Ara	65029580478	\N	\N	\N	\N	\N	11	11
204	2022-10-30 19:22:37.254235	2022-10-30 19:22:37.254235	\N	\N	Kavon	45163844048	\N	\N	\N	\N	\N	121	121
205	2022-10-30 19:22:37.759501	2022-10-30 19:22:37.759501	\N	\N	Melody	45077636466	\N	\N	\N	\N	\N	153	153
206	2022-10-30 19:22:37.988712	2022-10-30 19:22:37.988712	\N	\N	Yadira	82830902645	\N	\N	\N	\N	\N	23	23
207	2022-10-30 19:22:38.129087	2022-10-30 19:22:38.129087	\N	\N	Osborne	81360737257	\N	\N	\N	\N	\N	147	147
208	2022-10-30 19:22:38.249887	2022-10-30 19:22:38.249887	\N	\N	Katherine	80363514971	\N	\N	\N	\N	\N	111	111
209	2022-10-30 19:22:38.837665	2022-10-30 19:22:38.837665	\N	\N	Gaylord	83198902503	\N	\N	\N	\N	\N	68	68
210	2022-10-30 19:22:39.19558	2022-10-30 19:22:39.19558	\N	\N	Haley	54632594554	\N	\N	\N	\N	\N	124	124
211	2022-10-30 19:22:39.31224	2022-10-30 19:22:39.31224	\N	\N	Bernard	68911833075	\N	\N	\N	\N	\N	68	68
212	2022-10-30 19:22:39.454305	2022-10-30 19:22:39.454305	\N	\N	Jaquan	59285037265	\N	\N	\N	\N	\N	1	1
213	2022-10-30 19:22:39.577887	2022-10-30 19:22:39.577887	\N	\N	Elliott	67946605095	\N	\N	\N	\N	\N	57	57
214	2022-10-30 19:22:40.671331	2022-10-30 19:22:40.671331	\N	\N	Lavina	28481646376	\N	\N	\N	\N	\N	75	75
215	2022-10-30 19:22:40.928168	2022-10-30 19:22:40.928168	\N	\N	Ike	39733376471	\N	\N	\N	\N	\N	77	77
216	2022-10-30 19:22:41.150269	2022-10-30 19:22:41.150269	\N	\N	Josiah	88312191279	\N	\N	\N	\N	\N	56	56
217	2022-10-30 19:22:41.38228	2022-10-30 19:22:41.38228	\N	\N	Dasia	27677735643	\N	\N	\N	\N	\N	144	144
218	2022-10-30 19:22:42.407555	2022-10-30 19:22:42.407555	\N	\N	Derek	89863430079	\N	\N	\N	\N	\N	31	31
219	2022-10-30 19:22:42.520746	2022-10-30 19:22:42.520746	\N	\N	Kira	84390955070	\N	\N	\N	\N	\N	67	67
220	2022-10-30 19:22:42.636975	2022-10-30 19:22:42.636975	\N	\N	Gianni	32740423626	\N	\N	\N	\N	\N	46	46
221	2022-10-30 19:22:42.753099	2022-10-30 19:22:42.753099	\N	\N	Alene	75673476838	\N	\N	\N	\N	\N	46	46
222	2022-10-30 19:22:42.988793	2022-10-30 19:22:42.988793	\N	\N	Wilbert	52791415769	\N	\N	\N	\N	\N	129	129
223	2022-10-30 19:22:43.223921	2022-10-30 19:22:43.223921	\N	\N	Vidal	80345447775	\N	\N	\N	\N	\N	49	49
224	2022-10-30 19:22:43.372899	2022-10-30 19:22:43.372899	\N	\N	Pearline	64287107260	\N	\N	\N	\N	\N	149	149
225	2022-10-30 19:22:43.776623	2022-10-30 19:22:43.776623	\N	\N	Xavier	68774930784	\N	\N	\N	\N	\N	43	43
226	2022-10-30 19:22:44.02198	2022-10-30 19:22:44.02198	\N	\N	Edwin	36280555126	\N	\N	\N	\N	\N	38	38
227	2022-10-30 19:22:44.338109	2022-10-30 19:22:44.338109	\N	\N	Dane	84722938551	\N	\N	\N	\N	\N	81	81
228	2022-10-30 19:22:45.231151	2022-10-30 19:22:45.231151	\N	\N	Lavern	96675211294	\N	\N	\N	\N	\N	107	107
229	2022-10-30 19:22:45.75737	2022-10-30 19:22:45.75737	\N	\N	Camila	32381310849	\N	\N	\N	\N	\N	150	150
230	2022-10-30 19:22:45.912488	2022-10-30 19:22:45.912488	\N	\N	Jameson	62731272102	\N	\N	\N	\N	\N	49	49
231	2022-10-30 19:22:46.31496	2022-10-30 19:22:46.31496	\N	\N	Heidi	80574606148	\N	\N	\N	\N	\N	124	124
232	2022-10-30 19:22:46.442722	2022-10-30 19:22:46.442722	\N	\N	Noemi	82474598595	\N	\N	\N	\N	\N	11	11
233	2022-10-30 19:22:46.583566	2022-10-30 19:22:46.583566	\N	\N	Vilma	85031951111	\N	\N	\N	\N	\N	131	131
234	2022-10-30 19:22:47.051704	2022-10-30 19:22:47.051704	\N	\N	Carolina	25026174896	\N	\N	\N	\N	\N	140	140
235	2022-10-30 19:22:47.300851	2022-10-30 19:22:47.300851	\N	\N	Natalia	62643128211	\N	\N	\N	\N	\N	124	124
236	2022-10-30 19:22:47.703452	2022-10-30 19:22:47.703452	\N	\N	Don	70457041492	\N	\N	\N	\N	\N	75	75
237	2022-10-30 19:22:47.866006	2022-10-30 19:22:47.866006	\N	\N	Izaiah	22495329005	\N	\N	\N	\N	\N	150	150
238	2022-10-30 19:22:48.128596	2022-10-30 19:22:48.128596	\N	\N	Ettie	16208486219	\N	\N	\N	\N	\N	2	2
239	2022-10-30 19:22:48.637916	2022-10-30 19:22:48.637916	\N	\N	Elyse	83942408254	\N	\N	\N	\N	\N	143	143
240	2022-10-30 19:22:48.998594	2022-10-30 19:22:48.998594	\N	\N	Tanner	77017055892	\N	\N	\N	\N	\N	48	48
241	2022-10-30 19:22:49.371367	2022-10-30 19:22:49.371367	\N	\N	Ibrahim	24037022483	\N	\N	\N	\N	\N	38	38
242	2022-10-30 19:22:49.638303	2022-10-30 19:22:49.638303	\N	\N	Eleanora	32940741906	\N	\N	\N	\N	\N	102	102
243	2022-10-30 19:22:49.75911	2022-10-30 19:22:49.75911	\N	\N	Hugh	94550433945	\N	\N	\N	\N	\N	149	149
244	2022-10-30 19:22:50.004259	2022-10-30 19:22:50.004259	\N	\N	Eric	74073087084	\N	\N	\N	\N	\N	149	149
245	2022-10-30 19:22:50.480721	2022-10-30 19:22:50.480721	\N	\N	Mac	82307058076	\N	\N	\N	\N	\N	154	154
246	2022-10-30 19:22:50.891589	2022-10-30 19:22:50.891589	\N	\N	Tracey	88823564743	\N	\N	\N	\N	\N	43	43
247	2022-10-30 19:22:51.126636	2022-10-30 19:22:51.126636	\N	\N	Elenor	84628836110	\N	\N	\N	\N	\N	114	114
248	2022-10-30 19:22:51.467925	2022-10-30 19:22:51.467925	\N	\N	Bud	14683592533	\N	\N	\N	\N	\N	17	17
249	2022-10-30 19:22:51.598741	2022-10-30 19:22:51.598741	\N	\N	Joshua	88801670718	\N	\N	\N	\N	\N	141	141
250	2022-10-30 19:22:51.734452	2022-10-30 19:22:51.734452	\N	\N	Waylon	34878823525	\N	\N	\N	\N	\N	17	17
252	2022-10-30 19:22:52.072316	2022-10-30 19:22:52.072316	\N	\N	Idella	30875089037	\N	\N	\N	\N	\N	11	11
254	2022-10-30 19:22:54.005175	2022-10-30 19:22:54.005175	\N	\N	Gunner	53556823567	\N	\N	\N	\N	\N	99	99
255	2022-10-30 19:22:54.409098	2022-10-30 19:22:54.409098	\N	\N	Ezequiel	96247464404	\N	\N	\N	\N	\N	11	11
256	2022-10-30 19:22:54.670928	2022-10-30 19:22:54.670928	\N	\N	Camilla	25571740277	\N	\N	\N	\N	\N	77	77
257	2022-10-30 19:22:54.909793	2022-10-30 19:22:54.909793	\N	\N	Laurianne	89739563810	\N	\N	\N	\N	\N	107	107
259	2022-10-30 19:22:56.033706	2022-10-30 19:22:56.033706	\N	\N	Jana	28577854343	\N	\N	\N	\N	\N	54	54
260	2022-10-30 19:22:56.302977	2022-10-30 19:22:56.302977	\N	\N	Cathy	23191851465	\N	\N	\N	\N	\N	187	187
261	2022-10-30 19:22:56.527821	2022-10-30 19:22:56.527821	\N	\N	Jedediah	20968380724	\N	\N	\N	\N	\N	43	43
262	2022-10-30 19:22:57.118792	2022-10-30 19:22:57.118792	\N	\N	Brant	40227059100	\N	\N	\N	\N	\N	30	30
263	2022-10-30 19:22:57.23271	2022-10-30 19:22:57.23271	\N	\N	Cordie	83701632318	\N	\N	\N	\N	\N	124	124
264	2022-10-30 19:22:57.725561	2022-10-30 19:22:57.725561	\N	\N	Jillian	53065387312	\N	\N	\N	\N	\N	67	67
265	2022-10-30 19:22:57.843071	2022-10-30 19:22:57.843071	\N	\N	Dedrick	11651362131	\N	\N	\N	\N	\N	30	30
266	2022-10-30 19:22:58.472308	2022-10-30 19:22:58.472308	\N	\N	Luigi	44896830050	\N	\N	\N	\N	\N	147	147
267	2022-10-30 19:22:58.592874	2022-10-30 19:22:58.592874	\N	\N	Ashly	69965155063	\N	\N	\N	\N	\N	125	125
268	2022-10-30 19:22:58.711315	2022-10-30 19:22:58.711315	\N	\N	Emilio	18966792587	\N	\N	\N	\N	\N	11	11
269	2022-10-30 19:22:58.841642	2022-10-30 19:22:58.841642	\N	\N	Kody	27335596302	\N	\N	\N	\N	\N	153	153
270	2022-10-30 19:22:58.962865	2022-10-30 19:22:58.962865	\N	\N	Camylle	92668465998	\N	\N	\N	\N	\N	171	171
271	2022-10-30 19:22:59.2328	2022-10-30 19:22:59.2328	\N	\N	Karli	42849122895	\N	\N	\N	\N	\N	88	88
272	2022-10-30 19:22:59.676627	2022-10-30 19:22:59.676627	\N	\N	Loma	93252786193	\N	\N	\N	\N	\N	127	127
273	2022-10-30 19:23:00.301562	2022-10-30 19:23:00.301562	\N	\N	Francesco	55157405083	\N	\N	\N	\N	\N	68	68
274	2022-10-30 19:23:00.56139	2022-10-30 19:23:00.56139	\N	\N	Darius	79721998378	\N	\N	\N	\N	\N	185	185
275	2022-10-30 19:23:00.957072	2022-10-30 19:23:00.957072	\N	\N	Archibald	75830144204	\N	\N	\N	\N	\N	31	31
276	2022-10-30 19:23:01.07888	2022-10-30 19:23:01.07888	\N	\N	Betsy	77243092380	\N	\N	\N	\N	\N	98	98
277	2022-10-30 19:23:01.42109	2022-10-30 19:23:01.42109	\N	\N	Ursula	73057469791	\N	\N	\N	\N	\N	92	92
278	2022-10-30 19:23:01.662534	2022-10-30 19:23:01.662534	\N	\N	Cali	64609269527	\N	\N	\N	\N	\N	187	187
280	2022-10-30 19:23:01.866665	2022-10-30 19:23:01.866665	\N	\N	Estell	56505710910	\N	\N	\N	\N	\N	67	67
281	2022-10-30 19:23:03.048257	2022-10-30 19:23:03.048257	\N	\N	Issac	93935477418	\N	\N	\N	\N	\N	131	131
282	2022-10-30 19:23:03.172433	2022-10-30 19:23:03.172433	\N	\N	Tristian	31107012826	\N	\N	\N	\N	\N	153	153
283	2022-10-30 19:23:03.409903	2022-10-30 19:23:03.409903	\N	\N	Cecilia	10919694465	\N	\N	\N	\N	\N	171	171
284	2022-10-30 19:23:03.551159	2022-10-30 19:23:03.551159	\N	\N	Cristopher	24264722772	\N	\N	\N	\N	\N	187	187
285	2022-10-30 19:23:03.894893	2022-10-30 19:23:03.894893	\N	\N	Heath	80166791051	\N	\N	\N	\N	\N	10	10
286	2022-10-30 19:23:04.386716	2022-10-30 19:23:04.386716	\N	\N	Leda	19504857538	\N	\N	\N	\N	\N	98	98
288	2022-10-30 19:23:04.723139	2022-10-30 19:23:04.723139	\N	\N	Camren	67163721392	\N	\N	\N	\N	\N	141	141
289	2022-10-30 19:23:04.883418	2022-10-30 19:23:04.883418	\N	\N	Lauren	22943809326	\N	\N	\N	\N	\N	57	57
290	2022-10-30 19:23:05.509008	2022-10-30 19:23:05.509008	\N	\N	Felicita	96860591076	\N	\N	\N	\N	\N	11	11
291	2022-10-30 19:23:05.786108	2022-10-30 19:23:05.786108	\N	\N	Ebba	97074385689	\N	\N	\N	\N	\N	13	13
292	2022-10-30 19:23:07.092198	2022-10-30 19:23:07.092198	\N	\N	Angie	83740265223	\N	\N	\N	\N	\N	17	17
293	2022-10-30 19:23:07.20323	2022-10-30 19:23:07.20323	\N	\N	Luz	73786136090	\N	\N	\N	\N	\N	187	187
294	2022-10-30 19:23:07.319808	2022-10-30 19:23:07.319808	\N	\N	Letha	94421494303	\N	\N	\N	\N	\N	131	131
295	2022-10-30 19:23:07.447474	2022-10-30 19:23:07.447474	\N	\N	Salma	68899175754	\N	\N	\N	\N	\N	125	125
296	2022-10-30 19:23:07.728645	2022-10-30 19:23:07.728645	\N	\N	Grayce	75948425691	\N	\N	\N	\N	\N	195	195
297	2022-10-30 19:23:07.861842	2022-10-30 19:23:07.861842	\N	\N	Vanessa	94134523060	\N	\N	\N	\N	\N	50	50
298	2022-10-30 19:23:08.018467	2022-10-30 19:23:08.018467	\N	\N	Richie	90019324599	\N	\N	\N	\N	\N	54	54
300	2022-10-30 19:23:08.948605	2022-10-30 19:23:08.948605	\N	\N	Elizabeth	94032925713	\N	\N	\N	\N	\N	192	192
301	2022-10-30 19:23:09.098709	2022-10-30 19:23:09.098709	\N	\N	Julian	91546484946	\N	\N	\N	\N	\N	68	68
303	2022-10-30 19:23:09.808474	2022-10-30 19:23:09.808474	\N	\N	Florine	78139394057	\N	\N	\N	\N	\N	126	126
307	2022-10-30 19:23:10.57448	2022-10-30 19:23:10.57448	\N	\N	Aliyah	37103591143	\N	\N	\N	\N	\N	114	114
308	2022-10-30 19:23:12.118227	2022-10-30 19:23:12.118227	\N	\N	Maia	59471788599	\N	\N	\N	\N	\N	98	98
310	2022-10-30 19:23:12.822629	2022-10-30 19:23:12.822629	\N	\N	Serenity	66415341203	\N	\N	\N	\N	\N	92	92
311	2022-10-30 19:23:13.054765	2022-10-30 19:23:13.054765	\N	\N	Keagan	17726147906	\N	\N	\N	\N	\N	74	74
312	2022-10-30 19:23:13.18082	2022-10-30 19:23:13.18082	\N	\N	Tremaine	74660173435	\N	\N	\N	\N	\N	27	27
313	2022-10-30 19:23:13.551037	2022-10-30 19:23:13.551037	\N	\N	Concepcion	98780877700	\N	\N	\N	\N	\N	67	67
314	2022-10-30 19:23:14.117611	2022-10-30 19:23:14.117611	\N	\N	Lowell	43241422301	\N	\N	\N	\N	\N	148	148
315	2022-10-30 19:23:14.231646	2022-10-30 19:23:14.231646	\N	\N	Sasha	92280022854	\N	\N	\N	\N	\N	92	92
316	2022-10-30 19:23:14.384338	2022-10-30 19:23:14.384338	\N	\N	Miguel	41984353984	\N	\N	\N	\N	\N	81	81
317	2022-10-30 19:23:15.334875	2022-10-30 19:23:15.334875	\N	\N	Gisselle	61440010703	\N	\N	\N	\N	\N	143	143
318	2022-10-30 19:23:15.444908	2022-10-30 19:23:15.444908	\N	\N	Jarrett	96706802300	\N	\N	\N	\N	\N	67	67
319	2022-10-30 19:23:16.339287	2022-10-30 19:23:16.339287	\N	\N	Retha	85209385425	\N	\N	\N	\N	\N	75	75
320	2022-10-30 19:23:16.711606	2022-10-30 19:23:16.711606	\N	\N	Tommie	17622513478	\N	\N	\N	\N	\N	113	113
321	2022-10-30 19:23:17.157131	2022-10-30 19:23:17.157131	\N	\N	Kristy	34502811403	\N	\N	\N	\N	\N	129	129
323	2022-10-30 19:23:17.615295	2022-10-30 19:23:17.615295	\N	\N	Branson	13090652863	\N	\N	\N	\N	\N	124	124
324	2022-10-30 19:23:18.199355	2022-10-30 19:23:18.199355	\N	\N	Tyra	65332959972	\N	\N	\N	\N	\N	153	153
326	2022-10-30 19:23:18.804648	2022-10-30 19:23:18.804648	\N	\N	Heloise	40662427577	\N	\N	\N	\N	\N	187	187
327	2022-10-30 19:23:19.065339	2022-10-30 19:23:19.065339	\N	\N	Charlene	42716474839	\N	\N	\N	\N	\N	185	185
330	2022-10-30 19:23:19.545738	2022-10-30 19:23:19.545738	\N	\N	Nora	53194598136	\N	\N	\N	\N	\N	141	141
331	2022-10-30 19:23:20.16615	2022-10-30 19:23:20.16615	\N	\N	Valentina	92738762301	\N	\N	\N	\N	\N	121	121
332	2022-10-30 19:23:20.378317	2022-10-30 19:23:20.378317	\N	\N	Reese	45901089138	\N	\N	\N	\N	\N	171	171
\.


--
-- Data for Name: deposit_lines; Type: TABLE DATA; Schema: public; Owner: postgres
--

COPY public.deposit_lines (id, updated_at, created_at, start_date, end_date, product_code, product_name, unit_price, product_quantity, amount, currency, deposit_id, created_by, updated_by) FROM stdin;
\.


--
-- Data for Name: deposits; Type: TABLE DATA; Schema: public; Owner: postgres
--

COPY public.deposits (id, updated_at, created_at, start_date, end_date, amount, currency, status, approval_date, vdsbs_id, created_by, updated_by) FROM stdin;
\.


--
-- Data for Name: invoice_interface; Type: TABLE DATA; Schema: public; Owner: postgres
--

COPY public.invoice_interface (id, updated_at, created_at, file_status, line_status, file_process_id, file_name, record_type, has_ps, invoice_no, invoice_date, due_date, amount, item_quantity, item_oum, item_description, currency, line_no, error_desc, related_users, external_v_code, external_ds_code, external_bs_code, created_by, updated_by) FROM stdin;
\.


--
-- Data for Name: invoice_lines; Type: TABLE DATA; Schema: public; Owner: postgres
--

COPY public.invoice_lines (id, updated_at, created_at, line_no, amount, currency, item_quantity, item_uom, item_description, invoice_id, created_by, updated_by) FROM stdin;
\.


--
-- Data for Name: invoices; Type: TABLE DATA; Schema: public; Owner: postgres
--

COPY public.invoices (id, updated_at, created_at, invoice_no, invoice_date, amount, currency, due_date, has_ps, ref_user_list, status, attribute1, attribute2, attribute3, attribute4, attribute5, ref_intf_id, vdsbs_id, created_by, updated_by) FROM stdin;
\.


--
-- Data for Name: payment_matches; Type: TABLE DATA; Schema: public; Owner: postgres
--

COPY public.payment_matches (id, updated_at, created_at, start_date, end_date, currency, matches_amount, created_by, updated_by, payment_schedule_id, payment_id, vdsbs_id) FROM stdin;
\.


--
-- Data for Name: payment_schedules; Type: TABLE DATA; Schema: public; Owner: postgres
--

COPY public.payment_schedules (id, updated_at, created_at, line_no, due_date, due_amount, remained_amount, currency, payment_status, vdsbs_id, created_by, updated_by, invoice_id) FROM stdin;
\.


--
-- Data for Name: payments; Type: TABLE DATA; Schema: public; Owner: postgres
--

COPY public.payments (id, updated_at, created_at, start_date, end_date, payment_type, reference_id, original_amount, remained_amount, currency, effective_date, invoiced_status, created_by, updated_by, vdsbs_id) FROM stdin;
\.


--
-- Data for Name: products; Type: TABLE DATA; Schema: public; Owner: postgres
--

COPY public.products (id, updated_at, created_at, product_code, product_name, unit_price, currency, vendor_id, created_by, updated_by) FROM stdin;
\.


--
-- Data for Name: ps_interface; Type: TABLE DATA; Schema: public; Owner: postgres
--

COPY public.ps_interface (id, updated_at, created_at, file_process_id, file_name, file_status, invoice_no, line_no, due_date, amount, external_v_code, external_ds_code, external_bs_code, currency, line_status, error_desc, created_by, updated_by) FROM stdin;
\.


--
-- Data for Name: user_entity_relations; Type: TABLE DATA; Schema: public; Owner: postgres
--

COPY public.user_entity_relations (id, updated_at, created_at, start_date, end_date, description, user_id, created_by, updated_by, vendor_table_ref_id, buyer_site_table_ref_id, dealer_site_table_ref_id) FROM stdin;
1	2022-10-30 19:21:39.147262	2022-10-30 19:21:39.147262	\N	\N	\N	18	18	18	\N	\N	18
2	2022-10-30 19:21:41.05036	2022-10-30 19:21:41.05036	\N	\N	\N	2	2	2	\N	2	\N
3	2022-10-30 19:21:45.62875	2022-10-30 19:21:45.62875	\N	\N	\N	8	8	8	8	\N	\N
4	2022-10-30 19:21:46.746608	2022-10-30 19:21:46.746608	\N	\N	\N	16	16	16	16	\N	\N
5	2022-10-30 19:21:46.988346	2022-10-30 19:21:46.988346	\N	\N	\N	49	49	49	49	\N	\N
6	2022-10-30 19:21:47.14317	2022-10-30 19:21:47.14317	\N	\N	\N	37	37	37	37	\N	\N
7	2022-10-30 19:21:48.491178	2022-10-30 19:21:48.491178	\N	\N	\N	38	38	38	38	\N	\N
8	2022-10-30 19:21:51.938846	2022-10-30 19:21:51.938846	\N	\N	\N	7	7	7	\N	7	\N
9	2022-10-30 19:21:58.703889	2022-10-30 19:21:58.703889	\N	\N	\N	19	19	19	19	\N	\N
10	2022-10-30 19:22:00.4364	2022-10-30 19:22:00.4364	\N	\N	\N	11	11	11	\N	11	\N
11	2022-10-30 19:22:00.576388	2022-10-30 19:22:00.576388	\N	\N	\N	4	4	4	4	\N	\N
12	2022-10-30 19:22:01.488016	2022-10-30 19:22:01.488016	\N	\N	\N	82	82	82	82	\N	\N
13	2022-10-30 19:22:01.932024	2022-10-30 19:22:01.932024	\N	\N	\N	107	107	107	107	\N	\N
14	2022-10-30 19:22:07.001321	2022-10-30 19:22:07.001321	\N	\N	\N	106	106	106	106	\N	\N
15	2022-10-30 19:22:07.284082	2022-10-30 19:22:07.284082	\N	\N	\N	54	54	54	\N	\N	54
16	2022-10-30 19:22:08.52718	2022-10-30 19:22:08.52718	\N	\N	\N	105	105	105	105	\N	\N
17	2022-10-30 19:22:08.666067	2022-10-30 19:22:08.666067	\N	\N	\N	7	7	7	7	\N	\N
18	2022-10-30 19:22:09.966801	2022-10-30 19:22:09.966801	\N	\N	\N	118	118	118	118	\N	\N
19	2022-10-30 19:22:10.450473	2022-10-30 19:22:10.450473	\N	\N	\N	48	48	48	\N	\N	48
20	2022-10-30 19:22:12.921538	2022-10-30 19:22:12.921538	\N	\N	\N	63	63	63	63	\N	\N
21	2022-10-30 19:22:16.618835	2022-10-30 19:22:16.618835	\N	\N	\N	68	68	68	68	\N	\N
22	2022-10-30 19:22:17.117021	2022-10-30 19:22:17.117021	\N	\N	\N	75	75	75	75	\N	\N
23	2022-10-30 19:22:17.528157	2022-10-30 19:22:17.528157	\N	\N	\N	28	28	28	\N	28	\N
24	2022-10-30 19:22:19.333282	2022-10-30 19:22:19.333282	\N	\N	\N	13	13	13	\N	13	\N
25	2022-10-30 19:22:19.725176	2022-10-30 19:22:19.725176	\N	\N	\N	55	55	55	55	\N	\N
26	2022-10-30 19:22:21.654758	2022-10-30 19:22:21.654758	\N	\N	\N	111	111	111	111	\N	\N
27	2022-10-30 19:22:21.920364	2022-10-30 19:22:21.920364	\N	\N	\N	34	34	34	\N	\N	34
28	2022-10-30 19:22:22.272774	2022-10-30 19:22:22.272774	\N	\N	\N	139	139	139	139	\N	\N
29	2022-10-30 19:22:26.179703	2022-10-30 19:22:26.179703	\N	\N	\N	38	38	38	\N	\N	38
30	2022-10-30 19:22:26.475613	2022-10-30 19:22:26.475613	\N	\N	\N	8	8	8	\N	8	\N
31	2022-10-30 19:22:26.605206	2022-10-30 19:22:26.605206	\N	\N	\N	25	25	25	\N	25	\N
32	2022-10-30 19:22:28.196091	2022-10-30 19:22:28.196091	\N	\N	\N	11	11	11	11	\N	\N
33	2022-10-30 19:22:28.334711	2022-10-30 19:22:28.334711	\N	\N	\N	34	34	34	\N	34	\N
34	2022-10-30 19:22:29.494288	2022-10-30 19:22:29.494288	\N	\N	\N	141	141	141	141	\N	\N
35	2022-10-30 19:22:30.506997	2022-10-30 19:22:30.506997	\N	\N	\N	55	55	55	\N	\N	55
36	2022-10-30 19:22:33.137732	2022-10-30 19:22:33.137732	\N	\N	\N	40	40	40	40	\N	\N
37	2022-10-30 19:22:33.399866	2022-10-30 19:22:33.399866	\N	\N	\N	161	161	161	161	\N	\N
38	2022-10-30 19:22:34.717413	2022-10-30 19:22:34.717413	\N	\N	\N	64	64	64	\N	\N	64
39	2022-10-30 19:22:34.885858	2022-10-30 19:22:34.885858	\N	\N	\N	121	121	121	121	\N	\N
40	2022-10-30 19:22:36.475201	2022-10-30 19:22:36.475201	\N	\N	\N	50	50	50	\N	\N	50
41	2022-10-30 19:22:36.864423	2022-10-30 19:22:36.864423	\N	\N	\N	158	158	158	158	\N	\N
42	2022-10-30 19:22:38.010975	2022-10-30 19:22:38.010975	\N	\N	\N	23	23	23	23	\N	\N
43	2022-10-30 19:22:38.986446	2022-10-30 19:22:38.986446	\N	\N	\N	128	128	128	128	\N	\N
44	2022-10-30 19:22:39.60025	2022-10-30 19:22:39.60025	\N	\N	\N	57	57	57	\N	57	\N
45	2022-10-30 19:22:40.559001	2022-10-30 19:22:40.559001	\N	\N	\N	25	25	25	25	\N	\N
46	2022-10-30 19:22:41.523067	2022-10-30 19:22:41.523067	\N	\N	\N	41	41	41	41	\N	\N
47	2022-10-30 19:22:42.877748	2022-10-30 19:22:42.877748	\N	\N	\N	82	82	82	\N	\N	82
48	2022-10-30 19:22:43.245368	2022-10-30 19:22:43.245368	\N	\N	\N	49	49	49	\N	49	\N
49	2022-10-30 19:22:44.20611	2022-10-30 19:22:44.20611	\N	\N	\N	93	93	93	\N	\N	93
50	2022-10-30 19:22:44.632107	2022-10-30 19:22:44.632107	\N	\N	\N	116	116	116	116	\N	\N
51	2022-10-30 19:22:44.884458	2022-10-30 19:22:44.884458	\N	\N	\N	24	24	24	\N	24	\N
52	2022-10-30 19:22:45.006261	2022-10-30 19:22:45.006261	\N	\N	\N	28	28	28	28	\N	\N
53	2022-10-30 19:22:47.551009	2022-10-30 19:22:47.551009	\N	\N	\N	60	60	60	\N	\N	60
54	2022-10-30 19:22:47.886652	2022-10-30 19:22:47.886652	\N	\N	\N	150	150	150	150	\N	\N
55	2022-10-30 19:22:49.391686	2022-10-30 19:22:49.391686	\N	\N	\N	38	38	38	\N	38	\N
56	2022-10-30 19:22:53.213166	2022-10-30 19:22:53.213166	\N	\N	\N	24	24	24	24	\N	\N
57	2022-10-30 19:22:55.419658	2022-10-30 19:22:55.419658	\N	\N	\N	40	40	40	\N	40	\N
58	2022-10-30 19:22:55.77005	2022-10-30 19:22:55.77005	\N	\N	\N	34	34	34	34	\N	\N
59	2022-10-30 19:22:57.363716	2022-10-30 19:22:57.363716	\N	\N	\N	63	63	63	\N	\N	63
60	2022-10-30 19:22:57.604663	2022-10-30 19:22:57.604663	\N	\N	\N	105	105	105	\N	\N	105
61	2022-10-30 19:22:58.24621	2022-10-30 19:22:58.24621	\N	\N	\N	115	115	115	\N	\N	115
62	2022-10-30 19:22:58.982955	2022-10-30 19:22:58.982955	\N	\N	\N	171	171	171	171	\N	\N
63	2022-10-30 19:22:59.263609	2022-10-30 19:22:59.263609	\N	\N	\N	88	88	88	88	\N	\N
64	2022-10-30 19:23:01.202387	2022-10-30 19:23:01.202387	\N	\N	\N	130	130	130	130	\N	\N
65	2022-10-30 19:23:01.554286	2022-10-30 19:23:01.554286	\N	\N	\N	40	40	40	\N	\N	40
66	2022-10-30 19:23:02.562468	2022-10-30 19:23:02.562468	\N	\N	\N	60	60	60	60	\N	\N
67	2022-10-30 19:23:04.247502	2022-10-30 19:23:04.247502	\N	\N	\N	55	55	55	\N	55	\N
68	2022-10-30 19:23:04.9018	2022-10-30 19:23:04.9018	\N	\N	\N	57	57	57	\N	\N	57
69	2022-10-30 19:23:05.164291	2022-10-30 19:23:05.164291	\N	\N	\N	4	4	4	\N	4	\N
70	2022-10-30 19:23:07.883086	2022-10-30 19:23:07.883086	\N	\N	\N	50	50	50	\N	50	\N
71	2022-10-30 19:23:12.358491	2022-10-30 19:23:12.358491	\N	\N	\N	41	41	41	\N	41	\N
72	2022-10-30 19:23:14.402758	2022-10-30 19:23:14.402758	\N	\N	\N	81	81	81	\N	\N	81
73	2022-10-30 19:23:18.090741	2022-10-30 19:23:18.090741	\N	\N	\N	108	108	108	\N	\N	108
74	2022-10-30 19:23:18.700708	2022-10-30 19:23:18.700708	\N	\N	\N	160	160	160	160	\N	\N
75	2022-10-30 19:23:20.0463	2022-10-30 19:23:20.0463	\N	\N	\N	71	71	71	71	\N	\N
76	2022-10-30 19:23:20.190706	2022-10-30 19:23:20.190706	\N	\N	\N	121	121	121	\N	\N	121
77	2022-10-30 19:23:20.881806	2022-10-30 19:23:20.881806	\N	\N	\N	108	108	108	108	\N	\N
\.


--
-- Data for Name: users; Type: TABLE DATA; Schema: public; Owner: postgres
--

COPY public.users (id, updated_at, created_at, start_date, end_date, username, email, password, user_type, tckn, mobile, token_version) FROM stdin;
1	2022-10-30 19:21:19.322553	2022-10-30 19:21:19.322553	\N	\N	Mr. Thad Skiles MD	carroll.frances@bsm.info	$2a$10$dXLJ4h7CNplcXv0SjdMmKe/m18rYLrGotcUOz6K.1jNOB7ZYCWEly	DA	76532921175	9238397698	0
2	2022-10-30 19:21:19.453879	2022-10-30 19:21:19.453879	\N	\N	Fae Bartell	beaulah.larson@sqj.com	$2a$10$Ro9grpplW3BBQ.lC3ZFs3OV3SFB17YJxdeeIWdarIvdrg4D6tzlGa	SA	15994689033	1067317109	0
3	2022-10-30 19:21:19.558637	2022-10-30 19:21:19.558637	\N	\N	Aileen Tremblay	huel.viola@dry.com	$2a$10$lNevx5mBnExlgrxFs8Mu7u8EkUBdS07cIjg.vFC0Ku52lo/kxXbOO	B	17120140180	4150382556	0
4	2022-10-30 19:21:19.663605	2022-10-30 19:21:19.663605	\N	\N	Arno Reynolds	ratke.lawson@yahoo.com	$2a$10$.UXswW6/5cJiX8HThBN4xegI3.YQ3vpHYbM63FBL2RGiWSktl6APm	VA	29756183574	5187328670	0
5	2022-10-30 19:21:19.766938	2022-10-30 19:21:19.766938	\N	\N	Ms. Madelynn Vandervort I	efrain@thc.net	$2a$10$UCP0qqiBCCnOEVyKuGQb5umNjLvTVDcmMYFWqHo3zcR9ZZGEHsrmW	BA	33540143148	6972926327	0
6	2022-10-30 19:21:19.868109	2022-10-30 19:21:19.868109	\N	\N	Ms. Tomasa Koepp	antonetta.rath@gmail.com	$2a$10$ALDgmBNq/YxvuZf8pwXuWOk5UgfeBfKUQ06qTUcRDSEmIgPQxuFKC	BA	18844950090	9321438555	0
7	2022-10-30 19:21:19.969415	2022-10-30 19:21:19.969415	\N	\N	Tiffany Bergstrom	darren@jor.com	$2a$10$.iPI3ngnevVYCXjzSbX/ZOq6efF2Mf77bo1QiA.ArXFqs1cJGmpie	SA	80231437344	7116023516	0
8	2022-10-30 19:21:20.067609	2022-10-30 19:21:20.067609	\N	\N	Hope Herzog	oliver@ord.com	$2a$10$ZqFotykHDMD/wkEHfjisTuGGbt45SCAc2iX6bT9MAeTDNFFhVnYDG	V	79155676639	7628449536	0
9	2022-10-30 19:21:20.165107	2022-10-30 19:21:20.165107	\N	\N	Benjamin Bode	zboncak@bal.biz	$2a$10$ndbEJC5WwoXuEMEXG5oy0.KujbpUgRNy0tsy925oDP8N21GR44zTa	VA	24992242892	9814003660	0
10	2022-10-30 19:21:20.25514	2022-10-30 19:21:20.25514	\N	\N	Deven Kozey	nelda.koss@gmail.com	$2a$10$idOo1G4ErImaLMlNQjboXOF4smZHHuVNBFEA9HdVso6wk3WKnS5Gi	DA	48210353075	3463849539	0
11	2022-10-30 19:21:20.356389	2022-10-30 19:21:20.356389	\N	\N	Carleton Feil	padberg.richard@gmail.com	$2a$10$KfZj2uflP27uaWglnNyxau.WrDBXXubUJAhiH2lt9D7TlpLzJ7D4C	SA	91881120445	8103864118	0
12	2022-10-30 19:21:20.475874	2022-10-30 19:21:20.475874	\N	\N	Ms. Chloe Heaney PhD	crooks@yahoo.com	$2a$10$gGGLewkcuIo8ClmTDqcO4uKYzHr8vhNbgLOKbbgN2/bH8Z3IFggSu	BA	41066734143	1289338977	0
13	2022-10-30 19:21:20.572694	2022-10-30 19:21:20.572694	\N	\N	Marcelino Beatty	crona@gmail.com	$2a$10$6O6ZVAW0eo/fMfj0UKv46OamlUv85KfIDfhJYs4sL4WpTJ1ImInKO	SA	21513656897	3385294422	0
14	2022-10-30 19:21:20.669287	2022-10-30 19:21:20.669287	\N	\N	Mr. Rocky Huel IV	chasity@dfc.biz	$2a$10$hlFTIJvYAItCmuTQkV.of.3znnEpwVF3P5G5a8CUh0Ieaqc5XGC.a	BA	20074929104	4920519968	0
15	2022-10-30 19:21:20.772426	2022-10-30 19:21:20.772426	\N	\N	Ms. Sarai Schroeder MD	considine.donato@pmt.com	$2a$10$xgD6UuDfcTVtE4gn3EFMje1ueE6pzdBm6gjtbEH/ZzrHCbxLSqzbW	DA	64597578111	4310126082	0
16	2022-10-30 19:21:20.865948	2022-10-30 19:21:20.865948	\N	\N	Rhea Prohaska Sr.	emiliano.crooks@ong.com	$2a$10$UBNDUvyJ4zK/i/kefteBdOAJVqzThTtWCVqs1jO29S7cOAgug571K	VA	50678301755	7242514897	0
17	2022-10-30 19:21:20.962399	2022-10-30 19:21:20.962399	\N	\N	Anjali Torp	devyn.ferry@hotmail.com	$2a$10$7KjdqPBWQirEkWK4KPka8OpBwdFZcnq5fs0x4RvfkBiL5CavHkb0S	DA	48497746301	2080131080	0
18	2022-10-30 19:21:21.053399	2022-10-30 19:21:21.053399	\N	\N	Marc Skiles	gina@phw.com	$2a$10$iC9fyiI2aG1kkRJri5vI5uOb9A8C84IhmrlVEKx9EFZmeXF.MyvSO	SA	73153868305	4541580506	0
19	2022-10-30 19:21:21.147468	2022-10-30 19:21:21.147468	\N	\N	Dorothy Cronin	cooper@dso.org	$2a$10$3vAA73xehOmqpK4G8X0s6uib2EgMAM0eL54PVoTWtrK8uwlTrv6Ry	VA	53481748113	9832156365	0
20	2022-10-30 19:21:21.246249	2022-10-30 19:21:21.246249	\N	\N	Baylee Considine	tracey@hotmail.com	$2a$10$MshaN5rTF2GeWTcUNDE0gOSojFOlsxxOZtvTmy1IsVy0tXl28L2Ui	B	83775923356	9453783048	0
21	2022-10-30 19:21:21.337336	2022-10-30 19:21:21.337336	\N	\N	Mr. Silas Romaguera III	ward.rebekah@yed.com	$2a$10$6Y2KoHJYL5EZoDCb3XO27e5jxViN.UlV5db1tXAJQVHz9bNMyYIb.	D	12118657993	7778021919	0
22	2022-10-30 19:21:21.42949	2022-10-30 19:21:21.42949	\N	\N	Giovanny O"Keefe	coby@hotmail.com	$2a$10$EHNY.iytYzqs6XpNRSxF.OO.0vM/zCmglJBDWtwAQgBCY/l93lNL6	B	73775434083	2800777701	0
23	2022-10-30 19:21:21.518399	2022-10-30 19:21:21.518399	\N	\N	Mr. Deontae Hand III	waters@egq.org	$2a$10$IKMZKK.q2j1.40jj9.uN8up3NvWBKjlqnjrQK4GB76dzoXkOd//NK	SA	41171030047	6789683760	0
24	2022-10-30 19:21:21.62132	2022-10-30 19:21:21.62132	\N	\N	Maddison Bailey	andreanne.mclaughlin@yahoo.com	$2a$10$nyleHueOhjJHW6oXPvDx.uON6rx9pnBu/zsRSsh1.Zf2LlNGHeRLO	V	10877512780	4132707848	0
25	2022-10-30 19:21:21.712728	2022-10-30 19:21:21.712728	\N	\N	Anna Jones	orn@lsu.com	$2a$10$ygsDpgNEiskHlp077wBjCeXbfqP1kbeiFUhhaSaO5YSojyfJO6yM2	VA	58856129322	7824111302	0
26	2022-10-30 19:21:21.80746	2022-10-30 19:21:21.80746	\N	\N	Cordie Reinger	vallie.herzog@hxz.com	$2a$10$rS9x3d0SLXV/87DsZrSr6.64FNukJtYnofQAIC1xHqDf7Mu8WnrWS	BA	72520344354	1016065405	0
27	2022-10-30 19:21:21.902821	2022-10-30 19:21:21.902821	\N	\N	Ms. Maureen Stokes III	langosh.corene@yahoo.com	$2a$10$sJryo3PvkxYN8rdpejCI/.eibWeAFhY8TJFJozJmk05nmX/1iRXG.	DA	97251563643	8942378367	0
28	2022-10-30 19:21:22.010722	2022-10-30 19:21:22.010722	\N	\N	Ms. Joannie Funk III	hettinger.heath@hotmail.com	$2a$10$ps3tbO9L1mQbLwJAvGDLzO35y8oEND0qsKgxbCgHL63iK1m7V4UNe	VA	80172842047	7754029530	0
29	2022-10-30 19:21:22.101972	2022-10-30 19:21:22.101972	\N	\N	Ms. Kellie Maggio	lane@gmail.com	$2a$10$/ntLECbTiMaJ2.geB8P7i.TZS5DpvoD8yhYd4eCy8Vogr8foDxvmG	D	88836824649	1080365977	0
30	2022-10-30 19:21:22.194639	2022-10-30 19:21:22.194639	\N	\N	Mr. Maverick Vandervort Sr.	isaiah.langosh@kha.biz	$2a$10$pdsu0FMXAhEnvbaOB7.r4OpDa8fILb3ZloabMYAG/wavuKqba0CKO	DA	70687491764	3932599417	0
31	2022-10-30 19:21:22.28536	2022-10-30 19:21:22.28536	\N	\N	Ms. Willie Altenwerth	luigi.kuhn@gmail.com	$2a$10$EtvHr0zB.QTwFogRSq6.seDq/rF0pKcA1SvBt0m.2aw.nUQC4qIqe	DA	42496543048	6554195904	0
32	2022-10-30 19:21:22.381175	2022-10-30 19:21:22.381175	\N	\N	Jameson Gusikowski	lemke.letha@zrc.biz	$2a$10$onQFSX9UocUD5YuIeSsHs.iKeWRFkzkuki.bsaavm89KFve8qNoTK	D	81488607973	2736362497	0
33	2022-10-30 19:21:22.47619	2022-10-30 19:21:22.47619	\N	\N	Stephen Stroman	ebony@vhw.com	$2a$10$AfUNEmqhYpFxDpgM7Sd5xuIsAdAqQjn5U3lRNzcl1zgRoc/tONP2.	DA	20564117633	4772180473	0
34	2022-10-30 19:21:22.577821	2022-10-30 19:21:22.577821	\N	\N	Bridget Bernhard III	spinka.okey@bqk.info	$2a$10$IKD5OkLRZsrZBqHnMmky9.Y2pG6AWiWXanClL92iqDuXTGjD8mLZu	V	92657980498	3738659590	0
35	2022-10-30 19:21:22.683853	2022-10-30 19:21:22.683853	\N	\N	Chet Collins V	cordelia@gmail.com	$2a$10$iBrkaVWRmG3NvtUTAwhLy.Ki6zCxYcMNy48VqDbvyPiy1uBGCZtVu	D	98124989807	8272256376	0
36	2022-10-30 19:21:22.78389	2022-10-30 19:21:22.78389	\N	\N	Ms. Lysanne Rolfson	cristina.zemlak@gmail.com	$2a$10$wNoSX0xeKdnya76fxu90ee8peuIjc4dw6xMnZWr/47Esc1kMi3JyC	B	63364733404	5769797801	0
37	2022-10-30 19:21:22.934725	2022-10-30 19:21:22.934725	\N	\N	Delia Bosco	janick@yahoo.com	$2a$10$peLzs4Wni4K7NW10ld7ub.lFPmE/wAk9GGwMHUanWWqUulI0lXo5G	SA	24721014906	6944976410	0
38	2022-10-30 19:21:23.036314	2022-10-30 19:21:23.036314	\N	\N	Cielo Kassulke	jocelyn@yahoo.com	$2a$10$JRNTiNOoCg8M.hiDGS4EE.v2A6SvjhwUTMCJf2P2vcLyE.lchaLiW	SA	55657149355	9797379241	0
39	2022-10-30 19:21:23.128997	2022-10-30 19:21:23.128997	\N	\N	Abigayle Schultz	mayer@yahoo.com	$2a$10$TP88fwB8N3kE2lMDcx1.vOpF6mNyFimxLa2JI6PvlTiKZCbz8GAg.	D	80119783133	2280744506	0
40	2022-10-30 19:21:23.230441	2022-10-30 19:21:23.230441	\N	\N	Susan Koss	russel@yahoo.com	$2a$10$IKIoJaS6cVhAkpmVX.xc6eWYu.tJvE8LHqfnXPtCavW8dxlRC8X.i	V	50079823805	8114329193	0
41	2022-10-30 19:21:23.329003	2022-10-30 19:21:23.329003	\N	\N	Mr. Omer Wiegand	haylie.runolfsson@hys.biz	$2a$10$lPHJYdj.P6oHYFPpVdEWfuQYWDYf/8vtFR6mUgc3j5EWrjkW3K4bS	V	52320962140	8719753119	0
42	2022-10-30 19:21:23.459111	2022-10-30 19:21:23.459111	\N	\N	Helga Herman	mccullough@uuu.com	$2a$10$v8vkWcDQ6N6M6o7JVUJ7xOJV/Se0g3B9tP7QqMUZ3sdOtob2.RW9a	DA	31603295457	2722232994	0
43	2022-10-30 19:21:23.552115	2022-10-30 19:21:23.552115	\N	\N	Kameron Schaefer V	garnett@yahoo.com	$2a$10$b6T/WViCBUG7WonPUsJuAeOmc5QW/qhn/ipuVGoL/UDVmoqw55oMa	DA	66333280545	7986915572	0
44	2022-10-30 19:21:23.651671	2022-10-30 19:21:23.651671	\N	\N	Torey West	welch.janis@yahoo.com	$2a$10$YmlLPy3wqFNZ.69NyNAeR.zCMQmsKExA5P9H3raz3SAjWANbEmuHG	BA	80405321426	1003649058	0
45	2022-10-30 19:21:23.746977	2022-10-30 19:21:23.746977	\N	\N	Scarlett Barton Sr.	antwan@gmail.com	$2a$10$6CaAww3sndgzdebK4kvmJeNS5WhmkVoQ2Qu6egk67sheN6PmY9U6S	DA	47809833433	8028477344	0
46	2022-10-30 19:21:23.839393	2022-10-30 19:21:23.839393	\N	\N	Beverly Hills	aufderhar.skylar@jth.org	$2a$10$NMhKRX0DIbIUEk5LPPY1..aJZx2rcmvTMcz0ar7j2s0Q2m/OvcJKm	DA	88076528261	3969376173	0
47	2022-10-30 19:21:23.941629	2022-10-30 19:21:23.941629	\N	\N	Nicklaus Heidenreich	cruickshank.eino@hotmail.com	$2a$10$12w85NXduf3weQ66pu2Mqu15egLAA9dZGatVewOOBUa76CpD2wlwG	B	53375763724	1800989351	0
48	2022-10-30 19:21:24.034895	2022-10-30 19:21:24.034895	\N	\N	Chance Hamill	schneider@hotmail.com	$2a$10$prUfftezSmHtbY.wjzcqYORpnhkpP/GZV1fPLoUeYNGla9L0lx6Kq	SA	47793885411	1893313230	0
49	2022-10-30 19:21:24.167452	2022-10-30 19:21:24.167452	\N	\N	Coby Cronin	harris.tiana@cpx.com	$2a$10$q3lnbjDpB7rMYYdaD45cHeRYUf5k6mpL9iHNKEmnkoEsbRFcNxBoy	SA	87967039619	9722840233	0
50	2022-10-30 19:21:24.272374	2022-10-30 19:21:24.272374	\N	\N	Stefanie Smitham	wolf@epg.info	$2a$10$V6Stoki4VYXr4wn8q5nynesB7mf1E0bCWqzF.OAHmCWj8ZHvnGayC	SA	29940319836	4271632603	0
51	2022-10-30 19:21:24.360503	2022-10-30 19:21:24.360503	\N	\N	Mr. Oda Ferry	rolfson.cathrine@gmail.com	$2a$10$qxgnkaPx.zd6KMfvPGIFSOD9VhzjqzZoe7ayERmIXZdBNZUhrZ2su	BA	16907263659	8230335166	0
52	2022-10-30 19:21:24.45032	2022-10-30 19:21:24.45032	\N	\N	Mr. Neil Von	klocko@ymq.biz	$2a$10$6NPl6/UKm2pbkheEG7Jk/.y3cPwGE6T9P4XES2tsm1ln7SXaMXFv.	D	72933024524	2208367810	0
53	2022-10-30 19:21:24.542293	2022-10-30 19:21:24.542293	\N	\N	Emile Reichert	heidenreich@rqf.com	$2a$10$lm/1.z2jIN.uTQnah6g9feJCxOoRAiUSnYurxA6j7ftUq3/0COye.	B	98263494717	1915930256	0
54	2022-10-30 19:21:24.63266	2022-10-30 19:21:24.63266	\N	\N	Florida Cassin	alexandrea@yahoo.com	$2a$10$CoQhR7OOU47FEFYpMtK3WOMhBQws.gnr32jvw.L2IuHyHuXWylbDe	SA	67773087578	3870529677	0
55	2022-10-30 19:21:24.725295	2022-10-30 19:21:24.725295	\N	\N	Christiana Harvey	nolan.edmond@hotmail.com	$2a$10$xZFJk4dUEuSCfSO.qESlQOKimJYczsAP7VmFN.NDLiDq4oJjpOG8u	VA	10573083365	4931749005	0
56	2022-10-30 19:21:24.815903	2022-10-30 19:21:24.815903	\N	\N	Viva Rippin	kraig@lpz.info	$2a$10$VXdhPiz2f/Lo9RV1x.fIZek/sqP0mWYeMGo8AV3ZmmrIJS8t54ls2	DA	23008459922	7590014516	0
57	2022-10-30 19:21:24.91504	2022-10-30 19:21:24.91504	\N	\N	Annabelle O"Keefe	oleta@mty.com	$2a$10$dmp7zs4MO/S0vwrOOV0chOKh.1vo/LnlE5czPt7llsNq3PHVp.2Jm	SA	45250236425	6593246356	0
58	2022-10-30 19:21:25.004509	2022-10-30 19:21:25.004509	\N	\N	Elnora Oberbrunner DDS	roberto@yahoo.com	$2a$10$BKL1rVjM2UxBNRJHCXKZueqRUXvjSuMJKju9Nve0FEbOeMUnzb./i	B	99424777956	9861170840	0
59	2022-10-30 19:21:25.092199	2022-10-30 19:21:25.092199	\N	\N	Connie Lockman	wuckert.broderick@iwe.biz	$2a$10$AlQ138zIUQV.j6DS5palJuFkgHWTOBcMBEBVmE8j.STrDtYpgPjK6	D	51977445439	1678498829	0
60	2022-10-30 19:21:25.180924	2022-10-30 19:21:25.180924	\N	\N	Donna Sawayn	fahey@hotmail.com	$2a$10$2nSP4sYDOsdjoFVbXQasmuzeDvetEIeha/m3LxS/PFoP0mYXQ7dAW	VA	59252060891	6780126599	0
61	2022-10-30 19:21:25.272872	2022-10-30 19:21:25.272872	\N	\N	Carolina Koepp	dibbert@aht.info	$2a$10$m.mn9Rye.E/hp46Wi9dd.eCKAhJdmImlJCCobiizaL9sWbpEzK42.	D	91307118664	5647939549	0
62	2022-10-30 19:21:25.381912	2022-10-30 19:21:25.381912	\N	\N	Ole Pollich DVM	abel@djc.net	$2a$10$uSsyzY4pepX5XXBaV4f2nOjNLxj4VaIqlI89ht9oNXu646YZOznFm	SA	13947353336	2559781552	0
63	2022-10-30 19:21:25.483048	2022-10-30 19:21:25.483048	\N	\N	Carmine Doyle DDS	rahul@nbd.com	$2a$10$iTHHsVuWRsgvL1wK.trLJOPlMUsiu9H64SKDj7qM8g/I/mQTDIY0e	V	29819054136	9074369838	0
64	2022-10-30 19:21:25.577846	2022-10-30 19:21:25.577846	\N	\N	Ms. Kali Russel MD	abdul.hammes@edr.com	$2a$10$Wj.BZo7WQH1jXYAqk1Vsae5JjYXEAtT3Hti9b7gj1Utt3zIdTpxuC	SA	83364976750	5990888869	0
65	2022-10-30 19:21:25.677235	2022-10-30 19:21:25.677235	\N	\N	Wendy Mohr	cruz@hotmail.com	$2a$10$7Qg5S9lPyXjrstBBKoKR3u.qfCWIp4UaH.UwPMr7YvKnxbv9ib64C	B	67571552627	5511428266	0
66	2022-10-30 19:21:25.769601	2022-10-30 19:21:25.769601	\N	\N	Cindy Schinner	powlowski@yahoo.com	$2a$10$obRmVYdYrKZR57gbvU38JOa.Er6VrHUD8UjfrTr8ausufRr8jIoIa	B	13046156163	4499225858	0
67	2022-10-30 19:21:25.856169	2022-10-30 19:21:25.856169	\N	\N	Violet Barrows	towne@hay.com	$2a$10$/UiDKH0SRSeHh/7BxOJoP.ifbKp23WLzMwbea9uJ//gZndiwjURLu	DA	76773891822	8642615214	0
68	2022-10-30 19:21:25.980546	2022-10-30 19:21:25.980546	\N	\N	Modesto Moen IV	streich@inb.net	$2a$10$96qWy6irsYf1crzlLFjkpuHLcKyZZFA3p/I56wX7TLu15Ed5RD6Ce	SA	43775856706	9912543268	0
69	2022-10-30 19:21:26.080686	2022-10-30 19:21:26.080686	\N	\N	Sanford Lehner MD	josue@iii.biz	$2a$10$XxdRI8pcpeh3WGN/kxIeGe9FvHAwjGNi3HrIT8I/f8hAv53WTaBru	SA	89099119529	5225464028	0
70	2022-10-30 19:21:26.17701	2022-10-30 19:21:26.17701	\N	\N	Mr. Jennings Lehner	melody@vkw.net	$2a$10$LbPCFBH4xAEyW8QZbOC0CundnMhKbcviU1jA0XE5YFfRtX7SeOST6	SA	34474587432	9707234330	0
71	2022-10-30 19:21:26.300789	2022-10-30 19:21:26.300789	\N	\N	Harry Jacobson DDS	schoen.ottilie@gmail.com	$2a$10$VfsiMudCz5dw9Z0t0yd0s.o.eM.ZyuBZnXBxU5VNNQ3vG3oC2Jw9G	V	14716755537	6375037339	0
72	2022-10-30 19:21:26.405269	2022-10-30 19:21:26.405269	\N	\N	Cora Stoltenberg MD	stanton@gmail.com	$2a$10$ObLs5YHR0U1736/MMtVs1uWjAPV1NUc6c0RttqcoHJRwTkR9aHfaK	BA	37496221453	5214316826	0
73	2022-10-30 19:21:26.495533	2022-10-30 19:21:26.495533	\N	\N	Mr. Gene Casper	rau@hotmail.com	$2a$10$BZlrekA2R8OyUVUp/FqwvOq14NJu5u2H7.jbBjmuR2gExXdKUzIWq	D	58104253091	8568637385	0
74	2022-10-30 19:21:26.600087	2022-10-30 19:21:26.600087	\N	\N	Ernestina Kuhn	alexys.jacobson@afu.biz	$2a$10$uOpdzu4CJifgjjtdw7Sm8uics6G1ETRRa1Rx9C0tvITM3yo1lrbRq	DA	27621031301	7948266360	0
75	2022-10-30 19:21:26.690859	2022-10-30 19:21:26.690859	\N	\N	Jeremy Mayert	becker.marcelo@ckf.org	$2a$10$n63hM7SHUzSdXtVBrUjaM.fisWQEArb5BpjHr6hZ9jge2xLq9SkI2	SA	39538261299	3499766610	0
76	2022-10-30 19:21:26.786246	2022-10-30 19:21:26.786246	\N	\N	Ms. Krystel Gleason	lavon@hotmail.com	$2a$10$UUJ.3xKxzZ91BydNU8TGAuJTvcsuagVvNMdFxS0lsflGRKXygnLmW	D	34885885985	5088190038	0
77	2022-10-30 19:21:26.885541	2022-10-30 19:21:26.885541	\N	\N	Ms. Orpha Schowalter I	peggie.o_kon@gmail.com	$2a$10$IrR/pQ8Uwdwe3Euz1QAO4ejGEDtkXbKh7/DwARuCzmQ1RE/F4k.A6	DA	46337802543	7968302056	0
78	2022-10-30 19:21:26.983911	2022-10-30 19:21:26.983911	\N	\N	Saul Murazik	augustus.hudson@krn.com	$2a$10$Phw3aDG.Qudt4Yt5NgLCwuYydhU8Yj2g3XgYF3m8.VJ5YVxpzlq7K	BA	10409047361	7371463008	0
79	2022-10-30 19:21:27.073403	2022-10-30 19:21:27.073403	\N	\N	Winnifred Pagac	retta.gorczany@ckl.com	$2a$10$kzvJH7E8JMTXUSPpkDifpOAe.lF6tOAxT/qbdIq/MMRQtVTg138vm	BA	78147417903	1872046410	0
80	2022-10-30 19:21:27.171094	2022-10-30 19:21:27.171094	\N	\N	Harmon Spencer IV	witting.dillon@txe.com	$2a$10$pSGWirAGyj9g24RUnRtjTesyZjHgWwSvP0qK6n8KW5c.1/OvXyoau	D	80242593446	4928472376	0
81	2022-10-30 19:21:27.268241	2022-10-30 19:21:27.268241	\N	\N	Hayden Strosin	isobel.funk@ewl.org	$2a$10$cPgkYe3yv8M3lHTL7r6C7uapWlQBmL0Y8oWmFhAm1/6M5VX1I0CVa	SA	20888943192	2140664105	0
82	2022-10-30 19:21:27.368065	2022-10-30 19:21:27.368065	\N	\N	Ms. Mia Farrell PhD	pagac.madge@hotmail.com	$2a$10$DEKX1C7/VxpIa6Dko02qFuWcTgaI1GVPPo2OiNhX6Z/jivqnw0SgC	V	41271307078	9079375282	0
83	2022-10-30 19:21:27.459486	2022-10-30 19:21:27.459486	\N	\N	Gustave Kuvalis	ambrose.o_kon@jax.biz	$2a$10$z0UzITu0Zu6U/nN6zBPde.PrY7lYCfLBqAga1FQuXuqgi8sDMFvq6	B	60895009353	8459609179	0
84	2022-10-30 19:21:27.606665	2022-10-30 19:21:27.606665	\N	\N	Ms. Jody Metz	west@hotmail.com	$2a$10$PO/d2yIiHMClPkPpt4NQruwrj7SeHaMS38C4rwz4B8N8EV5XUciSO	B	69298462537	7193246104	0
85	2022-10-30 19:21:27.717673	2022-10-30 19:21:27.717673	\N	\N	Kyra Reynolds	kuphal@yahoo.com	$2a$10$/I2fPdzrCWJdciZSsSGf2ua/AfNUYYlJytfnkqcCy2l9MwKb40c/q	BA	46227316884	9226431194	0
86	2022-10-30 19:21:27.819742	2022-10-30 19:21:27.819742	\N	\N	Horace Jacobs	adams.jamie@nlw.com	$2a$10$29UMyAgVcrDDABXgMrzX4e9FabQGs3MGtOMhaFy1yKm3sYXf4Pzh.	D	80694563736	6912225754	0
87	2022-10-30 19:21:27.935334	2022-10-30 19:21:27.935334	\N	\N	Ms. Scarlett Orn	auer.myah@bua.net	$2a$10$KLacHzIKPB1NwFgv3agnc.9FU.Y/NsJ43VU8./n/OEJ56.XzCes1W	B	79781648975	5761920233	0
88	2022-10-30 19:21:28.049715	2022-10-30 19:21:28.049715	\N	\N	Mr. Alejandrin Beer	alyson@hwa.com	$2a$10$gj7VClgL9JfiIchdLyncY.kc1VeOJ94qgBZAUS2opBhejikVZQH4G	SA	74066741755	5326453160	0
89	2022-10-30 19:21:28.14616	2022-10-30 19:21:28.14616	\N	\N	Solon Kassulke IV	bianka.stamm@hotmail.com	$2a$10$IoXOpp2hIpVx7CoFfio8su6c4Ei4asiriGWNCWMwrxFWF2h.MeAyu	BA	77687739748	6482559307	0
90	2022-10-30 19:21:28.239988	2022-10-30 19:21:28.239988	\N	\N	Enrico Wiza	rath@tdi.com	$2a$10$WvyqfaV4lC/ve/X1WwCi2eou9Mm8VbuMTkT8spM/iWfiEswsW9Og6	D	62452000730	7515379252	0
91	2022-10-30 19:21:28.342207	2022-10-30 19:21:28.342207	\N	\N	Mr. Joshua Mraz	schmidt.hazel@hotmail.com	$2a$10$FWm6lWkKc7zEsLt1k8sj1uuO..n9eDo7T1QNhXIjxpNIj1/DnqGlK	B	86980981488	6301291473	0
92	2022-10-30 19:21:28.444994	2022-10-30 19:21:28.444994	\N	\N	Ms. Zelma Hirthe	sasha@aie.com	$2a$10$pIiC.p7ZxgKcWfYFYPDTeuvXlLAGLvWdxRhECU8JK6k.Y9yqw6xZu	DA	93213604144	8979142874	0
93	2022-10-30 19:21:28.535648	2022-10-30 19:21:28.535648	\N	\N	Ms. Rebekah Barrows I	caleigh.borer@omf.com	$2a$10$t4ny4xWA8l7JkFwOEjswhudY3igNVUB.AhonhqO/2QLKyXLwbTf5K	V	20050959809	5265664576	0
94	2022-10-30 19:21:28.626593	2022-10-30 19:21:28.626593	\N	\N	Cary Metz	collier@gmail.com	$2a$10$qnITYKeUnLr2rJ7X4jhdWuzPbjXvD48vPMkKZ1zst1fd/9/2P5VvO	V	29526360199	6780919178	0
95	2022-10-30 19:21:28.723929	2022-10-30 19:21:28.723929	\N	\N	Winston Greenholt	jerod@oht.com	$2a$10$.dPb5gnUfa235zDij60mhugeIyMc/a6t7YKuCIiMgtjYf5AMIYIRC	V	53823001085	2697346397	0
96	2022-10-30 19:21:28.838197	2022-10-30 19:21:28.838197	\N	\N	Nestor Murazik	mohr.rebekah@hotmail.com	$2a$10$WSVYb.p.436yEPkM0g.bjeWCB7kWJ5TvYGnbiKF4iXPoqHOEDeXte	D	10254287974	9436394538	0
97	2022-10-30 19:21:28.940216	2022-10-30 19:21:28.940216	\N	\N	Mr. Dillan Keebler	aliya@udy.com	$2a$10$6nEUMDp2FNDO.Al7ejQ6BeKaVheTG6AjdQmBSQO4.iNByOAhCjOhe	BA	23681981917	3290222186	0
98	2022-10-30 19:21:29.038013	2022-10-30 19:21:29.038013	\N	\N	Ms. Nova Koepp MD	micheal@pws.com	$2a$10$PVRUPtdoUQvn0cGqO4MqXubcEegs51X9laHvAjjc1ofGohiDS4kdW	DA	88954179410	8089436720	0
99	2022-10-30 19:21:29.129613	2022-10-30 19:21:29.129613	\N	\N	Porter Purdy	alize@yahoo.com	$2a$10$Qi6EeYODGS682huj00kJ.eNPEzOzgVuR4y7argqFHBYJ.R2q6gZpK	SA	68632966490	4075300007	0
100	2022-10-30 19:21:29.237253	2022-10-30 19:21:29.237253	\N	\N	Mr. Alford Jaskolski	victoria@ddf.org	$2a$10$r/XIJ7WhfH8rDXvTyoigJuef1hLbvuiXYMyOnUiburvTiY4X7PaLO	BA	56171209376	7731866828	0
101	2022-10-30 19:21:29.346653	2022-10-30 19:21:29.346653	\N	\N	Martina Towne	prosacco.alexys@hotmail.com	$2a$10$PqeBTNCTDEXSgsiWY7Lr..BrwJTriGx3G3IXNvlL/90lK5bP8Vnlm	BA	52114835472	6771144595	0
102	2022-10-30 19:21:29.45657	2022-10-30 19:21:29.45657	\N	\N	Madie Jones	bode.lela@jxe.net	$2a$10$yS1NKs1bOJdTaRTUBw1SbOtpIU05a2aIGrkKN5Nyr68kUzt95ADPG	DA	42745649551	5420309552	0
103	2022-10-30 19:21:29.558272	2022-10-30 19:21:29.558272	\N	\N	Mr. Dario Towne Jr.	chanel@gmail.com	$2a$10$WwX.aARKBKW2mHgzK6BkfOE9eCZ.XlIPLQysmVVaP1ocGQZ1dJ3wi	D	97379283961	4863643003	0
104	2022-10-30 19:21:29.675055	2022-10-30 19:21:29.675055	\N	\N	May Hayes	henriette.dickinson@wzy.biz	$2a$10$ODMZq9bEvfhjj2EbyqCAQOul9voSNrCYBnMwKVO2SSWmn9M02pjiW	BA	51096514011	7289535572	0
105	2022-10-30 19:21:29.822465	2022-10-30 19:21:29.822465	\N	\N	Lucinda Hirthe	shanelle.hintz@fau.com	$2a$10$I2E4LrVSFXYvKwIWGW50eO.S4DmNOQgVEv1KnEgMAMvFRfTUxs2IS	VA	13372899952	8350749852	0
106	2022-10-30 19:21:29.924504	2022-10-30 19:21:29.924504	\N	\N	Marty Veum	dibbert.eloise@hotmail.com	$2a$10$qSz.BT2BX4chgpfYrnQY7eepxLGUqzMgndJesAqpqPcmHpDxMVuBi	V	36316296173	8175710183	0
107	2022-10-30 19:21:30.031715	2022-10-30 19:21:30.031715	\N	\N	Mafalda Boehm	koepp@ygs.com	$2a$10$fvPszhxtOgQ8TycWWIZ9jOd3WgmgqPNsnbGe6OJ0oR1LIsUPiBnGC	SA	97715272613	6764307989	0
108	2022-10-30 19:21:30.131147	2022-10-30 19:21:30.131147	\N	\N	Camren White	borer@tku.com	$2a$10$DYzhTrPe6cgUw6N6KfRbguS08WEr9bdzhx3pM1GN3XC53i4o5ESrS	V	16847069240	4335798287	0
109	2022-10-30 19:21:30.271758	2022-10-30 19:21:30.271758	\N	\N	Roselyn Connelly	hegmann@zqn.com	$2a$10$sHL3Ug3m./Mg1Xi/d42pVeSYYnTLF3EhfGpK57Nh5dASBQOo1Yjom	BA	73620406699	4084663173	0
110	2022-10-30 19:21:30.396856	2022-10-30 19:21:30.396856	\N	\N	Haylie Ryan	koepp.reyes@vzz.com	$2a$10$WRT4lheP.HmFyVx9Yz/CzOunUkVPT6CDETpbebU.VwJbv87M/ZNBG	B	69508575292	5096125707	0
111	2022-10-30 19:21:30.593364	2022-10-30 19:21:30.593364	\N	\N	Mr. Tod Marquardt II	adrian.davis@yahoo.com	$2a$10$hWJhMnSojbLTr/mytd8Poe0wdiV0ZRHOcFfLSRZHojhlkqy5g79gu	SA	44009607122	5120242086	0
112	2022-10-30 19:21:30.735592	2022-10-30 19:21:30.735592	\N	\N	Estel Harris	ziemann.maurine@eeb.biz	$2a$10$h4YDj61GBjs/Br/ImhjzoOMtpxoCV0qxlrs0UHYe9kUyLAGki8kEC	BA	86647486421	8370379137	0
113	2022-10-30 19:21:30.86803	2022-10-30 19:21:30.86803	\N	\N	Darien Maggio III	chyna.nader@jdg.biz	$2a$10$NixO2B98zdLKWZN0gqginOBPcoWNKX7bSk1v3qJCCj4HKuhf1dqfO	DA	15727224539	3380418720	0
114	2022-10-30 19:21:31.203336	2022-10-30 19:21:31.203336	\N	\N	Mr. Johann Fadel	adriel.howell@hsu.com	$2a$10$NH/IXXzrSZy/rN4bYulYzOeYBdQo1yI296BLFPel4aB8HJ9K/EHEu	SA	42539652039	6719249608	0
115	2022-10-30 19:21:31.31743	2022-10-30 19:21:31.31743	\N	\N	Nelle Hills	fritsch.katrina@zan.info	$2a$10$zVKaSpYU4LAMk1C/MV/rBe/ml6RhdByxAz5k7y2DOV1Nj4SI9gV2W	V	40767959999	9745422032	0
116	2022-10-30 19:21:31.442994	2022-10-30 19:21:31.442994	\N	\N	Ms. Holly Breitenberg	felipe@nub.com	$2a$10$97yAe3fKhNd0U6g4StuRa.PkhhXGfIms9TrzD1WRB1qw9yEwaTKVy	VA	97963722254	2476157513	0
117	2022-10-30 19:21:31.594164	2022-10-30 19:21:31.594164	\N	\N	Mortimer Tremblay	london@gxm.info	$2a$10$tRzh.DAvg69lUyOtNxAXzu.pzjoDGSbbdhrI9wUFdAosHL5EvDIwe	D	30534259586	1683942347	0
118	2022-10-30 19:21:31.724088	2022-10-30 19:21:31.724088	\N	\N	Mozell Renner	hauck.zackery@xun.org	$2a$10$z1eUz85gdOm2GgXwT70j6edI8D9JMcvWWCHmsailjwvSyl4OGJmpO	V	60766400262	7126932502	0
119	2022-10-30 19:21:31.863565	2022-10-30 19:21:31.863565	\N	\N	Brant King	bednar@erj.com	$2a$10$Runbd.ykYiYnxl2FRIb4P.mWYugqfmDDh.dY7v/PU24.5eGWlkMGe	D	64804117919	6588182395	0
120	2022-10-30 19:21:31.980959	2022-10-30 19:21:31.980959	\N	\N	Ryleigh Hammes	braun@hotmail.com	$2a$10$Jk9UfV2mV7nWsmeyZa95zujpW0TdIM9ny8c.urOaMhEAI0yVzrqKm	D	51615651027	2760498407	0
121	2022-10-30 19:21:32.099848	2022-10-30 19:21:32.099848	\N	\N	Mr. Carmel Lesch	collins@oda.com	$2a$10$iccFGb9mPGuHNHBHjdI3aeFSY3oo4zNCHKr..dey/f7OPT5eyS1Uy	SA	49940903884	9842454072	0
122	2022-10-30 19:21:32.216219	2022-10-30 19:21:32.216219	\N	\N	Jared Barton	retha.dooley@gmail.com	$2a$10$BIiLWWvHx6X9FMebfnjdPuzIFt9aEVYO404SmeiaadoMFRVGUMuC2	D	89377677465	7702030914	0
123	2022-10-30 19:21:32.353961	2022-10-30 19:21:32.353961	\N	\N	Mr. Gus Swaniawski	alexis@hotmail.com	$2a$10$nAvz65u.nGq2eHw8Py9Vz.NG/nhIV.b0Gcyi4ZOIWVq9E1u2eTAbG	DA	72607810901	8045774300	0
124	2022-10-30 19:21:32.473789	2022-10-30 19:21:32.473789	\N	\N	Otho Rippin	hilll@yahoo.com	$2a$10$7dPbjBP2piYaHRgaAXkdMOpFk.leLJYC2PsP9VwaqqfW596vSDgjG	DA	61601113175	5766816539	0
125	2022-10-30 19:21:32.616781	2022-10-30 19:21:32.616781	\N	\N	Lilian Ritchie PhD	mclaughlin@kwj.com	$2a$10$8HCIiSx0rzN10PGXqhbDJeqrBjwNNdArLcr32pgQwi0Y//q2XiW4u	DA	40102732401	1426068076	0
126	2022-10-30 19:21:32.729168	2022-10-30 19:21:32.729168	\N	\N	Kristin Gleichner PhD	coby.schmitt@gmail.com	$2a$10$gHawcVvJZtxEfEL9zyVUM.PaCDiDtiEBm.E9gmF515IaNkgFpjddu	DA	45441262002	9053935752	0
127	2022-10-30 19:21:32.854023	2022-10-30 19:21:32.854023	\N	\N	Enoch Nikolaus MD	philip@lay.com	$2a$10$dqg7sLVnjLQ95YeOouZSrexVfKnrRcME4nZuT1QtZ10VOc0QrX35m	DA	64433537170	1159180724	0
128	2022-10-30 19:21:33.017424	2022-10-30 19:21:33.017424	\N	\N	Mr. Jacinto Russel	domenico@hotmail.com	$2a$10$7ZwYnosk0qnk1dpECZshNO28xfV87OLCNMWUDzuKib74dYo2CtT1e	V	59477828730	6985317730	0
129	2022-10-30 19:21:33.156007	2022-10-30 19:21:33.156007	\N	\N	Serena Romaguera	keeling.sigmund@hotmail.com	$2a$10$87JL9VqsxsO4xROiGgy0v./Y7u1ftI08eGQczEQcFGnMd2lQaNtAG	DA	20650714415	8613872521	0
130	2022-10-30 19:21:33.268013	2022-10-30 19:21:33.268013	\N	\N	Mr. Wallace Doyle V	raynor@ysm.biz	$2a$10$jExCvy5EXOPJIXk5iOzBg.h.Uv8.h.Yd8goiuIm0yCjNdO7bEEcGG	V	49736123374	5942987250	0
131	2022-10-30 19:21:33.401995	2022-10-30 19:21:33.401995	\N	\N	Mr. Arthur Watsica II	macejkovic.santino@hotmail.com	$2a$10$2EtTNPDXbVlvVf4UUzzDb.Dy92CHYDJ1PaW6jCWQz2Gtn5kHHvnW6	DA	54571584122	3739029077	0
132	2022-10-30 19:21:33.521229	2022-10-30 19:21:33.521229	\N	\N	Moriah Gleason	freida@met.com	$2a$10$aNybr8VILl/qV0EsVlV0POu12af21OBni8hAndxoukqV8L/4c/sfe	B	75419822410	1204868986	0
133	2022-10-30 19:21:33.655667	2022-10-30 19:21:33.655667	\N	\N	Ms. Clementina Emmerich II	stracke@gmail.com	$2a$10$8NZZKhFplF5whhisjkE87OsToUrABGM1upXv3rGDT0vDsA62qW5WO	DA	70026663113	1527721674	0
134	2022-10-30 19:21:33.766428	2022-10-30 19:21:33.766428	\N	\N	Mr. Dejon Borer III	kozey.monroe@yahoo.com	$2a$10$JikRguxNkrjZOhExKmY.NOsatmSPYJX/xqQdwKW8rLSNlpFSXzGHu	D	18400695187	2648990728	0
135	2022-10-30 19:21:33.875347	2022-10-30 19:21:33.875347	\N	\N	Alyson Witting	mitchell@hotmail.com	$2a$10$I4SOImuDjfkUie2SEhqEcOkNDrYrL5a//cfZOy15jhuYTR3EOZMh.	B	91536739404	3971472982	0
136	2022-10-30 19:21:34.03039	2022-10-30 19:21:34.03039	\N	\N	Devon Hessel	easton.kunze@yahoo.com	$2a$10$1loPwY21fGsvcsc5s2S5je6WrvXl2dba093YQnircHrwYRcNDcz36	DA	93394215087	3409437450	0
137	2022-10-30 19:21:34.145303	2022-10-30 19:21:34.145303	\N	\N	Ms. Ruthie Auer	vita.beahan@yahoo.com	$2a$10$BukrzJ7IRk4nEReXzGSFkOVB04SvWNBrjYAWttrzkto9Ru0R8lFeC	BA	25461080106	8710801184	0
138	2022-10-30 19:21:34.272657	2022-10-30 19:21:34.272657	\N	\N	Mr. Buck Tromp	cartwright@mnr.biz	$2a$10$beEL55GgSM/bjG8PWBH0lOYxczDEdbdlmP8JK8xGqKlPhP71hvZLO	B	75331601065	8632754885	0
139	2022-10-30 19:21:34.405801	2022-10-30 19:21:34.405801	\N	\N	Mr. Buster Pollich IV	americo.beahan@ewf.com	$2a$10$EfyePdIrWMAiPrQ35VTHf.IbLaGRr5gt5Q2HjUKLoC0MPsl5ozJL2	V	66829394152	7524633183	0
140	2022-10-30 19:21:34.515506	2022-10-30 19:21:34.515506	\N	\N	Ofelia Moen	reid@yahoo.com	$2a$10$99h505csdnX65GeQ/JWmW.hJ2ijxi2VfUaGeZWV5S/TjJoROm3HuG	DA	72303998738	7724224301	0
141	2022-10-30 19:21:34.619896	2022-10-30 19:21:34.619896	\N	\N	Jon Windler II	muller@lpv.com	$2a$10$GRZ1oIAPlkFcVzJP9k4jTuLAkMxlMEBLAQs2IntJmovgRrp8bLd8m	SA	64717447215	9533392164	0
142	2022-10-30 19:21:34.737769	2022-10-30 19:21:34.737769	\N	\N	Reynold Aufderhar	jonathon.okuneva@yahoo.com	$2a$10$FedDleVusGRKI9pvQDG4MO0vMVz2CFVJ6eNkwNNqyuvWzaj66wKRW	D	96680836101	1242088006	0
143	2022-10-30 19:21:34.853853	2022-10-30 19:21:34.853853	\N	\N	Broderick Konopelski	lehner@tfi.info	$2a$10$wELri9yFLIH5ujEn7G.ZHumMSjWYeRATe8M5P7G8xnTaxuTsiNJoq	DA	38114952869	4028880646	0
144	2022-10-30 19:21:34.97219	2022-10-30 19:21:34.97219	\N	\N	Creola Murray	nicholas.bernhard@wkk.com	$2a$10$DjBHA.6XyFkfxjU5poVeRuny5E3akutIxQUoVIeHBhq/V1nNpjCWW	DA	78077074845	1110250214	0
145	2022-10-30 19:21:35.076954	2022-10-30 19:21:35.076954	\N	\N	Chadrick Kuhlman	schowalter@yahoo.com	$2a$10$C.TMmJlQbkBzEMEo7oqty.0Ro8oCyGA13tPy05h8QElQp78l3HxSG	VA	85168553470	9723754439	0
146	2022-10-30 19:21:35.222286	2022-10-30 19:21:35.222286	\N	\N	Emmet Ratke	blick@hea.net	$2a$10$xXv9snAHyNfLQmNbFxw31.8pFYVqoTjwtosTA7QiuO/ElLHJe3GjG	VA	40137204389	3140026514	0
147	2022-10-30 19:21:35.337901	2022-10-30 19:21:35.337901	\N	\N	Isabel Schimmel DDS	moen@oej.com	$2a$10$lMQWtFVqGGEVmWKue/g1o.hboMA5f.k.kXEG/yGvM8tCuIVkFLWPO	DA	10946609426	7698114137	0
148	2022-10-30 19:21:35.504582	2022-10-30 19:21:35.504582	\N	\N	Mr. Oral Wilderman PhD	isom.treutel@hotmail.com	$2a$10$y1Ms03HGABqmQaKWUnLc..yyiCihDCHorui/cWchVyxdnUBjedy9S	DA	95548675895	5279730857	0
149	2022-10-30 19:21:35.639216	2022-10-30 19:21:35.639216	\N	\N	Lila Glover MD	randi.gutmann@czc.com	$2a$10$BbrBXpiE1B7FBQslkm2j3uoiwk.7PxLyB0SQAKgjb1Hsb6GN2lTeq	DA	37675075153	1830000726	0
150	2022-10-30 19:21:35.740974	2022-10-30 19:21:35.740974	\N	\N	Madie Howell	helga@gmail.com	$2a$10$5.7MSvGt1AkUqFDdbfJYSuV6QLIlHiR13sMOlHdrAfiUY504NTPZS	SA	68881101400	5998829850	0
151	2022-10-30 19:21:35.847611	2022-10-30 19:21:35.847611	\N	\N	Ms. Opal Murazik	josefa@hotmail.com	$2a$10$hR6wD6K/k2q3MDSCx2bWruyMEeX4N09YSc2b/P/lDI3IE3D285tH2	B	34443157463	2494631643	0
152	2022-10-30 19:21:35.966252	2022-10-30 19:21:35.966252	\N	\N	Granville Kautzer	steuber@mjx.net	$2a$10$5H/oaFT.gWHENWNA03v4Dudreh2W0O/DAGe7yAzq/8J4Cv1mySfu2	D	93793839977	6097363177	0
153	2022-10-30 19:21:36.080605	2022-10-30 19:21:36.080605	\N	\N	Mr. Fernando Kuvalis III	champlin.modesto@hotmail.com	$2a$10$q41KCNJIK2TNPp2vKwhp3u.f65k8aGODKKfABgLlwUIXolJR9N2bG	DA	43459335403	9003120075	0
154	2022-10-30 19:21:36.186704	2022-10-30 19:21:36.186704	\N	\N	Mr. Leone Rohan	langosh@bgb.net	$2a$10$iSvaUMcE5V3/dgP6Df5YZ.DhrSOBWHKCqqQ7JJJHCokoHk.Nrh8gW	SA	36849887361	2715727452	0
155	2022-10-30 19:21:36.29012	2022-10-30 19:21:36.29012	\N	\N	Summer Kertzmann	hackett@hotmail.com	$2a$10$F3.u4yoeCJzWb9XLTfekee52vG1iRv0NUYmnwHtDgsqW2R.8CCAVS	BA	75089115785	7946079047	0
156	2022-10-30 19:21:36.423158	2022-10-30 19:21:36.423158	\N	\N	Austyn Stark V	jayme.kutch@haq.com	$2a$10$NzOyf/Pbz6zUjtbjKTDBVOZqkPPI.GW4onWKk7G0bZLiURPfVeTGC	D	81708371015	6573591926	0
157	2022-10-30 19:21:36.569017	2022-10-30 19:21:36.569017	\N	\N	Ahmed Pacocha	stan.ortiz@gmail.com	$2a$10$4jEgdehck0IeWNi1irrtPOXlZ1TU5o0is9JINXPnA4SjBy1jE5YUG	BA	25436655940	1322638674	0
158	2022-10-30 19:21:36.685927	2022-10-30 19:21:36.685927	\N	\N	Ramiro Armstrong	austen.kuhic@gtc.com	$2a$10$K6bQiU1tZpFbGIC6lqO33ugMeGDptuM5jPa64cUdG9ziaEgVNFdR.	V	26259391158	8285634759	0
159	2022-10-30 19:21:36.842765	2022-10-30 19:21:36.842765	\N	\N	Floy Balistreri IV	wilkinson@bfv.net	$2a$10$Y8nOgdsQnqntXx1679YXtO6b30emeqRONrg4DTRRpAXAw7pfeMH8K	B	98300321406	5168193033	0
160	2022-10-30 19:21:36.94969	2022-10-30 19:21:36.94969	\N	\N	Mr. Jocelyn Nikolaus V	levi.huels@gmail.com	$2a$10$WhmnSZaduUcI2Y6qEAt7gu.2juGRbiH7rIlv0J79nC6k8JwrDCG1S	VA	34733689406	4048492139	0
161	2022-10-30 19:21:37.081002	2022-10-30 19:21:37.081002	\N	\N	Lily Dibbert	fay.will@vow.com	$2a$10$4CuM7zrJhFcxMfwRQrFFHu4Rp6N.x1Oo1D/4HhOO22RdBsiAy28oW	VA	93883922987	1653949676	0
162	2022-10-30 19:21:37.198137	2022-10-30 19:21:37.198137	\N	\N	Wilber Bergstrom	halle@hotmail.com	$2a$10$tAFZVYUz2u3EeY9Ls1AFv.m6UT2s7KIClybdXP9pER.YoEu8EO2tu	BA	67616892676	4900157952	0
163	2022-10-30 19:21:37.305096	2022-10-30 19:21:37.305096	\N	\N	Mr. Oswald Herzog	herman@hotmail.com	$2a$10$RuyMGhyCjzrfd2jB0Ip.EuOuIV2u/fiaF5yJGLgEH6W8oKFbJH1ti	B	13225425608	5387655040	0
164	2022-10-30 19:21:37.437604	2022-10-30 19:21:37.437604	\N	\N	Marlee Terry	adrien@gmail.com	$2a$10$oLqwonYAuqXFrcp3m.sB5uSipazG05CUinjI2X47LuiBF46rgwuai	BA	99603756599	1896545040	0
165	2022-10-30 19:21:37.559856	2022-10-30 19:21:37.559856	\N	\N	Kamron Nitzsche	chyna.armstrong@gmail.com	$2a$10$YmPbrZVMEEp893U66lvyle1Y47WXZpDnDOtYQXx6dzzz.AUWOt39O	B	34147329125	5592798223	0
166	2022-10-30 19:21:37.68465	2022-10-30 19:21:37.68465	\N	\N	Lyda Hermann	alejandra@xje.biz	$2a$10$fOMUHiP8DJUkIrtKPITJleZOo8QnEFEQ8u5NO/6AGpK.ubvKec4hG	VA	38663109628	3251357955	0
167	2022-10-30 19:21:37.814285	2022-10-30 19:21:37.814285	\N	\N	Mr. Ayden Johns I	zieme.rusty@hotmail.com	$2a$10$1hgG1tLEScfeCAe8R3oAQezcHk.QLuXw2/a.nro5dOxRBGSf1E52i	V	18199112584	9861434176	0
168	2022-10-30 19:21:37.932131	2022-10-30 19:21:37.932131	\N	\N	Mariano Boyle	april@sof.com	$2a$10$GVlI3aI//MbajC2F97ELVuyihci3uKcZNgx1qxg9yA.qO/4Revf26	DA	59410071211	9553236916	0
169	2022-10-30 19:21:38.04474	2022-10-30 19:21:38.04474	\N	\N	Dameon Crona III	emmet@zeu.com	$2a$10$eSyJp.48is0XukZZRHrI0OkvammownUIIvJt2cIksRfiAjJrlHSMi	D	58483737161	4009458074	0
170	2022-10-30 19:21:38.158766	2022-10-30 19:21:38.158766	\N	\N	Hortense Orn	marjory.cummerata@xzs.org	$2a$10$4j3/tCH1ACcRXkUP17LA5eoRjZJQLQOKQReXV7PsrS8b/eVs//Lie	B	76734154007	1398255228	0
171	2022-10-30 19:21:38.302379	2022-10-30 19:21:38.302379	\N	\N	Norbert Schroeder	vandervort@zff.com	$2a$10$kfZAsdK/aIXg3gdLi8IfYuUfW2V2SXlXEwPWvB96r956muiQlE9De	SA	27143096924	6099111056	0
172	2022-10-30 19:21:38.420495	2022-10-30 19:21:38.420495	\N	\N	Ms. Alysson Feil DVM	rogahn.hellen@yahoo.com	$2a$10$.C/dsgmEKdc0ZiZD8DXol.Opc7cyMvjCTqcT0YtorzWkHTd6OodV2	D	33894718594	3703804580	0
173	2022-10-30 19:21:38.531114	2022-10-30 19:21:38.531114	\N	\N	Shyann Runolfsdottir	johns@gmail.com	$2a$10$AQ9YqMEtuIGmBYj3uXQjZ.mqaPB55Mr7aNex1V3AjJKhMI2xsgpTe	V	29021298927	6762323175	0
174	2022-10-30 19:21:38.666226	2022-10-30 19:21:38.666226	\N	\N	Ms. Ena Lynch II	eichmann@nll.com	$2a$10$VSV/qKc2uMcFxmy1WK90lORb3F46z./XK5arKGvlefigxsF9km246	V	73686495609	4649329554	0
175	2022-10-30 19:21:38.778975	2022-10-30 19:21:38.778975	\N	\N	Ms. Dianna Gutmann Sr.	dach.kennedy@jht.biz	$2a$10$rGM5IAdOjV6QYzJIHjB75OYxFhVfj01sHLkUOW0VqalOKhfuEi3ca	D	98319858818	2829345799	0
176	2022-10-30 19:21:38.890367	2022-10-30 19:21:38.890367	\N	\N	Gisselle Wolff	easter@hotmail.com	$2a$10$oynbYwrcuQOih1staY0wR.3Se4kJwTM/u3RW0.oj/XsUl9wM0pg2G	B	18225358948	7983866303	0
177	2022-10-30 19:21:39.008732	2022-10-30 19:21:39.008732	\N	\N	Milo Harvey	turner.verda@gmail.com	$2a$10$8Otjk3FJ9l0ZdbzPw/z79O9vJh5he.aFXpjewQyLmjlx1AlUR.mPC	D	27446223944	7863407481	0
178	2022-10-30 19:21:39.185694	2022-10-30 19:21:39.185694	\N	\N	Ms. Dawn Kuvalis	kertzmann.emmet@yahoo.com	$2a$10$jq9rtrWZ5sfi9CjPnv1h7.q2FJFm26wn9cCPFPWmRxu5SKy9CcCEW	B	25777479579	4805896187	0
179	2022-10-30 19:21:39.286748	2022-10-30 19:21:39.286748	\N	\N	Dariana Schamberger	fanny@gmail.com	$2a$10$dEAd8oEYXbPW4mpdO2WbPueAmS/kYPRyTCgK/kk.FvfWIrUHTzhH2	D	99686429249	1985705710	0
180	2022-10-30 19:21:39.42016	2022-10-30 19:21:39.42016	\N	\N	Rashad Zulauf	rashawn.bednar@yahoo.com	$2a$10$Y1pXpsEmi60GpFZdBSqxguLk/.aSWMh65Qe/.nvFkf.YxXN5qHGuG	B	95065801471	9014483841	0
181	2022-10-30 19:21:39.532677	2022-10-30 19:21:39.532677	\N	\N	Trey Terry	mossie.ankunding@fos.com	$2a$10$hLxCRy/uH91MUMf0a.364e26UHYrbruW7INtNYtzbmEPJp/H7dV/i	BA	62918235114	7768988803	0
182	2022-10-30 19:21:39.671338	2022-10-30 19:21:39.671338	\N	\N	Virgie Douglas	ledner@yahoo.com	$2a$10$8TkOh70CzfjOLIJ8YtmsIumNVcjbFYYCR20Qkv.63oQC3XiTnkhEy	B	27372298293	1493662744	0
183	2022-10-30 19:21:39.78754	2022-10-30 19:21:39.78754	\N	\N	Elvie Leuschke	joan@gmail.com	$2a$10$dxy8CTvYeIoSIANajUvEIuoK2REsI3JRgxEhn5R0gX9EG9CcKQplq	B	12206486831	4318612533	0
184	2022-10-30 19:21:39.886164	2022-10-30 19:21:39.886164	\N	\N	Ms. Adella Bayer Sr.	dolly.lueilwitz@hotmail.com	$2a$10$4QAws3cRcqNrUZli5XUMYeFSNAxCbiqBupe9EpMTnwdgSU.lkL.F6	B	90651345038	6298928336	0
185	2022-10-30 19:21:39.98985	2022-10-30 19:21:39.98985	\N	\N	Agnes Waelchi V	burnice.schinner@gmail.com	$2a$10$rQ80WB8u/eBwMKrAQDhNg.Ns0Sg5qLDs15jJmk7HNkT2q9YYgjrjy	SA	85885435418	3274810539	0
186	2022-10-30 19:21:40.103816	2022-10-30 19:21:40.103816	\N	\N	Toby VonRueden	magnolia.hodkiewicz@ifa.biz	$2a$10$WvAn1W8Bi14Yc4U/QstmvutZWmlGiEwJjLqCo7.aSG0JODurYuVkm	D	84782810749	2915341930	0
187	2022-10-30 19:21:40.210655	2022-10-30 19:21:40.210655	\N	\N	Norwood Lakin	labadie@isa.com	$2a$10$4iewM4tFDpy1EFzpLfLDpekQdqV5JmGGoIzaWbPzDYXReKEDr7.SO	DA	44547598624	9826370885	0
188	2022-10-30 19:21:40.335806	2022-10-30 19:21:40.335806	\N	\N	Ms. Emilie Leannon	emory@tbm.org	$2a$10$kqjOxGE.0rAH2WdZmx5ypOlJ2Ep64HlgiGpcNkQgEZNyek8F0EhI2	DA	78886347017	8719855189	0
189	2022-10-30 19:21:40.45297	2022-10-30 19:21:40.45297	\N	\N	Ms. Elody Glover I	dietrich@hotmail.com	$2a$10$DAq92a0Ni3Kr8K9h/iWxvufiMPud1VqjH1uUDZu3MygXMxLve/tYm	DA	78291904277	5816878445	0
190	2022-10-30 19:21:40.574489	2022-10-30 19:21:40.574489	\N	\N	Kristina Zulauf	feest@gmail.com	$2a$10$esV/LuNWumtre/gRovmUa.tapIFRymmGy6jrLcG.wX4DYFtiZoJKa	V	36358676314	4877808644	0
191	2022-10-30 19:21:40.686478	2022-10-30 19:21:40.686478	\N	\N	Damion Thiel	rath.floyd@hpd.com	$2a$10$l4FvcjpvS0gdQJo/Jbbnku5xVLmnbmrW.JVGIQ4vJliDR/IK4wcI.	D	37955942734	5174436888	0
192	2022-10-30 19:21:40.819722	2022-10-30 19:21:40.819722	\N	\N	Ms. Raphaelle Rau DVM	hope.satterfield@web.com	$2a$10$xosdvMt6xml5AQIPcTaK6eCILN.lY6G4a/JtIkhVhWH2oVX0Fq4KK	SA	82165090828	2534461644	0
193	2022-10-30 19:21:40.927922	2022-10-30 19:21:40.927922	\N	\N	Michele Hamill	marks@hotmail.com	$2a$10$S7veEDth7kJQhf9hp0Gl8ON5FOCJZnvHFMPmZMZPon5b4MKB./mu6	D	70271224561	8524497866	0
194	2022-10-30 19:21:41.104949	2022-10-30 19:21:41.104949	\N	\N	Katlynn Russel	taylor.green@abe.org	$2a$10$Om2n4igdj.XcvfEbaaeg9Or222NB7h6SMBN3tCdZsA0pgaFQ61wKq	SA	19516616362	4231584788	0
195	2022-10-30 19:21:41.219302	2022-10-30 19:21:41.219302	\N	\N	Elinore Windler	dawson@hcd.com	$2a$10$KYn26EidtxyNqwqoduCD5u3Nk/0R42Nhbf6LRt5ZF55YE8G1/uZfa	DA	31141858637	6746810743	0
196	2022-10-30 19:21:41.347618	2022-10-30 19:21:41.347618	\N	\N	Evelyn Romaguera DVM	torphy@mdk.com	$2a$10$kxBtAOWFk63mPMZUJxt3n.kJsJXiAxJLISGOA5RTsondWmsNqbiFm	B	61438973687	2203891763	0
197	2022-10-30 19:21:41.521868	2022-10-30 19:21:41.521868	\N	\N	Rhett Vandervort	herzog.dorthy@fhp.com	$2a$10$W3ziK0ogW5HiS0a07FV4ueVSRwtEAo/lN82ycU0M9ArYMwd6Bn/4q	B	65320057624	9764702387	0
198	2022-10-30 19:21:41.647558	2022-10-30 19:21:41.647558	\N	\N	Claude Graham	eleonore.wiegand@ldy.com	$2a$10$/DmseJ2GD4OH30UEWgB2zeV/F/qkCiEKslYdWcLgNTNU8OGCrqUiC	V	73198123883	6638112862	0
199	2022-10-30 19:21:41.763585	2022-10-30 19:21:41.763585	\N	\N	Blanche Sawayn	walter@ore.biz	$2a$10$zL3EJ5A1ZVBU4HcnaS64te8qtbCPxXRTXaiQMqIzXyK9t.uMb6Hpe	VA	33116713446	8344726798	0
200	2022-10-30 19:21:41.902053	2022-10-30 19:21:41.902053	\N	\N	Theodora Bayer	madonna@gmail.com	$2a$10$s6W9cJxV8wrFqoYDh1XTMud3/0N4wQ94hS/0SpMb60WltP2Bpc6Yu	VA	55147243692	8214532280	0
201	2022-10-30 19:21:42.020564	2022-10-30 19:21:42.020564	\N	\N	Mr. Ryley Hansen	altenwerth@uzo.com	$2a$10$m7XCtsVw1aG0Lohx2lq0MuzAaJEsicOCLhJ0/wuASCcY2KWfkvigq	V	88476532518	9047201960	0
202	2022-10-30 19:21:42.130487	2022-10-30 19:21:42.130487	\N	\N	Pink Steuber II	jaskolski@fna.com	$2a$10$J4Ce6kAEbP5m/xbZWsIApu5b7F6O./Bo9w1qYjGcQpq9Va0/wsHU6	SA	37899950074	8725156161	0
203	2022-10-30 19:21:42.233811	2022-10-30 19:21:42.233811	\N	\N	Margarette Schulist	jackeline@hotmail.com	$2a$10$g/Ug5qOE0DCoNrX.Gm1q3OTHRAMJ9p/e4ThnbhDrtZfVpPvj0drf6	BA	58404389966	5491643606	0
204	2022-10-30 19:21:42.35214	2022-10-30 19:21:42.35214	\N	\N	Heloise Abbott V	stracke.jerrell@tlu.com	$2a$10$TBOuPqV5WWTi8po5w.0qU.oDOKzypsTZEcu293ge3qrVe08u5hVN.	SA	15910928479	1377367946	0
205	2022-10-30 19:21:42.459083	2022-10-30 19:21:42.459083	\N	\N	Hector Grant	wehner@udm.org	$2a$10$GaOXFU3JBeiXZ2WW16soceu0BOCBnSr/Pt8Lezsx0TjnOaJcVCVMK	BA	82106190837	4057401126	0
206	2022-10-30 19:21:42.578317	2022-10-30 19:21:42.578317	\N	\N	Joshuah Wolf	lesch.alexzander@hotmail.com	$2a$10$qXofDoy0OzvMFMolfClm0eLMrKQVGNNXY8fBE1eC/C2Yq8cyilW0a	D	70421334352	9628909418	0
207	2022-10-30 19:21:42.716805	2022-10-30 19:21:42.716805	\N	\N	Larue Collier	o_keefe@pxz.info	$2a$10$YmvENRKpsozu07IA.uN.OeA7abY9ZEwZWQlZ68Ra1DWmCYL05a8.K	SA	79571779331	8144443804	0
208	2022-10-30 19:21:42.84873	2022-10-30 19:21:42.84873	\N	\N	Tony Pouros	scottie.abshire@rpz.info	$2a$10$8C/ny636CoEkMmbD/DCjTeOIB9lImeE5uHiduuqDqbIl1k/b7XxLi	V	61744696044	8323891838	0
209	2022-10-30 19:21:42.979782	2022-10-30 19:21:42.979782	\N	\N	Casey Mante	schiller@hotmail.com	$2a$10$aAvFAwNBw.VDgNMjieusNe.1Y2sLjducxNHxm8C5MQpoCUlFD5Q7G	V	54058498123	2153207734	0
210	2022-10-30 19:21:43.13614	2022-10-30 19:21:43.13614	\N	\N	Adrian Stamm	halvorson@hotmail.com	$2a$10$CwUeKJiv1ux9t36HsT1Y/.LsDS/1SaOo.TySaSDvgb6DuOOryjnpq	B	95701527856	5310480297	0
211	2022-10-30 19:21:43.250223	2022-10-30 19:21:43.250223	\N	\N	Clyde Lindgren	feest@nrj.com	$2a$10$C7mfiOwetjnLQEifjhy0eOy29ThdV9.K.f3pV.5GqabQXdvMmaLfa	D	38885451607	3873239087	0
212	2022-10-30 19:21:43.367904	2022-10-30 19:21:43.367904	\N	\N	Sherman Gerlach	murazik@wbw.org	$2a$10$Qv8doUIHDEiQbgndHhsbpOE3L2iGpNC07Gd0Z.sBLSSFZygqKPo1y	VA	33788805852	2932806259	0
213	2022-10-30 19:21:43.47795	2022-10-30 19:21:43.47795	\N	\N	Gonzalo Jones	bogan.malcolm@ron.com	$2a$10$idxLF3W7VTSuUiaGKVnTjeEFzll3r3.yTt2NMXUO9wQAu.fwP.uSa	SA	14163486073	7968916084	0
214	2022-10-30 19:21:43.601822	2022-10-30 19:21:43.601822	\N	\N	Mellie Lynch	jones.augustus@gmail.com	$2a$10$bEHHTw/t5Rzid90ztPVQeO6EQ3pUU9SdmdbWCe3YoEmWa.Gs.1V7K	V	22325042710	5173640089	0
215	2022-10-30 19:21:43.718793	2022-10-30 19:21:43.718793	\N	\N	Freeman Roob	michele@gmail.com	$2a$10$CHhtnQzeTzhWj9qHHAjYJ.ltInCjBddtPs5YiKL.VZbZv6e1jS5I.	BA	35213131639	8887803191	0
216	2022-10-30 19:21:43.839972	2022-10-30 19:21:43.839972	\N	\N	Angeline Goodwin	hintz.everette@yhd.com	$2a$10$fN1YDj31rc5ToP6xe5v2j..C78ErGCvKslPMMpYq5qU.IJ5xmR.NG	V	70998168358	1747148647	0
217	2022-10-30 19:21:44.012245	2022-10-30 19:21:44.012245	\N	\N	Kennith Hilpert	ara.streich@hotmail.com	$2a$10$PmMVJVsXFoKyYW1xgAF6ROoVOG4So3pJKyrAHUaIrRClPH/RnIM2e	SA	72814513723	6588303561	0
218	2022-10-30 19:21:44.156556	2022-10-30 19:21:44.156556	\N	\N	Jerad Cremin	linnea@hotmail.com	$2a$10$fMbv2LpstrpcKuP2t/XGMOAyQhafpctpjCMD8LZ7KpytQy0p7qDOu	V	20826786569	2174713547	0
219	2022-10-30 19:21:44.266389	2022-10-30 19:21:44.266389	\N	\N	Camila Turcotte	senger@bff.com	$2a$10$5CzAvJ9nxOiG5SIxXCuPhujKwwLXFIchogh5P10jok4krm6d10Jfa	B	38391254207	9817334917	0
220	2022-10-30 19:21:44.402753	2022-10-30 19:21:44.402753	\N	\N	Jalyn Prohaska	alicia@lau.com	$2a$10$rcvuShncoOdvTHpncx38zOzvO.eEUOP347tOzhZLVU0dS4v3tc0YC	BA	37965538904	8103791179	0
221	2022-10-30 19:21:44.535421	2022-10-30 19:21:44.535421	\N	\N	Elmer Huels	sigrid.d_amore@yahoo.com	$2a$10$MTut3uUHh8wPqlNFM/oiY.EReuo7J.J75w1EaTSZ5n5cwkPw753Se	D	29065224998	7767432879	0
222	2022-10-30 19:21:44.680731	2022-10-30 19:21:44.680731	\N	\N	Ms. Ramona Bashirian	collins@yqu.com	$2a$10$i0wYi0OnxPf7wpMXfpQGD.0DoXn/qvtN3bOmVFpU6CuLwQuU/DZbK	D	87780659840	2974792821	0
223	2022-10-30 19:21:44.802236	2022-10-30 19:21:44.802236	\N	\N	Mr. Dallin Collier	nestor@gmail.com	$2a$10$PHo3eaZTJCYM0fnZDMaEi.PK9JIhHvxZor43.6LqOCcIHt2ovIKka	DA	25867006594	2942587356	0
224	2022-10-30 19:21:44.966738	2022-10-30 19:21:44.966738	\N	\N	Felton Wilkinson I	damian@vdl.info	$2a$10$QphiI/UzqzEGxAo5jKaHOOntJUwOPeyiMISnWQnajAP5Dl6L07iPy	DA	11592333969	3045923852	0
225	2022-10-30 19:21:45.08092	2022-10-30 19:21:45.08092	\N	\N	Demetris McCullough	stiedemann.braxton@hotmail.com	$2a$10$2NsANs8bhzInVUwJMR.dc.yI1l8134I6WymNKWrWdcLF/agcewdYu	D	57652774959	3124993121	0
226	2022-10-30 19:21:45.189904	2022-10-30 19:21:45.189904	\N	\N	Ernest Kling DDS	roberts.nora@cjp.com	$2a$10$l74A7QAHPRu.AtylFRluhu9FCXu7zqhP9aTsfOiuKbLRhV80QZ3hS	D	84651560575	9405176789	0
227	2022-10-30 19:21:45.332085	2022-10-30 19:21:45.332085	\N	\N	Dean Feest	trent.macejkovic@gmail.com	$2a$10$FKg3EOW8klQF7suOTrhC2.MC1KliV8dbFmbTujzjbaCShDBT9SZ.C	V	94250301021	2420731222	0
228	2022-10-30 19:21:45.510932	2022-10-30 19:21:45.510932	\N	\N	Ms. Mariela Sporer V	bartoletti@gmail.com	$2a$10$xF26ALG77PADhpXodbZSPesok4.bO0HOQwxFkFFxqNxPcwkH6vD2m	BA	29011931929	7490415611	0
229	2022-10-30 19:21:45.644007	2022-10-30 19:21:45.644007	\N	\N	Cullen Huels MD	o_conner.carissa@hsw.com	$2a$10$sRRP91WSXYhReUbyks5GwO9e8WZKcl7HetbQRRDN8g0kr17U/W5xm	D	65973712694	7537653480	0
230	2022-10-30 19:21:45.765825	2022-10-30 19:21:45.765825	\N	\N	Ms. Brandy Sanford PhD	carmel.muller@bwj.net	$2a$10$3rnYnuiCWEAPdZrolPAbp.V6jCQSl8E3wildoG4OayIL4PJGj58xa	V	83943224120	2452413017	0
231	2022-10-30 19:21:45.85903	2022-10-30 19:21:45.85903	\N	\N	Mr. Jakob Wyman DDS	quitzon.emerald@hotmail.com	$2a$10$ATxZhI1zewpUkQhu/fzEkuNoupeYWmyReTTmn2SDV/wd184B2G8rG	SA	46327794561	5685446493	0
232	2022-10-30 19:21:45.973758	2022-10-30 19:21:45.973758	\N	\N	Lila Bogan Sr.	nolan@yahoo.com	$2a$10$9107h7M0Ev19ss8/qdlCC.5YtPU2FAszwJDcAptVTXYFSkcQzSAk6	DA	96022758525	9926997995	0
233	2022-10-30 19:21:46.141072	2022-10-30 19:21:46.141072	\N	\N	Nelle Altenwerth Sr.	boyer.enola@lwz.biz	$2a$10$g/wLje/HERVqR9gFWES5vOIYYb0CQBvLGbVKKQJSiVcIRoZiWiD0i	BA	46305781470	5508248706	0
234	2022-10-30 19:21:46.317306	2022-10-30 19:21:46.317306	\N	\N	Kaela Veum	d_angelo.hahn@hotmail.com	$2a$10$2IyuUeJWkTl9G.wv9vu5Y.19xkbi4POApe2BhEsT9Ie5K3k2aMy9S	VA	47654494118	7337863783	0
235	2022-10-30 19:21:46.419498	2022-10-30 19:21:46.419498	\N	\N	Eloisa Muller	oscar.shields@wze.com	$2a$10$kZpE8WHVDUIHPhkHP6iEUe2qcwY6v9YsVtwrK539jHlWA6H5FJPde	B	13423789125	5035534918	0
236	2022-10-30 19:21:46.520154	2022-10-30 19:21:46.520154	\N	\N	Alford Mayert	alvina.stark@hotmail.com	$2a$10$nFJcLU2donx.LE2Bvd8oYuN/QBkGZvNLUEnS.xMNWJtaeRcdfDUjW	B	86983390436	9922339536	0
237	2022-10-30 19:21:46.639477	2022-10-30 19:21:46.639477	\N	\N	Rashawn Moore	piper@vjm.com	$2a$10$01XYALedtPgqHBmlYOBInebCpvfgXHR5N1szzKSncmbAdZlF3CK5S	VA	23960358011	5345831581	0
238	2022-10-30 19:21:46.757195	2022-10-30 19:21:46.757195	\N	\N	Mr. Maximus Deckow Jr.	brianne@gdt.com	$2a$10$J3X4yDlnXqrzlQFHX.ch3OIiYehsQ0KxALIJGDQUaGQu5nBjEoJJq	B	60431019508	7314370510	0
239	2022-10-30 19:21:47.01799	2022-10-30 19:21:47.01799	\N	\N	Mr. Kelton Orn	schmeler@yahoo.com	$2a$10$BG1xFgVqQP2XOiEQ63HJkOnEx7C8OVOfkCrTqmja3RKmBuO/D6O4q	BA	78940019719	9992297740	0
240	2022-10-30 19:21:47.184541	2022-10-30 19:21:47.184541	\N	\N	Mustafa Runte	stark@xfp.biz	$2a$10$a69S.VW5YFrAO4itIaNbLuF5UdDc/TJKF0hiU7KklSP0wJbjGegkC	D	31216559260	4750477298	0
241	2022-10-30 19:21:47.361576	2022-10-30 19:21:47.361576	\N	\N	Myles Howell	kub@hotmail.com	$2a$10$Tad26oMP2BXQfMT.VMJwZ.U9fPCzFW4JTvxVBkO132NggOSytCqpC	VA	47431414039	5508561581	0
242	2022-10-30 19:21:47.478359	2022-10-30 19:21:47.478359	\N	\N	Thea Hegmann V	burnice.cormier@gmail.com	$2a$10$0s25rczK9o2DICb9JILAbOY1buUGYzK5fpvYNf6pNIkbCMfF2EvPa	VA	88944112452	3227565256	0
243	2022-10-30 19:21:47.587459	2022-10-30 19:21:47.587459	\N	\N	Lenna Muller	marian@hotmail.com	$2a$10$W79fuiPTGWjDpuyg7PEWMOOaULnhqiQRgi4sbulop/oULUETgheOS	VA	31886963291	7126725935	0
244	2022-10-30 19:21:47.721254	2022-10-30 19:21:47.721254	\N	\N	Nina Gleichner	narciso.quigley@vat.biz	$2a$10$/iIS2RegqnXMOkFAc1W6YO1y0raGbzjXXv8DQLzJWsh/tVikllFyq	DA	81966094171	9606594084	0
245	2022-10-30 19:21:47.869678	2022-10-30 19:21:47.869678	\N	\N	Ms. Susana Farrell	johnson.leo@yahoo.com	$2a$10$4UG3xdq5aOCZvnk30YW9NO/H.iPINzVwIBXQCNIhlr54TZaEsZEdy	BA	24637171344	5402129433	0
246	2022-10-30 19:21:47.984779	2022-10-30 19:21:47.984779	\N	\N	Zoila Robel	hamill@hotmail.com	$2a$10$Lbf0HQnTRGrqlmyh2se7VuElXkjWrx00QeC20Hh.3yBuURnVmlvti	BA	74387378683	3444387344	0
247	2022-10-30 19:21:48.125051	2022-10-30 19:21:48.125051	\N	\N	Laila Kautzer III	shanny.zemlak@yahoo.com	$2a$10$fWnb0TxoTTTAxa3r9k85LOW3UL4KRVON7Dz16i7PZH4kr/Z3LnlZS	D	17410467197	5881605869	0
248	2022-10-30 19:21:48.240328	2022-10-30 19:21:48.240328	\N	\N	Josianne Morar	micaela@fmz.com	$2a$10$KTUGlmsQKv6nBM0a1O0Tjuh2wn7eS9N09phR/43stGZc9d/7zK/3O	V	10189842612	9757554791	0
249	2022-10-30 19:21:48.356945	2022-10-30 19:21:48.356945	\N	\N	Elwyn Effertz	farrell@szj.com	$2a$10$qi0lpRzDHmT5KgLq/SEBZurdQ7pS6TV.YJN4NfvcmRoZ6V7z/kNBS	SA	51467076022	1652049615	0
250	2022-10-30 19:21:48.517947	2022-10-30 19:21:48.517947	\N	\N	Dedric Willms PhD	kristofer.bogan@zod.com	$2a$10$Hgpc7BLjsSZzepWTDF9c4eKu2.no8/l0v2ZHXpg6aKgWrMC6Jwj32	SA	16413861697	2949655200	0
251	2022-10-30 19:21:48.638706	2022-10-30 19:21:48.638706	\N	\N	Duane Harber I	destiny@hotmail.com	$2a$10$aZHGHCH6FdK.w1n.aSE4je7ByvwBoJMN6o4DDG6lmEcnZdy2KH6.W	DA	75177120248	3512420060	0
252	2022-10-30 19:21:48.752617	2022-10-30 19:21:48.752617	\N	\N	Ms. Millie Lebsack	billy@ryy.com	$2a$10$ylKJXn5PAcaEPtwQWjU.NeZEtvx9OCX9DhERPEM5kxkKmmt/RDptW	VA	87730036746	2416592488	0
253	2022-10-30 19:21:48.874628	2022-10-30 19:21:48.874628	\N	\N	Mallie Strosin DDS	maurine@yahoo.com	$2a$10$tEI7EUBDH2TO3ZEZL9txD.g77SO5nzW5OTbtkehQbLSt5IyiPZsFm	BA	27211860428	8360589489	0
254	2022-10-30 19:21:49.000218	2022-10-30 19:21:49.000218	\N	\N	Ms. Justine VonRueden IV	amber@zey.com	$2a$10$z4PIW4xjx08BeMrCTfSbQ.rTGdCFH9DP4t8LEZUsQlXjBhdgQiAJa	SA	26886921161	9055420956	0
255	2022-10-30 19:21:49.105036	2022-10-30 19:21:49.105036	\N	\N	Lazaro Frami	marisa.bradtke@gmail.com	$2a$10$2LIe1aT971lJfqOTpbS2I.mbZ6qb1Rvv/b56zNZyMt3pVibUiGQUi	VA	12197532460	8027399067	0
256	2022-10-30 19:21:49.218165	2022-10-30 19:21:49.218165	\N	\N	Kyleigh Runolfsson	braun.cole@zvc.info	$2a$10$wnLvIdMob0OxFhzNxaPOkeYRoBoi6PYeirV61coJLv/QNEkXqDpFO	VA	74432780862	1187029791	0
257	2022-10-30 19:21:49.33123	2022-10-30 19:21:49.33123	\N	\N	Sydni Mann	reinger@xpn.biz	$2a$10$rOMNbVOlu3zwYqFL39uglOPRCt8lbQlyJvYfLI6BMieY9DmmwutdG	D	31183399940	3786820556	0
258	2022-10-30 19:21:49.479127	2022-10-30 19:21:49.479127	\N	\N	Ms. Dorothy Stroman	monroe.dicki@sqm.com	$2a$10$bWpQFUp5GLt///OV5ku7yOZtDJtnz3hTqfQjyJ7aMv/jwSlbtUG/i	SA	60819997292	1671355557	0
259	2022-10-30 19:21:49.59284	2022-10-30 19:21:49.59284	\N	\N	Mr. Mallory Witting	reynolds.judge@kek.com	$2a$10$nihl.crhaq/zFZseDX/3WOxaAgfFHVglDT7F6fEwnuB72Nhd1ZIYS	B	81485650434	6040045703	0
260	2022-10-30 19:21:49.712283	2022-10-30 19:21:49.712283	\N	\N	Mr. Tito Hane II	marta@kwk.org	$2a$10$kIVZik1.UU98XUL2kKy0u.oI5lSb6001hzVMvSKwdSQXzL0MwpRS6	DA	27638533212	4894250195	0
261	2022-10-30 19:21:49.836249	2022-10-30 19:21:49.836249	\N	\N	Rosetta Koss I	diamond@yahoo.com	$2a$10$/S7X6Xyx03/lKj4V./dNruUvzDylDg/Xte6G.mIUB/kHMa0HjrazC	DA	64326493272	9011554242	0
262	2022-10-30 19:21:49.986186	2022-10-30 19:21:49.986186	\N	\N	Toni McKenzie PhD	dalton.swaniawski@gmail.com	$2a$10$K7Qsoni.Mv8G7hUByFf5huUImhA0JgxDTG0K54xn7wiShr5pZtPfO	B	15769884304	7392697066	0
263	2022-10-30 19:21:50.088718	2022-10-30 19:21:50.088718	\N	\N	Rollin Abernathy	spencer.bahringer@hotmail.com	$2a$10$YZBTrk/Y0bR5UhiyR5YH1.HkUAqGf1gl.eRF5ZFmTZV17nCE/LbV2	VA	71336972462	2729634289	0
264	2022-10-30 19:21:50.20333	2022-10-30 19:21:50.20333	\N	\N	Raphaelle Quitzon	dibbert@lfs.net	$2a$10$GLZIFHAGdWCI6oBoPkJmTulUq1gagZEQC8b6ag6JAHXKvoOh.5sJm	VA	39257475010	1131059373	0
265	2022-10-30 19:21:50.323548	2022-10-30 19:21:50.323548	\N	\N	Khalid Kuhlman	hintz.nils@zni.com	$2a$10$LJVmXL88GU41pvpkxX988eYiFeNwJ5FoYyJLqR52Ru1xF8XOaXvki	VA	98537060655	8266109172	0
266	2022-10-30 19:21:50.465775	2022-10-30 19:21:50.465775	\N	\N	Watson Denesik	streich.sydnie@hotmail.com	$2a$10$s718WyN96arvfyMZSItb.eHXIis5DHdCsd9diu3GDqcjRKMFWQq9W	B	49587528708	6269158801	0
267	2022-10-30 19:21:50.603579	2022-10-30 19:21:50.603579	\N	\N	Mr. Ellsworth Kertzmann	lilian@xtg.net	$2a$10$/jFdyGP/4QFJRRm.TQkNjeYVd2zgU2AuvtCAfSiX295AniqKnOb1K	V	93305964728	9744053395	0
268	2022-10-30 19:21:50.715621	2022-10-30 19:21:50.715621	\N	\N	Hillard Fritsch	erna.o_conner@gmail.com	$2a$10$93dxjZ3oVgasnwjqu1nPWe4OFtY05DyPnsP9Ir3aI.kbO7fTAHMLG	B	87231100698	9169749399	0
269	2022-10-30 19:21:50.818897	2022-10-30 19:21:50.818897	\N	\N	Mr. Zion Ratke	leffler.edna@gmail.com	$2a$10$YeU.wP7H1B3OFz1ilHFt6.tjx0.7myyL61O0JlQRyNh2LcoCvol42	D	47523303428	4602412817	0
270	2022-10-30 19:21:50.92886	2022-10-30 19:21:50.92886	\N	\N	Mr. Judd Tromp	chadrick.mills@zqi.biz	$2a$10$njpdoVYP6eXhDH4qnemiv.2ZdHm.URPZcykWma60fDatj79lrZCOO	SA	20509748410	9339338956	0
271	2022-10-30 19:21:51.044945	2022-10-30 19:21:51.044945	\N	\N	Mr. Chet Rice V	donnelly.marilyne@gmail.com	$2a$10$9lRIZ7gY/ZExyfG3eZBkgub5msdqU9gTz8IgtLhMBNY/JQAABfoEy	V	46604518082	1126577173	0
272	2022-10-30 19:21:51.15327	2022-10-30 19:21:51.15327	\N	\N	Ms. Rahsaan Marvin IV	auer@ddb.org	$2a$10$6w4DI8sSd.gCzPqCs4QRV.pp3gmgx.YvC8U2pbTgldsldpcOI/lB2	SA	80127916802	7081452084	0
273	2022-10-30 19:21:51.255405	2022-10-30 19:21:51.255405	\N	\N	Carlee Terry DVM	wuckert.orrin@dsb.com	$2a$10$LkIA3GzbFW8lE6VVay95heXD1AsH56/q2mrgVjUme1iOyZ1dZqXj2	BA	18858755646	1095411620	0
274	2022-10-30 19:21:51.361775	2022-10-30 19:21:51.361775	\N	\N	Jovani Heidenreich III	hettinger.jay@hotmail.com	$2a$10$ME95JkQSIswnMyB4URlTp.KGu8yD/qonp5Bh/et1lYSBKSLRl4O/e	DA	12289966893	3798190105	0
275	2022-10-30 19:21:51.472048	2022-10-30 19:21:51.472048	\N	\N	Ayden Gaylord	schuppe@gmail.com	$2a$10$MprZbJlDb10ui2mmpKi65unqxFs.C9HgOvE.r27QUhKEC2IYKfAKq	SA	31218692454	7035542422	0
276	2022-10-30 19:21:51.579794	2022-10-30 19:21:51.579794	\N	\N	Ms. Kassandra Bartell	mccullough@gmail.com	$2a$10$e0fKGSAHY5B1Bmilw.mgPu24T5AAE6VLGix1biW1ha0rXt.GUE9Iq	VA	55856144785	5661877587	0
277	2022-10-30 19:21:51.701216	2022-10-30 19:21:51.701216	\N	\N	Lewis Ernser	laisha.d_amore@vfl.com	$2a$10$5s.qAMIpHY/sXl4w3UN2deVR86wNMetf/iO7w3kSAyeBcXJ7gQWsa	V	28124569376	2482262709	0
278	2022-10-30 19:21:51.817827	2022-10-30 19:21:51.817827	\N	\N	Francesco Mosciski	bergstrom@gmail.com	$2a$10$HqaCJJXzyeKSgGBaLnAyj.NpEDigmJo8OTzsfohDCopH.B4wVlZ4a	SA	82078052569	3776220847	0
279	2022-10-30 19:21:51.970543	2022-10-30 19:21:51.970543	\N	\N	Pearl Dooley	lucas.cremin@gmail.com	$2a$10$V.Qqr0rC1jtr7bXzUFfd9.rBI9lGerulmG6uYuEWlIx.o2qYiw65m	B	47987617935	2389039509	0
280	2022-10-30 19:21:52.082584	2022-10-30 19:21:52.082584	\N	\N	Sonya McKenzie	wilderman@prv.biz	$2a$10$iN/FpdvChFH47fP8NymAr.J3t3I0UXR2EFzQL5jpg7NZao8MQcqX.	SA	44656874313	7347150171	0
281	2022-10-30 19:21:52.219787	2022-10-30 19:21:52.219787	\N	\N	Mr. Kayleigh Rosenbaum	dietrich@yahoo.com	$2a$10$J9Fn3VzCC6EsBNN7bzeF4OUG/dp7enWKozWwmV2q6Ke/ZLPmtIqzu	B	45474968046	1598647967	0
282	2022-10-30 19:21:52.334685	2022-10-30 19:21:52.334685	\N	\N	Mr. Xander Parisian Sr.	monica.hettinger@gmail.com	$2a$10$s8NCisYZSBhQIDUJCW99zuCkrVIF.NIgKnDHy/52uamZXvY86F1nC	BA	67202635727	6928038448	0
283	2022-10-30 19:21:52.443071	2022-10-30 19:21:52.443071	\N	\N	Jayne Dietrich	borer.tatum@gmail.com	$2a$10$xXuvj9mMjzIJzHQRNlYbIOjKFt75q9MNpekFp0NZsB19GTWMyzpRC	SA	52736203711	2414254470	0
284	2022-10-30 19:21:52.547478	2022-10-30 19:21:52.547478	\N	\N	Ms. Keara White	carolina@gmail.com	$2a$10$A3vl8EpZgvPQyUqaIxuQ7uqSxphE/JYOJp98Cr1d5L9QQIfvINbvK	VA	83842125199	5843730890	0
285	2022-10-30 19:21:52.68141	2022-10-30 19:21:52.68141	\N	\N	Zander Bartoletti	rosanna@gmail.com	$2a$10$BD6NXmRHhKfUQ4mE1DC8JusMbE0I73J79ohbXsrGqQmL.5CgSFQ1K	SA	82045002796	3577633781	0
287	2022-10-30 19:21:52.871454	2022-10-30 19:21:52.871454	\N	\N	Florida Schamberger	haag.phyllis@czd.org	$2a$10$IruXQgL1s7qXwC2/mmsotenJeBrWpdUShLOoezWuJrKBpi2iyE0L.	VA	96605117514	7420871405	0
288	2022-10-30 19:21:52.999917	2022-10-30 19:21:52.999917	\N	\N	Mr. Wyman Predovic DVM	kertzmann.earlene@gmail.com	$2a$10$.Ij.BQV20fo7FBYEmOqV4OBF.opNdAj20NkP0mP5BEbXIpxEF.lW.	V	53519432346	8601645689	0
289	2022-10-30 19:21:53.106252	2022-10-30 19:21:53.106252	\N	\N	Maia Koss	ratke.izabella@ibg.com	$2a$10$dq18VsmvhyKZ9RneER4/SOAtKjKg3smxukogNcedai2k2eMtzHhI2	BA	88830926085	8663226318	0
290	2022-10-30 19:21:53.254308	2022-10-30 19:21:53.254308	\N	\N	Lonny Bahringer	rachael.legros@gmail.com	$2a$10$lpGVLwXqZ.Wu6qX82p8zrOfXmFh6Eh/7hJAoQH/ovtnQOZng0qIXG	D	40799490535	9290037795	0
291	2022-10-30 19:21:53.37722	2022-10-30 19:21:53.37722	\N	\N	Aurelia Carter V	carole@qzp.com	$2a$10$sHZFe4sb9lH8O.gWh1vRe.drtZI2Jrd8c0Vy3XppDQCLm6D986haa	V	32052825390	5668918485	0
292	2022-10-30 19:21:53.50679	2022-10-30 19:21:53.50679	\N	\N	Ms. Susanna Schamberger	hettinger.leone@qlh.info	$2a$10$xoRv22RFmfYB/Z2bTuJlb.Ee9YRXViDucmasnmaUSO9erywOoPisq	BA	19238368725	5122159152	0
293	2022-10-30 19:21:53.646617	2022-10-30 19:21:53.646617	\N	\N	Chasity Thiel Jr.	gaylord.krystal@gmail.com	$2a$10$39r7U2QmUjT8EWjAT6TkQOsTYVOmwsMGPT9RVBQ2SDzgtbsjlI3ou	BA	18182184930	4509948330	0
294	2022-10-30 19:21:53.774572	2022-10-30 19:21:53.774572	\N	\N	Noel Lakin	oran@usj.com	$2a$10$FRKaPMlIdgsT68CE0qGAUO9ltPZh9xd8YIAvGAL6GkqA2jas8RWrO	VA	30453042118	5070693143	0
295	2022-10-30 19:21:53.913583	2022-10-30 19:21:53.913583	\N	\N	Nova Farrell	bradtke@ila.com	$2a$10$1bFH3gjthzxE9SkFqnwxC./aVgp7fNKSEPKGbOFGKGuzekkp4E7A6	SA	16409798954	1053635807	0
296	2022-10-30 19:21:54.031671	2022-10-30 19:21:54.031671	\N	\N	Ms. Cora Brekke	stroman@yahoo.com	$2a$10$9LsJxDToTr8XSag6QXf1r.YsMl7MNgu3gzxeJbAcBXuAbvq2WtZN6	B	41818286399	9165855512	0
297	2022-10-30 19:21:54.146105	2022-10-30 19:21:54.146105	\N	\N	Delfina Durgan	maryam.lockman@til.com	$2a$10$IFBeYLW17nQ66IypGPo8DOFOXMvbc90MDz6bniagDUD0aCep6PDwu	BA	48592156472	6009406153	0
298	2022-10-30 19:21:54.265994	2022-10-30 19:21:54.265994	\N	\N	Juana Wilkinson	reinger.virgie@qmf.info	$2a$10$u80vY53jNelxcNwVQ/Kc.OfH6FZCmOjXWzPOZPQNrO7.9HLqviVcS	DA	92911963039	7709847455	0
299	2022-10-30 19:21:54.39655	2022-10-30 19:21:54.39655	\N	\N	Leanna Lesch	mosciski@hotmail.com	$2a$10$sn0PAjxqtxYuEu2YLf7LeuA4k15hGbdf33JJ5qRiv6ErU7Zi8Cg0e	D	25329720309	4419333915	0
300	2022-10-30 19:21:54.517079	2022-10-30 19:21:54.517079	\N	\N	Betsy Dare	manuel@hotmail.com	$2a$10$UxweuASXAGS2H9sQNufJL..bUZnj.7soeWvpILI34Q9oGy2/GbRNe	DA	96661836862	1436868872	0
301	2022-10-30 19:21:54.622605	2022-10-30 19:21:54.622605	\N	\N	Anastacio Dare	maci@hotmail.com	$2a$10$S1Bf53rbGZBV9siyVi7Bwudgy.G9dLSqBfTULc9Mvn4DtT6B1gX9O	BA	51836986468	2840199443	0
302	2022-10-30 19:21:54.749974	2022-10-30 19:21:54.749974	\N	\N	Deontae Grimes	magnolia.auer@zxy.org	$2a$10$4QNyoj57Bn2cRsbm.l81hOk21iTBD.p5bxXbHqcOCL8XxUuigSwve	V	76052849151	2283291138	0
303	2022-10-30 19:21:54.917683	2022-10-30 19:21:54.917683	\N	\N	Mr. Jefferey Price	schultz@gmail.com	$2a$10$Aat83sayHDpYk6SWSDXJVOcKVGuyNAxArCf2AyJKbYUqiQSi7ccFW	D	65169547017	2743561169	0
304	2022-10-30 19:21:55.073139	2022-10-30 19:21:55.073139	\N	\N	August Terry	stoltenberg@oro.com	$2a$10$9FL8njNjJlA.MDCgzMPeiuDkbrsULLSYmnrdIAYTEv6YBpTwJz6NO	DA	80007818966	3895204229	0
305	2022-10-30 19:21:55.18429	2022-10-30 19:21:55.18429	\N	\N	Ms. Lulu Block PhD	connelly.janis@hotmail.com	$2a$10$3VxalY8VwCEZjXtX/MGaieMDfHb1QzMkdDqkWHivKG59UUImGlWn6	SA	71274803423	2905260851	0
306	2022-10-30 19:21:55.299718	2022-10-30 19:21:55.299718	\N	\N	Kimberly VonRueden Jr.	johnson@hotmail.com	$2a$10$Bpb/A3qhQYAyKAajmGJ/Ke1HYNdRUcwtAmVASUohitdsCO014x4tW	DA	56687251859	8619232045	0
307	2022-10-30 19:21:55.403135	2022-10-30 19:21:55.403135	\N	\N	Mr. Bruce Gislason	evert.auer@yahoo.com	$2a$10$P4YvA.Ac7JrcbdPGnQ.qB.krYUHiyvE8l6acpm3dUZWGq5ZAPtuEy	V	66005247733	3841255649	0
308	2022-10-30 19:21:55.516987	2022-10-30 19:21:55.516987	\N	\N	Ms. Katelyn Moen	lubowitz@pze.com	$2a$10$bGwVVSJQQvTfbUUlUf/vy.VchtVKrHovr7NdoqsAP7YD6JIMNmD3S	SA	47313327156	3552953901	0
309	2022-10-30 19:21:55.62949	2022-10-30 19:21:55.62949	\N	\N	Olin Hickle DVM	aimee@yahoo.com	$2a$10$e8IOrVPDfVR21/QptBb57eub4oIoViXRxK4u5ZzUygeVOi5pMdLSa	BA	38436635656	7045543384	0
310	2022-10-30 19:21:55.752441	2022-10-30 19:21:55.752441	\N	\N	Adelbert McLaughlin	marina@dke.com	$2a$10$reyE1rww8BiNRM4.wJZzt.xYfJ9lt9viKDbovNiWCtyVZozqawbOC	V	34292536343	5086754912	0
311	2022-10-30 19:21:55.887694	2022-10-30 19:21:55.887694	\N	\N	Ebba Gleichner	lorenz.skiles@xmv.com	$2a$10$O6hq/aDveKf0o5IqPRscL.vN9U3kJtcFbjXeDR1OVMTefUDpLwIoq	VA	19537892316	6774675236	0
312	2022-10-30 19:21:55.996769	2022-10-30 19:21:55.996769	\N	\N	Sally Schowalter PhD	zion@dbu.com	$2a$10$9sIiB8CURu2aFfQGY8s45eEKs0vmSBRafCc9KFrQZRDRqRlrHlCoO	V	93006304244	6361159380	0
313	2022-10-30 19:21:56.114567	2022-10-30 19:21:56.114567	\N	\N	Clement Bergnaum	reta@gmail.com	$2a$10$OVw998tLfQGDAR7VOm7RIexsGrCrs4Y.0nxKrZoevu6y5XcfeYmAK	SA	50747953185	5860931687	0
314	2022-10-30 19:21:56.21975	2022-10-30 19:21:56.21975	\N	\N	Ms. Krystal Homenick Sr.	edgardo@xni.biz	$2a$10$KGT1vZs9gi6Tp/iafpI1ieSeI70RjglRun05/KPOglr8qtk5G6rJi	VA	29124865827	3609811885	0
315	2022-10-30 19:21:56.325532	2022-10-30 19:21:56.325532	\N	\N	Bulah Prosacco	heaney@yahoo.com	$2a$10$ASc.QkTfEPLf1wbza755qeOABDVaHiq4LULnocAhoKy.KeDxxbw9O	D	12339802717	9980494252	0
316	2022-10-30 19:21:56.470541	2022-10-30 19:21:56.470541	\N	\N	Mr. Torrey Torphy Jr.	rosalind.hoppe@koj.org	$2a$10$1faIOWcQWIdoRk/2pYHyd.fNS8Oty/k1JLeB.cwTnt3J1wD939whe	V	59109892180	7571442688	0
317	2022-10-30 19:21:56.618173	2022-10-30 19:21:56.618173	\N	\N	Mr. Torey Jast	hobart.beier@gsj.com	$2a$10$xbdtY.Fk9eNhl1FAP3G9UetUWkt0OtIbc9G.ESl8sn1.zqqq.iRYO	DA	38489986160	1516415580	0
319	2022-10-30 19:21:56.811245	2022-10-30 19:21:56.811245	\N	\N	Ms. Euna Kiehn MD	fernando.franecki@wdz.biz	$2a$10$iVgMUfpPFNxHE1COBxePLelKkjAU1J9z.ybCam.5UPkdJ5tP6V8pq	V	87312891762	1072450768	0
320	2022-10-30 19:21:56.945384	2022-10-30 19:21:56.945384	\N	\N	Alfreda Parisian Sr.	tremaine.parisian@xfv.org	$2a$10$C.t3XCHhWAx9LoFFqf5TruR6peZyPRvUFPmXs1kBRp4hf9FaUxCNC	V	87548748537	1892418275	0
321	2022-10-30 19:21:57.070261	2022-10-30 19:21:57.070261	\N	\N	Cecelia Schaefer	botsford@fpx.com	$2a$10$SY7RJRx5kxPZUotR7giqV.vwpK.kvDU0qyCy.s2U7vSf9H2rAQtDS	D	41392842673	6154943410	0
322	2022-10-30 19:21:57.180518	2022-10-30 19:21:57.180518	\N	\N	Wallace Weber	johnpaul@ojk.com	$2a$10$K2IxUpBoNYnD3.sFuEalleuCWBhPPwaURACJKpQLBh87nSjcdNfvO	DA	81765097222	5798507210	0
323	2022-10-30 19:21:57.288782	2022-10-30 19:21:57.288782	\N	\N	Stephan Waters	nayeli@hotmail.com	$2a$10$LMglO7bY70Heu3.8WUlcG.cZRy6.JEdQ4658dHH0u9Q9GRJcJ2QoG	DA	30772061871	7861022660	0
324	2022-10-30 19:21:57.395592	2022-10-30 19:21:57.395592	\N	\N	Mr. Friedrich White	vivienne.senger@yahoo.com	$2a$10$gdPgHWA96QEVuCngle3JT.K1JG9PC92jmbmlA/omWQ3M2UowJdQ6q	BA	29908509972	4507016180	0
325	2022-10-30 19:21:57.509249	2022-10-30 19:21:57.509249	\N	\N	Kallie Bashirian	stokes.dax@gmail.com	$2a$10$ur3dv7wIFQvwDUda9FFaHuW5rCCn0D6AExRm3Dy3DecWJNYeEL1fu	V	24680655678	9383806585	0
326	2022-10-30 19:21:57.618367	2022-10-30 19:21:57.618367	\N	\N	Victoria Walter I	darion@rej.com	$2a$10$9gjS4JMuUgPyIh61fUSoquy1jxuqnLJl5EhQ7FNnCPGX5k881oOTy	D	16358734932	1696264796	0
327	2022-10-30 19:21:57.738149	2022-10-30 19:21:57.738149	\N	\N	Mr. Cristina Hoppe	kihn@loc.com	$2a$10$9VZTnNQ/nZqwLnXlMKrvJumTGCPRdyvz.C/EfZV7F5NZjIRteILqy	D	61837376703	4623951272	0
328	2022-10-30 19:21:57.851216	2022-10-30 19:21:57.851216	\N	\N	Mr. Murl Nolan	ellsworth.feil@cai.com	$2a$10$HR6I/0graR374VKh0h/TJOUlIpb3GU5WjW0bbw81SZ.QKRMbQaARC	BA	42978277586	1796406947	0
329	2022-10-30 19:21:58.004995	2022-10-30 19:21:58.004995	\N	\N	Keven Adams	kunde@aof.info	$2a$10$pHLigGikFL6.G3V5.T5McOxc7/tIUPENtev52gLLso5uXAwAIQ57y	D	58806947988	4036882940	0
330	2022-10-30 19:21:58.116319	2022-10-30 19:21:58.116319	\N	\N	Ms. Karlee Cronin	nolan.elton@bkq.info	$2a$10$RtIeItUXY7lVx7O5gJGLfuxIm0.14/O3gsUEhTofztkJLicqStQ6y	BA	99808902342	4788502845	0
331	2022-10-30 19:21:58.233255	2022-10-30 19:21:58.233255	\N	\N	Devin Kemmer	janice.ullrich@qsb.com	$2a$10$9auGX9q0M5vuU4/lTPPFW./GNbIs0fIjgpNnGoFyVuzHF8PAoYeye	D	95653100127	4370861850	0
332	2022-10-30 19:21:58.350173	2022-10-30 19:21:58.350173	\N	\N	Shaniya Hessel	price.robbie@yahoo.com	$2a$10$IqZ/nOqR6O.N0PeLdF69Lu6EkDpi6Mm3w/A9FqAmIwgH7EzXOJbhq	DA	35575934671	1250946793	0
333	2022-10-30 19:21:58.465956	2022-10-30 19:21:58.465956	\N	\N	Marlon Romaguera	roberts.angeline@eea.com	$2a$10$WxRtp6t9DQt0CBGGijiF/.wzAGCeON28C73hfKOxujGAqLtweMfCi	D	52469642801	1221701743	0
334	2022-10-30 19:21:58.588085	2022-10-30 19:21:58.588085	\N	\N	Alayna Kris	beier@vqv.com	$2a$10$SAc8jxeely6uKXPJIQU6Duw9xqWhvlC2G7YNF4yAFln.R.QdBaBby	VA	56068329833	5149650891	0
335	2022-10-30 19:21:58.716981	2022-10-30 19:21:58.716981	\N	\N	April Fisher	shad.altenwerth@xnp.com	$2a$10$1cFxL0OS.JotDQtUk622QuV6I0YL/5dJdDlyhzrkTjeu/GDK8n8/y	BA	23146061320	6524696939	0
336	2022-10-30 19:21:58.852081	2022-10-30 19:21:58.852081	\N	\N	Christopher Kreiger	martin@oqa.com	$2a$10$.bFkcXt2ppp/HwzaUXuQbudM1YgF3Ha.v9JnLhlJDQwSzC8pby6mm	V	14827988735	9051594929	0
337	2022-10-30 19:21:58.966483	2022-10-30 19:21:58.966483	\N	\N	Laisha Brakus	weissnat.talon@eex.com	$2a$10$hXl8WMYgkxQf1Nij/KzneOjjBA3vbbQ7aTIS/OujKQ4pN9QTgDUbi	DA	28767050342	6013993433	0
338	2022-10-30 19:21:59.071775	2022-10-30 19:21:59.071775	\N	\N	Mr. Hassan Ratke	thad@yahoo.com	$2a$10$lPH5P.vSqYLDkgqMPM.NTe3FCus8EhrC9OzFgDNwZWmOiOmCHvJUq	VA	88329659879	6144105553	0
339	2022-10-30 19:21:59.180197	2022-10-30 19:21:59.180197	\N	\N	Ms. Muriel Hessel	diego@gmail.com	$2a$10$tIw2F8Cv8qychp7o/J1gvO18btaF9kAynniJPi5VE7KVVqJAwCUbK	D	31405227140	1270803773	0
340	2022-10-30 19:21:59.302966	2022-10-30 19:21:59.302966	\N	\N	Raleigh Dicki	modesto@yahoo.com	$2a$10$pVI3taGhiZv3Ku.c4LkWhe5aGJL.OQN5Xx6MColyu6mC6QXHt4ur6	D	89071115047	2593204951	0
341	2022-10-30 19:21:59.406103	2022-10-30 19:21:59.406103	\N	\N	Mr. Brown Ruecker III	nitzsche.darrick@yahoo.com	$2a$10$uS6ZEYMxm591JV2R9avNRO71Eo0V5u.zfeVVjUiWNnOEStGSwoDC.	DA	94010064019	8723064233	0
342	2022-10-30 19:21:59.519269	2022-10-30 19:21:59.519269	\N	\N	Ms. Brenda Hamill IV	karli@hotmail.com	$2a$10$kKt1hWDtesEaHYupb4un2eSGI2IXg5SM/xd7.tfyhA9TTytjUwp.a	BA	36325875183	7636605925	0
343	2022-10-30 19:21:59.618699	2022-10-30 19:21:59.618699	\N	\N	Myah Boyer	darius@hotmail.com	$2a$10$6QeJTbTknpC/jz6chVcDs.AXHBT51zV56G0efFiJ1hLJMUW/Ls/h2	B	21119796787	5076056619	0
344	2022-10-30 19:21:59.737567	2022-10-30 19:21:59.737567	\N	\N	Theresia Schimmel	lester.fadel@hotmail.com	$2a$10$m3jRXgyMJ6X.3pkohGu.HOvIrITuv6PqjNT04LZC.uhP7VR6IOCOC	VA	82442016723	6954053445	0
345	2022-10-30 19:21:59.861388	2022-10-30 19:21:59.861388	\N	\N	Duncan Wiza	kurtis@gmail.com	$2a$10$xDmsqG2Fe8bgAH2QyIxBCeV8VpxCP3USkF9JLYEyyw8Lx6kKYtowO	SA	26289462642	6266022954	0
346	2022-10-30 19:21:59.967566	2022-10-30 19:21:59.967566	\N	\N	Hallie Farrell V	donnelly@vgm.org	$2a$10$W.4oe8ezuG0Adtmd.cZXgOgPCwdICX6i0NDfN4.DFPdfO.8Fjb3pO	VA	34943840046	2486009037	0
347	2022-10-30 19:22:00.085621	2022-10-30 19:22:00.085621	\N	\N	Nola Huels	mann@hotmail.com	$2a$10$nzLuF7h5M36vSCMpjmIYf.j9fnGulk3A9d/hhzWzf0CGrlz5njZVC	V	13540028755	6363503202	0
348	2022-10-30 19:22:00.1994	2022-10-30 19:22:00.1994	\N	\N	Otha Mitchell I	lehner.taylor@gmail.com	$2a$10$gl/bdBlx8QzakPUF61PK7OrLzDaJPrTprySpjp5e27MBdyARSvPPS	D	46080936006	3206494919	0
349	2022-10-30 19:22:00.314123	2022-10-30 19:22:00.314123	\N	\N	Ms. Sylvia Dicki Sr.	noemi@zvw.com	$2a$10$/1QnloE2cMbYRJZW97Du4.MP6aUuZbFYxS3PKmhvqXt35k2EyScG2	BA	35693541280	4482712864	0
350	2022-10-30 19:22:00.464795	2022-10-30 19:22:00.464795	\N	\N	Ellsworth Hessel	lawson@gmail.com	$2a$10$s66xLy5TXSOowMUOgIe2geznDsdqxURBtkzr5cAfw8.qau2ikBNV.	D	65481521853	7323912413	0
351	2022-10-30 19:22:00.590785	2022-10-30 19:22:00.590785	\N	\N	Ms. Rowena Kub	albert@jhr.com	$2a$10$NXLNyfyiES1qRRqiif9zzuEjOUamERIt5RDuXEMHIUcoyJCgl/bcK	V	69336123285	3033474500	0
352	2022-10-30 19:22:00.714579	2022-10-30 19:22:00.714579	\N	\N	Roxanne Erdman	neil.pouros@yahoo.com	$2a$10$fIdixQOM2Ma4Op4wj/tQt.mlH0UFuinrCyqem6gJKrfKOHbUw0YNq	SA	86097279340	4841249772	0
353	2022-10-30 19:22:00.873494	2022-10-30 19:22:00.873494	\N	\N	Ms. Tracy Schoen	hattie.kuvalis@jsx.com	$2a$10$73aoi3J8Xk38QK5W/yUqU.cJCLnDgts2.U47gVy9fcJ5Kf411BvG6	VA	25884642414	8297894078	0
354	2022-10-30 19:22:01.0184	2022-10-30 19:22:01.0184	\N	\N	Ms. Yasmin Graham	lueilwitz.katrina@yahoo.com	$2a$10$.n/Bprggsd//W4al/BFJreqm7IR8kiSrOHYQJQbPd2dT7KQYm/WD6	DA	87827437043	3481049828	0
355	2022-10-30 19:22:01.153006	2022-10-30 19:22:01.153006	\N	\N	Laurel Wolff	vivian.stamm@uqg.org	$2a$10$9tqZSExpm.kUSZXEFNeTeOt2B.RUHs/jhlrlsz3Ve83drsjAYF7ne	VA	41560815700	8856622465	0
356	2022-10-30 19:22:01.267858	2022-10-30 19:22:01.267858	\N	\N	Jevon Jones DDS	klocko@kwz.com	$2a$10$Sa9m9RVOVboY1S76a4cXf.RdqO1AEeGQq6ncTqFVmuwxjwh6j6XUm	VA	21876817183	7594919149	0
357	2022-10-30 19:22:01.376936	2022-10-30 19:22:01.376936	\N	\N	Ms. Pasquale Vandervort	spencer.jeramy@hotmail.com	$2a$10$CVZbGcXGCi8Yl.ZasPH0a.Svi9qztKw6jUSLOzjtugRsQqYe7oV4O	B	56925890155	8848338203	0
358	2022-10-30 19:22:01.503739	2022-10-30 19:22:01.503739	\N	\N	Bridget Kohler	pagac.dock@yahoo.com	$2a$10$2fXToVfV59FsRQ4DKZvs2.ukV0bNQQzspyMIx2Xowr8HSHQ0S8opG	D	88730182672	1211588287	0
359	2022-10-30 19:22:01.62148	2022-10-30 19:22:01.62148	\N	\N	Edwina Bernier Sr.	watson@iye.com	$2a$10$QiOp5meJYaVMLUbLhNK4meJJekM9PQloMoktnsvHqcitChSJQ2Dti	BA	93982570723	9997993910	0
360	2022-10-30 19:22:01.80091	2022-10-30 19:22:01.80091	\N	\N	Sierra Fay	santino@gmail.com	$2a$10$4kTVo25Gu5Eq1vNGx7NTQ.FfYeTF9dAcym8MTjoN/Xm/gKq/4N7Ge	D	33738801551	9791978046	0
361	2022-10-30 19:22:01.954309	2022-10-30 19:22:01.954309	\N	\N	Eryn Reilly III	arnold.davis@yahoo.com	$2a$10$JbMrP7WJmcCcQwq/t9XVDe6v4ulYIaC/sBlZOn/bnRBUyoT874aGa	SA	71445825100	2659752546	0
362	2022-10-30 19:22:02.074526	2022-10-30 19:22:02.074526	\N	\N	Christine Hyatt Sr.	okuneva@wqg.com	$2a$10$P4Cv6tMVYoG6x/cZx8MBbeh8UOGja9JXqTj5TAmvP0VIdW8bf44Q2	DA	41411141265	4558873744	0
363	2022-10-30 19:22:02.203292	2022-10-30 19:22:02.203292	\N	\N	Hilbert Stroman	margaret@gmail.com	$2a$10$d2kw.g1sJsKZ1loiFgTVcuHgL4o4CDFwZerDkfZ6Xg31ZTfLO4FyW	SA	42626748323	6851546134	0
364	2022-10-30 19:22:02.319672	2022-10-30 19:22:02.319672	\N	\N	Katelynn McCullough	caleb@ksw.info	$2a$10$W4F8/dRZ9vzeWqr/vW12zukEaVuTpvADIqTnRuMRyx4emUQ/abQNa	V	44246480409	8537588015	0
365	2022-10-30 19:22:02.459186	2022-10-30 19:22:02.459186	\N	\N	Ms. Gwen Johnson Jr.	nelle@kcv.com	$2a$10$dqXSUhpNk6ePUnhN6SWuzO5saI8oGKEifVcRhncJLymNK2VkoiHdq	SA	43313114740	7795717680	0
366	2022-10-30 19:22:02.576069	2022-10-30 19:22:02.576069	\N	\N	Mr. Sherwood Lang	stokes@yahoo.com	$2a$10$SxRQcATppUCQ8kqmrmqXV.K47ROaiMCMrLTGsX9Xy.4tFBMuXwTZ.	SA	15007324479	4379933042	0
367	2022-10-30 19:22:02.69549	2022-10-30 19:22:02.69549	\N	\N	Morgan Champlin	henderson.kunze@yahoo.com	$2a$10$fncQ.C0.0BWueoNpSI3gAuX7d9tkmdt1VhTiwG6bTGBFzPgkfub7K	SA	49061517307	8239296413	0
368	2022-10-30 19:22:02.805738	2022-10-30 19:22:02.805738	\N	\N	Carmen Friesen	samanta.casper@yahoo.com	$2a$10$7gDfkbIKCYv8YGDzijWapeYcdEVoDEaz77UCWVdFrD35/iNW2Qy6G	SA	13699833960	4725653401	0
369	2022-10-30 19:22:02.927078	2022-10-30 19:22:02.927078	\N	\N	Nicolas Rippin	pollich.rae@gmail.com	$2a$10$fQ/awW3OFpiXFfP1sR4iBOfQNpZkI1FgmdmnbzXtdj4GHIA7/8YPi	DA	20661376801	2710499977	0
370	2022-10-30 19:22:03.096959	2022-10-30 19:22:03.096959	\N	\N	Mr. Rickie Collier	raoul.altenwerth@hotmail.com	$2a$10$0UoV22.X1FiZgGfQDa8iIOJ681YOpObLPFJqqQU9fEorN9bKGIk7K	BA	66443926775	5244265670	0
371	2022-10-30 19:22:03.218207	2022-10-30 19:22:03.218207	\N	\N	Dereck Vandervort	antwon@yahoo.com	$2a$10$8cAk71qxkbvl.H5K4XeGh.5bsb0j9rdbWN.1iDN4RYT8w701EqU1K	V	83644104372	3555737021	0
372	2022-10-30 19:22:03.321318	2022-10-30 19:22:03.321318	\N	\N	Mr. Jarvis Wiegand I	izaiah.hegmann@gmail.com	$2a$10$1Z46SCJCJu0XVefebP7MQe/ln9WFU/5TXveXFd63YSwN6gf5jkC8u	V	93708271572	3343850673	0
373	2022-10-30 19:22:03.433426	2022-10-30 19:22:03.433426	\N	\N	Ms. Augusta Yost DVM	walker@fhp.com	$2a$10$gEQ3UtA9b3PhqGKeDBXPE.sGu0rrbmBGmeRkxT4n8BMvHyUXAIDQO	B	52187687638	5724566354	0
374	2022-10-30 19:22:03.547596	2022-10-30 19:22:03.547596	\N	\N	Rylee Dare	bashirian.augusta@qoa.net	$2a$10$1O8Z7qYpnUval635VMUVr.Bt7GyyEzb3LKoS4cvPRC3evd51HViL2	SA	59232991418	8015138610	0
375	2022-10-30 19:22:03.680516	2022-10-30 19:22:03.680516	\N	\N	Robin Jacobi	arvid@yahoo.com	$2a$10$3dXUeG.VQnfz8qKZ/8XLVO9m0lyIxvll7Cbowm9HULcbjkIneddZa	SA	30619113093	4596807559	0
376	2022-10-30 19:22:03.797665	2022-10-30 19:22:03.797665	\N	\N	Ms. Kayli Paucek	hamill@gmail.com	$2a$10$KeIbqvOVcvrRbxBFzmV8XO4jOnnuSmeYEPfR7wSSeYXooLpihAbgO	V	90975198374	4981877879	0
377	2022-10-30 19:22:03.916756	2022-10-30 19:22:03.916756	\N	\N	Conor Toy	lora.gerhold@gmail.com	$2a$10$N20fbDYL3xn2C5v98O7.su7LSkX9Z0frIdhWu6yaZlZeXDyBfmjUK	D	54900653921	9845206497	0
378	2022-10-30 19:22:04.067077	2022-10-30 19:22:04.067077	\N	\N	Mr. Ahmed Erdman MD	jacobi.trace@yahoo.com	$2a$10$31kG9HERqIfVpAdiPd6at.VESM/NDpRs2sdpkcoL3M.4U2lzzVFDy	B	15632233847	1406299141	0
379	2022-10-30 19:22:04.170435	2022-10-30 19:22:04.170435	\N	\N	Mr. Jessy Auer	ward@eir.info	$2a$10$L94.5kXS.Xk8R/2PIyzAK.D2IVckRdBtjWNzObs7MJf2Z81ZSYP72	DA	93025281739	6180323368	0
380	2022-10-30 19:22:04.283387	2022-10-30 19:22:04.283387	\N	\N	Mr. Kim Huel PhD	gilberto.sanford@ecm.com	$2a$10$p/1VtbkuBnObbnDfW96bdOPOc84ckU4SRA3z.bkUIX53aNhbFqMIS	BA	46853432796	3698801963	0
381	2022-10-30 19:22:04.457162	2022-10-30 19:22:04.457162	\N	\N	Ms. Annabelle Spencer III	sabina.corwin@jbl.com	$2a$10$0ncVmdc4M0rgJ244erMLte4OZNs0kPTd77p6m06.vHmXUgpfcrE/K	DA	14349783772	7024547397	0
382	2022-10-30 19:22:04.575873	2022-10-30 19:22:04.575873	\N	\N	Kamron Harber	rippin.candace@qcc.com	$2a$10$zVRY9uz5d02KHfbmG63dr.yN/R5fZTlCkDgAdX47pE0SA9f53oCAW	DA	24472056655	4287657580	0
383	2022-10-30 19:22:04.691762	2022-10-30 19:22:04.691762	\N	\N	Reilly Zboncak	dubuque@gmail.com	$2a$10$VueMW42W6eW/cmEdZjN7jOv4ke06m.VwWMIIIZEhzo51uxol/FY8.	B	49290865983	2549029184	0
384	2022-10-30 19:22:04.811898	2022-10-30 19:22:04.811898	\N	\N	Jess Cartwright IV	gulgowski@hotmail.com	$2a$10$466zMc9QVSUzLvDwmbAyCOdXnoVAPcjP4C1pXsvj/jR2vnP6jGV96	DA	95434959107	5694773618	0
385	2022-10-30 19:22:04.926654	2022-10-30 19:22:04.926654	\N	\N	Billie Hagenes I	cronin.erick@prx.com	$2a$10$6Pg3aJVkZEDk9/CBPUoMwOkRHafOsGxNp2crLRvEKK/9OpaQeDlUe	V	33142839925	8402334361	0
386	2022-10-30 19:22:05.038483	2022-10-30 19:22:05.038483	\N	\N	Hillary Reichert	beier.callie@qdm.info	$2a$10$qsvwKDdSfxPsceeBzGZwcePRQ2H.C6SGmQOrCt6I/rV/JQnIs6tQe	SA	15801221755	7478042762	0
387	2022-10-30 19:22:05.162633	2022-10-30 19:22:05.162633	\N	\N	Jennings Schumm PhD	vickie@xvu.com	$2a$10$cshSsauR6Ytmij7MsJOba.HOBBInx3BRbY8yZSRghh3mzw6GrhNzW	D	29316498167	5187963087	0
388	2022-10-30 19:22:05.280722	2022-10-30 19:22:05.280722	\N	\N	Stanford Hermiston Sr.	madelyn.jerde@het.com	$2a$10$UFbcSlcfkZCdddxgAPU29u2iir0bv/s8WT0EJF6guAtiAs1IQhArK	VA	97847199550	2019243262	0
389	2022-10-30 19:22:05.404236	2022-10-30 19:22:05.404236	\N	\N	Reginald Dietrich	brandy@hotmail.com	$2a$10$Xw5/7VGRWyW8TJj61anF3uSQz4Czbem79gIYP.igsd5CTnQKwPIsm	B	51664789831	3104096306	0
390	2022-10-30 19:22:05.513272	2022-10-30 19:22:05.513272	\N	\N	Josie Lueilwitz	wilton@gmail.com	$2a$10$8rkR08EXng6lZGEvTlRRh.0GfZ.7BwbVhjFq1PjxF5BUfwuqu/5Nm	DA	27405100523	1032754949	0
391	2022-10-30 19:22:05.610099	2022-10-30 19:22:05.610099	\N	\N	Theron Botsford	emard.geovanny@yahoo.com	$2a$10$jg5LnmAvxO6jz0zURuz/6.8DnTeAhWzTAU9zuVoBMMSK2OotCXri.	BA	25247513756	4424377080	0
392	2022-10-30 19:22:05.717375	2022-10-30 19:22:05.717375	\N	\N	Nyah Schmidt	terry.pattie@yahoo.com	$2a$10$LVC6wKaDFbyV4mMf5YrIuOCC.JlDTDLHWFwjQDogOHsHYdBjWRjJK	VA	50455145610	3645526638	0
393	2022-10-30 19:22:05.83625	2022-10-30 19:22:05.83625	\N	\N	Nyasia Mohr MD	jensen.mckenzie@dgz.com	$2a$10$Bzc3e5Myo/o3gty3nPEpT.XXcQ2bpRLusYHztPfsLYuAsKwVKAYJK	V	45629376909	8593712027	0
394	2022-10-30 19:22:05.957305	2022-10-30 19:22:05.957305	\N	\N	Ms. Daphne Gerhold Jr.	flatley.lourdes@hotmail.com	$2a$10$E7jgklh/ajAlKbUR1IEOXe32vOOjUGEMbduzBZSwxfRpl5EDXXwB.	DA	40127148764	2087580860	0
395	2022-10-30 19:22:06.07062	2022-10-30 19:22:06.07062	\N	\N	Mr. Dillan Abernathy Jr.	daryl.adams@gds.com	$2a$10$7xZ2mGpRgzXYzrWns6op9ufLJJFfB6x5.hLglP3Nr8LoVUJzI5Swy	BA	25257902957	1751555926	0
396	2022-10-30 19:22:06.234797	2022-10-30 19:22:06.234797	\N	\N	Bertram Zboncak	howe@vxy.com	$2a$10$/IHhWYdts.RL713prZBEL.rItRYbxZrmmvnWBrofz3LMPPrdX4hE2	DA	66409371142	7563597270	0
397	2022-10-30 19:22:06.348766	2022-10-30 19:22:06.348766	\N	\N	Mr. Gavin Hamill V	robel.arvid@ncc.com	$2a$10$8fRt2oJ7mEaLunaWt50m3.Tf3VkJ9ieOGIKntwWFdKuIWzjwGEQFu	VA	91713630800	7515777890	0
398	2022-10-30 19:22:06.453238	2022-10-30 19:22:06.453238	\N	\N	Haven Kihn	ola.schultz@yahoo.com	$2a$10$mYWwhznlMVZhBT/TM3PQL.AvhxMRxIj8PB8vKfQD/XP9Ku0m0Xj4i	D	43749993583	4588371261	0
399	2022-10-30 19:22:06.549297	2022-10-30 19:22:06.549297	\N	\N	Ibrahim Heaney	kris.deangelo@wtn.biz	$2a$10$0wRslT0GcOGrYAOrmgbLUuQJHWfTljz1Y6JX3FyDFVMENg/.gOQFG	VA	26759902796	6808014974	0
400	2022-10-30 19:22:06.660141	2022-10-30 19:22:06.660141	\N	\N	Arely Kris V	reichert@wjv.info	$2a$10$NQ/5ZZINlrAmVj3lw3zWE.jO7Q3CeqpNjgvnMWehMfc62R2Ptmztm	D	68423911841	4014611507	0
401	2022-10-30 19:22:06.778323	2022-10-30 19:22:06.778323	\N	\N	Leann Hegmann	jalyn@hotmail.com	$2a$10$Iq8kxh/6W5uW30.b38nbnOXeHbcrpFnFEEZ37go53CfwScZruWzL6	VA	38570821454	7458073470	0
402	2022-10-30 19:22:06.88815	2022-10-30 19:22:06.88815	\N	\N	Cleo Marks DVM	wellington@ggm.org	$2a$10$RX6H8KpHGpOHw7d8psaWXONVDZFhoI17a5C9sj4JaT6o8Yl6HJDMm	BA	78886878803	3965279236	0
403	2022-10-30 19:22:07.013168	2022-10-30 19:22:07.013168	\N	\N	Dalton VonRueden PhD	citlalli.murazik@jcf.biz	$2a$10$9/Vlnlh63lul.6UpVE4YsORftUuG/v1yZEHkq224Ksy6uBSsCZ222	VA	96534636989	4003873452	0
404	2022-10-30 19:22:07.149384	2022-10-30 19:22:07.149384	\N	\N	George O"Conner	schowalter@gmail.com	$2a$10$5bDCOma92nTiOoNMBZ4/kOAvdcngYxbxOlArbMTGpReIS1YiFHCJW	V	18268712869	4738832546	0
405	2022-10-30 19:22:07.317871	2022-10-30 19:22:07.317871	\N	\N	Crystel Legros	ellie.turcotte@yahoo.com	$2a$10$NoyB3oLmqEKnHAjjIvz7/O..iHxPa8.wzyU9XnL6.RZc0142q4FSu	D	37336024326	6737665276	0
406	2022-10-30 19:22:07.423461	2022-10-30 19:22:07.423461	\N	\N	Haylie Rice	sophia@gmail.com	$2a$10$kWAMS8lIuRa7kKkuOfIwoeI5rafHLrhPrsDnmY24qvWlsmmAdBJT6	V	80350058812	6075591360	0
407	2022-10-30 19:22:07.598296	2022-10-30 19:22:07.598296	\N	\N	Emile Bartoletti	nicholas@yahoo.com	$2a$10$ulqXB1Z74z9EBPKUr8KmvedclrPe2PDKQWr0ZqgTaQCm73kGUrIi6	D	79747601220	2578736751	0
408	2022-10-30 19:22:07.731261	2022-10-30 19:22:07.731261	\N	\N	Ms. Telly Boyer Jr.	zackery.o_conner@hotmail.com	$2a$10$vziqVAbNKgifPPTSZuSsN.TO/VNwamRrZl5kCEQuznO5mpYBfQ7Pi	VA	37870504567	5332504104	0
409	2022-10-30 19:22:07.850149	2022-10-30 19:22:07.850149	\N	\N	Hillard O"Hara	o_conner@evs.com	$2a$10$zj6xN2Eyir0wvBzBLQAd2.p8quTSRtOpeCGU8COnEKOdFcZ9YAi6m	SA	79182774411	9273494641	0
410	2022-10-30 19:22:07.962611	2022-10-30 19:22:07.962611	\N	\N	Mr. Ewald Feest	reichel.destinee@hotmail.com	$2a$10$wlD9ER0SL2PeOa6x8dMBZ.yszUjJoFdTpmDfTmbcx8YNdNDEwL59O	B	32234378349	7388575747	0
411	2022-10-30 19:22:08.074021	2022-10-30 19:22:08.074021	\N	\N	Joseph Moen	glover@you.com	$2a$10$cI0W/8YcLuoJWQ/YR7z7n.Quykm4.hXvBmmqp8iDKRk9uAFQI.3SC	V	69538362309	8857793670	0
412	2022-10-30 19:22:08.199599	2022-10-30 19:22:08.199599	\N	\N	Gabriel Crist	kutch.tristin@hotmail.com	$2a$10$vE8lDKwPmxtXwDHY15BADOhyHrNBccUyeoTs9bu/RveKfHkH7A8aS	VA	83495246044	3386374992	0
413	2022-10-30 19:22:08.317331	2022-10-30 19:22:08.317331	\N	\N	Mr. Golden Mann	arvilla@vcx.net	$2a$10$z5zqUyzeh092RfNagIrpnO3KyE7wFxpS2rDjGJzES8FrOlvccBXX6	D	82014295140	9822530509	0
414	2022-10-30 19:22:08.415711	2022-10-30 19:22:08.415711	\N	\N	Ezra Gibson	miracle@yahoo.com	$2a$10$wYMh6FDJNs8M839oqdbioeeM4t8snbIzrkWTMvUoxSJCI22YqM.h.	DA	82317574780	5409064813	0
415	2022-10-30 19:22:08.538265	2022-10-30 19:22:08.538265	\N	\N	Regan Heathcote	ariane@yahoo.com	$2a$10$ksVLT86bZ.YDKVjiKGx6W.tMsJagn/sR3uipFAB.DOQkG9GXCyRx.	DA	12524106919	6900118171	0
416	2022-10-30 19:22:08.693526	2022-10-30 19:22:08.693526	\N	\N	Mr. Gay Glover III	brain.mraz@hotmail.com	$2a$10$5fh5aoOXwkvOmedx9WLf4.nl45EVQtLQQrYN7rTvSZInUMwlRqQl6	VA	24201944048	2440632085	0
417	2022-10-30 19:22:08.813834	2022-10-30 19:22:08.813834	\N	\N	Felipe Eichmann Sr.	hessel@yahoo.com	$2a$10$qmlxiczSvDyLWONdp8uxdODO0V.ixwlQC09fSPIU292qBk2YwSKRO	D	19442639071	8169089712	0
418	2022-10-30 19:22:08.979667	2022-10-30 19:22:08.979667	\N	\N	Zena Swift MD	daisha.ortiz@hotmail.com	$2a$10$DT4Xu32gyT3mQnmIWd8SKO07.KB3U6GFal1fy8A1bLLORTzNDtg7W	DA	87585258446	6401145131	0
419	2022-10-30 19:22:09.098729	2022-10-30 19:22:09.098729	\N	\N	Monty Keebler	cruickshank.maximus@mnp.org	$2a$10$Ler78xzrWVot6QkicgenUe0lCTWkZUIlb5qOqffW.m9mu0E/a9JHy	DA	57962343563	6621855674	0
420	2022-10-30 19:22:09.211838	2022-10-30 19:22:09.211838	\N	\N	Dayna Grant	mayra.beer@yahoo.com	$2a$10$PMrdp.OfwQdWN1FO6Le6QOFTLHcQ1kS3Hxb.Mr/xvKCkIW3CdUx4a	B	94630389802	2703337469	0
421	2022-10-30 19:22:09.343037	2022-10-30 19:22:09.343037	\N	\N	Mr. Keven Metz	roberts@hotmail.com	$2a$10$GZEsFJbFHhvoLKVsdvRM4uYC6gbK7s/w4PLIMCfuHZT7.ruBEw6O.	B	84176096249	9283600923	0
422	2022-10-30 19:22:09.463631	2022-10-30 19:22:09.463631	\N	\N	Ms. Germaine Auer	hudson.fernando@rsg.com	$2a$10$Uszb3XA1gJSG7AdhVvpI9.xnsH2TSXS0QDIsVoVC0RLVPxqG/exJO	BA	46802688169	4021812427	0
423	2022-10-30 19:22:09.572407	2022-10-30 19:22:09.572407	\N	\N	Ms. Rebekah Johnston DDS	runte@gmail.com	$2a$10$ic8jy9T2LWqLMKIH3F.aUOaco44v7KgbZaPDOZXHmeBvaexlZCiIq	DA	89134579592	4093270235	0
424	2022-10-30 19:22:09.682351	2022-10-30 19:22:09.682351	\N	\N	Name Frami	hyatt.juston@hotmail.com	$2a$10$w32hSjIcPOlD2VogQ8g64OApXwET0QZdozKTg32E3nieAmBjxdCMi	V	41087276291	6570380647	0
425	2022-10-30 19:22:09.846857	2022-10-30 19:22:09.846857	\N	\N	Delia Schmidt	macejkovic@ykx.net	$2a$10$m4.QbBipu/TnG4YEUNgCX.5SFhu55BzKIT8PEDJpTAoeEhUqyf3U.	DA	39892736098	3405167708	0
426	2022-10-30 19:22:09.979515	2022-10-30 19:22:09.979515	\N	\N	Martina Beatty	piper@rmn.com	$2a$10$cMc6cj0Hs37rHbn8wbM6puARQIkquaai4OinRcMBgtNljPXPJeiAW	VA	41636016918	5907751004	0
427	2022-10-30 19:22:10.088689	2022-10-30 19:22:10.088689	\N	\N	Mr. Coleman Pfeffer Sr.	maxie@hotmail.com	$2a$10$M4RzDq/0XfXqNFVlU0tCj.T4BJiIAjuk0ylT/fx5th/pVKro7je4.	B	44314909640	3257447641	0
428	2022-10-30 19:22:10.204809	2022-10-30 19:22:10.204809	\N	\N	Kassandra Kuphal Jr.	vergie.huel@zie.org	$2a$10$owEi9sN8LWrjBurM8OzPZep.qL5xXvIL7J0uU6HXxZGQBW1D9QnDi	D	78445188784	7187020720	0
429	2022-10-30 19:22:10.320915	2022-10-30 19:22:10.320915	\N	\N	Lamar Wiza	howe@yahoo.com	$2a$10$/dVRr8R08H73sOL.1ZTKkuiC8NPfAg4Pa15CZIyrM9ckJwvDdz4tG	DA	75683674398	9838975840	0
430	2022-10-30 19:22:10.48814	2022-10-30 19:22:10.48814	\N	\N	Marcella Jacobs	austyn@bqq.org	$2a$10$WgRCvPZ7BPgh40WU98A5Xe6gLEKetImi0zVUUOw4N2hrwXxndHABC	D	42211600306	6759631144	0
431	2022-10-30 19:22:10.600026	2022-10-30 19:22:10.600026	\N	\N	Raul Runolfsdottir	heaney@hotmail.com	$2a$10$y.YHeNxD5AHjHq70Ml2JIO45D3793L5AVEFf.L0.ScPFxTrIpSo.e	D	53133314121	3050463267	0
432	2022-10-30 19:22:10.719339	2022-10-30 19:22:10.719339	\N	\N	Queenie Cronin	runte.mason@yahoo.com	$2a$10$EswrD4CTDX26g9k3d1aGvuTCoesPfsD4ERiP0ZON6Ei1C4eDw.akW	D	75659571950	8561873806	0
433	2022-10-30 19:22:10.851005	2022-10-30 19:22:10.851005	\N	\N	Ms. Elinor Breitenberg PhD	estel.willms@yahoo.com	$2a$10$5N/sYbrdfG0M7Sd5duBoFe7cOXhqoWOa5SkZ24OdKjfLzYHN9ov6y	V	77255752885	2493769416	0
434	2022-10-30 19:22:10.967248	2022-10-30 19:22:10.967248	\N	\N	Jaylin Rau	doyle.jocelyn@yahoo.com	$2a$10$cA58X5RgVZ7GBUncHDRsO.ouAi59b1Cr.VWnijny0krwCmPXdKwSW	SA	90610861245	3497954945	0
435	2022-10-30 19:22:11.134737	2022-10-30 19:22:11.134737	\N	\N	Ms. Hettie Lowe	milford.kuhic@yahoo.com	$2a$10$0sBy7CeszR2z/Tz.TAeBnu42fRDRueKP1xi3kMa99cwkF94YXka8e	DA	90481332212	7998306889	0
436	2022-10-30 19:22:11.282378	2022-10-30 19:22:11.282378	\N	\N	Emmett Jerde	madge@cup.com	$2a$10$lhc2eZY5o9vJXwWGCun09.SJ81mNiAxWLnmYV1xQbL./eFpxf4Jl2	B	11493966246	1209750406	0
437	2022-10-30 19:22:11.41077	2022-10-30 19:22:11.41077	\N	\N	Marcia Upton	leannon.evan@yahoo.com	$2a$10$KR35F0uLx0fvlbvENgT/c./qQWCtAwdpDIw5j7ShQvBPP4urAVXS6	B	93684663016	7061487073	0
438	2022-10-30 19:22:11.522954	2022-10-30 19:22:11.522954	\N	\N	Adriel Hauck	cassandra.durgan@gmail.com	$2a$10$kZ.2cqUwaIGa7vGXzxPR1O8Q.lAXSTzf3cAabwdlqUolE.UKljnIq	DA	18380148244	2570957664	0
439	2022-10-30 19:22:11.677292	2022-10-30 19:22:11.677292	\N	\N	Keshaun Morissette II	stamm@fmv.biz	$2a$10$iOyZoxQh5AR.xjgDKCtv..TlieCSHCvnQ2T3NaPogXspvNlef8SA.	B	64322650078	4238648666	0
440	2022-10-30 19:22:11.802777	2022-10-30 19:22:11.802777	\N	\N	Mr. Sterling O"Kon	laila@cov.org	$2a$10$dR1.uTfxM6S.iUaRCdSfm.QKbZaR4LCcOl2iX3DVQxONOLe6IgNQW	D	16986671345	2757848083	0
441	2022-10-30 19:22:11.927172	2022-10-30 19:22:11.927172	\N	\N	Mona Hauck	cassin.cordelia@yahoo.com	$2a$10$9ZRmWD7arm2jHp5qn7cBi..34lAeALRTkCL6noaQQPALrDZFWEx9y	SA	79093839361	4924597966	0
442	2022-10-30 19:22:12.03809	2022-10-30 19:22:12.03809	\N	\N	Eulalia Bernhard	effertz@kmx.biz	$2a$10$8LxGsCW..5wphMD8GfeSY.Haf4XEEYKY0Cj9aXjGLaZ4UkGSv7fMe	D	11746744426	5862787187	0
443	2022-10-30 19:22:12.166272	2022-10-30 19:22:12.166272	\N	\N	Ms. Jeanie Schmeler III	dubuque.maybell@hotmail.com	$2a$10$qKNgai2HUWHOmymrgJLLg.V1GAmZ1FfqnPoIlo7grpp2mlPIZh9sW	DA	57375306701	3838681978	0
444	2022-10-30 19:22:12.341081	2022-10-30 19:22:12.341081	\N	\N	Ms. Rosemarie Bergstrom MD	robbie@pod.info	$2a$10$ns0MLkmWykT5tG7TRJRD9OdsKK0cAsaQZHX0GU7Nr21Xg17aOF7yS	SA	72952585433	4968470524	0
445	2022-10-30 19:22:12.451362	2022-10-30 19:22:12.451362	\N	\N	Ms. Matilde Hansen	tess.klein@gye.com	$2a$10$jhyyaaCAPnTdupSXWHTAjOYp9jH164kRRfAscsw6arSPzvZ4fbG.e	V	90410107517	8793508471	0
446	2022-10-30 19:22:12.567414	2022-10-30 19:22:12.567414	\N	\N	Katherine Konopelski	hilll.amos@ppi.com	$2a$10$L4C.Kv3ymeqt7CMbVMVstuTvDUxhXRPR9Jrwk0QGA..JVBkAq9Oyy	SA	87640595693	4296238862	0
447	2022-10-30 19:22:12.69997	2022-10-30 19:22:12.69997	\N	\N	Cole Lynch	tania.halvorson@hotmail.com	$2a$10$aUVwBj/rNJuouOl5CXjDL.3UYw6o8RiqynYpK2hYUHHzsWxPXy5Ce	BA	58007769185	6331510222	0
448	2022-10-30 19:22:12.808777	2022-10-30 19:22:12.808777	\N	\N	Ms. Chasity Stehr	cydney@gvv.biz	$2a$10$61U01vWm0NlwM1ebIVLLSOhMPxx4QxX0Z5oaG4GfU11cIUDIXoMu.	DA	95292255487	2676720627	0
449	2022-10-30 19:22:12.939921	2022-10-30 19:22:12.939921	\N	\N	Eloise Kub	gretchen@rxg.org	$2a$10$fLXxV4nrU2IEDO0iDyM2TuyA2gi3au7ruhxu50QQtTVVl1whUMiE2	DA	64081637736	2608122482	0
450	2022-10-30 19:22:13.051861	2022-10-30 19:22:13.051861	\N	\N	Gus Macejkovic	arno@inu.com	$2a$10$hadQyWBTWxvAnfoRtPtpJOdWNZAWq2tPeH5wabfUux0vV1Zj9LkVm	VA	61173671305	5408934475	0
451	2022-10-30 19:22:13.164672	2022-10-30 19:22:13.164672	\N	\N	Rebecca Zieme	rylee@vzb.com	$2a$10$rZGny0Mem6gVLpUiBNiHherZjncwrAbG393t2Sd709853oW1njKeu	V	65114441583	8807435845	0
452	2022-10-30 19:22:13.290704	2022-10-30 19:22:13.290704	\N	\N	Clarissa Schneider	schamberger.antwan@gmail.com	$2a$10$q0QgQY9WZl4iFDYX8wJL9OjqoWkCarPhb6zvTx1jYsteuCOBmo8Q6	B	13438915364	3911274715	0
453	2022-10-30 19:22:13.41211	2022-10-30 19:22:13.41211	\N	\N	Ms. Velma Willms Sr.	conn.alyce@yahoo.com	$2a$10$sPHgeAIRyfxKbfp11yWggeeQMq3P4ajkz0Oy31rvsbkYNwwV4zpYy	V	28799027327	6805026340	0
454	2022-10-30 19:22:13.518018	2022-10-30 19:22:13.518018	\N	\N	Jennings Gleichner	brandyn.harber@hotmail.com	$2a$10$Qvxkfk3OBK6hfTOj47ZqbO0UwFguAoUq3e0HpdcGBaXq7NAmXolbe	BA	16934050745	4543356072	0
455	2022-10-30 19:22:13.632601	2022-10-30 19:22:13.632601	\N	\N	Kaylee Williamson V	cristobal.hegmann@hotmail.com	$2a$10$keDVkasMSVlxPJBmVjhBVO.Q6Pev36ripkz/VXj68JbFxOP6GcaLO	BA	62077866688	6996326352	0
456	2022-10-30 19:22:13.769814	2022-10-30 19:22:13.769814	\N	\N	Sandrine Wilkinson	bobby.lakin@joi.com	$2a$10$6a9nX8UDEMbTK06hrzUqbuyYQpDiqo4tfRWlK52LOM4wPqViUuM72	BA	91748854817	4902267304	0
457	2022-10-30 19:22:13.909821	2022-10-30 19:22:13.909821	\N	\N	Marlene Pfeffer	lehner@elb.biz	$2a$10$gMO/PMkVaHI9s82CiUDXUuT6VC5Ag/P4V/5rXHERYO.yaoY6ubBqK	D	53086710734	3243784630	0
458	2022-10-30 19:22:14.050774	2022-10-30 19:22:14.050774	\N	\N	Andres Ferry	beulah@gmail.com	$2a$10$nfme/NSlnFblaXtqxzW.2OdWn2qvvdpRTiiOsWXgSqL8MsQb6S8w6	B	49897943821	3748159405	0
459	2022-10-30 19:22:14.169012	2022-10-30 19:22:14.169012	\N	\N	Jamison Quigley	mozell.schoen@yahoo.com	$2a$10$2bKgMYoWI8zXpxuOFfOhDuEZ6NAAglnHojT5LaZE2O0yHkbiEp1Nu	DA	73887427976	9249732639	0
460	2022-10-30 19:22:14.285865	2022-10-30 19:22:14.285865	\N	\N	Jermain Reilly	koch.florian@abc.com	$2a$10$IPJnJJJD.skS9Qs9IFtbp.SD/4e35f5KiZ4uUrh5OdnNzxJh9F7vq	VA	52012298507	5175325266	0
461	2022-10-30 19:22:14.394757	2022-10-30 19:22:14.394757	\N	\N	Ms. Estrella Koss	malika.kassulke@yahoo.com	$2a$10$IaRKGJJ3WwysOtWEfG7QPOYiEUnBuK4Fw7Tm/d/hqQnf/cNlc8J7C	DA	38366004841	3388828812	0
462	2022-10-30 19:22:14.505042	2022-10-30 19:22:14.505042	\N	\N	Lowell Fahey	lebsack.josefa@gmp.biz	$2a$10$WTisNBrCs3MnMjGStsKggODCeNg12yKWNyISJfTeNX1IhXJ2yGuDm	SA	19624678145	1669006768	0
463	2022-10-30 19:22:14.629391	2022-10-30 19:22:14.629391	\N	\N	Ebony Leffler	daugherty.van@yahoo.com	$2a$10$kpbgHRe6hLeZRTsbuItYpe5/wFe8vrBw6eiKi/yNU7IEBR9CnoNFW	DA	48659436926	8117875094	0
464	2022-10-30 19:22:14.743563	2022-10-30 19:22:14.743563	\N	\N	Mr. Jairo Thiel	shanahan.eryn@yahoo.com	$2a$10$jsjNafgSOJ8.PXR7kaBth.vEt.vkF9NjXGCY53S8DrgHvf9VTO3nW	D	65278863322	8206000983	0
465	2022-10-30 19:22:14.863376	2022-10-30 19:22:14.863376	\N	\N	Piper Leannon	tyrel@hotmail.com	$2a$10$nBBiewaOfU5kOXkah1RchOxEA5AgKfusCFFNlc0g/dxUHTU1kQcnC	B	45621616432	4070348068	0
466	2022-10-30 19:22:14.980513	2022-10-30 19:22:14.980513	\N	\N	Ms. Eugenia Moen MD	reichel.cleo@bnj.org	$2a$10$oE9JxcBW9/KvowC5wAtQ4uOnNlFUpSCIxVKgC4sqPN5fWFzWaU7CO	B	15306784838	8796244034	0
467	2022-10-30 19:22:15.082876	2022-10-30 19:22:15.082876	\N	\N	Nicola Wilkinson V	bridget.mertz@gmail.com	$2a$10$iVnHmxpblRcDBxvjilufh.yyyW9yKHHocxzaisWkcFGRa9igtWHyy	VA	53167057381	1029912503	0
468	2022-10-30 19:22:15.189878	2022-10-30 19:22:15.189878	\N	\N	Dewayne Grimes	stephanie@hotmail.com	$2a$10$eqXSAU89ET7YKWK7bK5EleOk6Xbazh3zH5bhInsYEHpfhfVsVZ.KG	V	58240925008	5402676457	0
469	2022-10-30 19:22:15.300685	2022-10-30 19:22:15.300685	\N	\N	Peter Schultz Sr.	macejkovic@yahoo.com	$2a$10$c0GXEC9ia/T7J2qOs8lQLuGLT7aAf8r8DGldE3ubTAUvcvRPFyaGu	SA	57998973935	9706513388	0
470	2022-10-30 19:22:15.41486	2022-10-30 19:22:15.41486	\N	\N	Raegan Hilpert V	lon.abernathy@hotmail.com	$2a$10$fFTS/EoIzr8OVFp8JQXKN.oiV6alG/N9roPugsfo0b1ki8vMk1XRG	VA	78308436815	3852228141	0
471	2022-10-30 19:22:15.533206	2022-10-30 19:22:15.533206	\N	\N	Rhea Bernhard	assunta@yahoo.com	$2a$10$tDoFlJsQl94pGADQiwvMveeQxBhAl62oXwqy/CCe/6BVUz1NIoPuK	BA	81724036506	3732524355	0
472	2022-10-30 19:22:15.641894	2022-10-30 19:22:15.641894	\N	\N	Margarete Berge	lowe@oas.com	$2a$10$jTMAtLSwBzZyIB33eSq3JOM6OkXd6tSMOrOKEf23OGuT/UQxL0JZu	V	82387258160	9499401478	0
473	2022-10-30 19:22:15.749626	2022-10-30 19:22:15.749626	\N	\N	Nicolette Gorczany	vandervort.louie@yahoo.com	$2a$10$jRcn/hfYdXwYpiOrRli9f.bEIJ0bf8I55BBWW1Ovlt7qpF1Jmgewi	DA	71877323763	9686294316	0
474	2022-10-30 19:22:15.868188	2022-10-30 19:22:15.868188	\N	\N	Hubert Osinski	aisha@yuq.com	$2a$10$diSDJVHQvTCmBy56h8MTquRKGUx73aJDAxzE15.OJgEnfSsckNyqe	SA	80848742750	1853222402	0
475	2022-10-30 19:22:16.017571	2022-10-30 19:22:16.017571	\N	\N	Maureen Fritsch	reichel@srp.org	$2a$10$D5WRgygMRaR7lLghWzg1ce6K1NdUei.nlWuvu5LVP6A7wOkybesyu	DA	41734403242	3022000411	0
476	2022-10-30 19:22:16.121882	2022-10-30 19:22:16.121882	\N	\N	Demetrius Shields II	frami.isadore@hotmail.com	$2a$10$uN.LvMvNPJUH83wgUeH7ou80XDIXDFZWOJEKXIMt3bPpblPJ5/5Li	VA	43933242259	6413816967	0
477	2022-10-30 19:22:16.232036	2022-10-30 19:22:16.232036	\N	\N	Nyasia Volkman	stanford@xrc.com	$2a$10$OQyWqRnvasTHDXVbEkhiguYHsYI/Mj0DSGfmPROt8.LoYxi1rsNfi	VA	88915906974	4106884687	0
478	2022-10-30 19:22:16.347027	2022-10-30 19:22:16.347027	\N	\N	Eino Heaney PhD	klein.kirk@yahoo.com	$2a$10$QZTYvNYq4ODozB0vh1oTwOM5PsHOT5I.nFbC1rkbli1uJHGHY5NJ6	BA	30228051023	8347770484	0
479	2022-10-30 19:22:16.464677	2022-10-30 19:22:16.464677	\N	\N	Wade Schiller	roderick.fay@pzk.biz	$2a$10$soMxPxI9hJ8epWDYCOOATuEeNmJbue0oyvcxWZqsH4T8Ky5L7K36W	BA	89705512067	6584414698	0
480	2022-10-30 19:22:16.642101	2022-10-30 19:22:16.642101	\N	\N	Ms. Krystina Goldner	lakin.maiya@hotmail.com	$2a$10$e7RL36jCjqs6hw2sNHqGL.Q2.QGdyzQ4oLfWgFyBPRP0e5n4mx4fG	B	97763453751	9694126139	0
481	2022-10-30 19:22:16.7709	2022-10-30 19:22:16.7709	\N	\N	Ms. Princess Lynch	ulices.smith@acn.info	$2a$10$VZ5LG.xZRDwNslLv5nY6kuzD4Yv7d/WUhh2DDwJKH3abAQ6sWXrFm	DA	53033864542	6361112490	0
482	2022-10-30 19:22:16.887909	2022-10-30 19:22:16.887909	\N	\N	Juston Nader	nico.feil@hotmail.com	$2a$10$S1tPwjB5e9jlozE95bIO/umvhzaZwUYZSAUCeBhGFSduOZxI2.9Ny	D	66747088797	1279760488	0
483	2022-10-30 19:22:16.992926	2022-10-30 19:22:16.992926	\N	\N	Ms. Meda Hoeger	neal.fahey@yahoo.com	$2a$10$Li79H9muQRevenUxTbAiAuhfMzVtG7C0Y6IWo33A/QPuqWNsd71mK	VA	60352383159	4771342887	0
484	2022-10-30 19:22:17.145684	2022-10-30 19:22:17.145684	\N	\N	Lizzie Nitzsche	ismael.stark@vsp.biz	$2a$10$epzdNW/mRHx0dy4eG/pd2upNaZyILDj7f9pxXLwpAQwKrz2gGbDZq	VA	96936382507	5633284546	0
485	2022-10-30 19:22:17.263409	2022-10-30 19:22:17.263409	\N	\N	Kimberly Cruickshank	jackeline@emf.com	$2a$10$E8TiWrPi1M91kU6VBcpd.eFj6SDUYSToHPi/kj3Ro0eUCQ47DZdUu	D	69038761908	2222802754	0
486	2022-10-30 19:22:17.400294	2022-10-30 19:22:17.400294	\N	\N	Ms. Marisol Spinka	myles@gmail.com	$2a$10$CJsD39XPaduZ5.G7ap.bGufASlTQFq2JuPYEfrVuoRYTgGJrqfgj.	DA	41256902984	5303966342	0
487	2022-10-30 19:22:17.545442	2022-10-30 19:22:17.545442	\N	\N	Maeve Hodkiewicz	katelin.lemke@xga.com	$2a$10$aL33jyevLkGn1qJPzwN82.ZTvpcCpPzOovo6M3/xwj3YLOiqhuNNO	SA	14788764678	4617519529	0
488	2022-10-30 19:22:17.656301	2022-10-30 19:22:17.656301	\N	\N	Adolph Deckow MD	roob@hotmail.com	$2a$10$1LTz9rs0pI.jw9rUCj81ueAQDwH4SHIFWPajcFR46HOn/h/cD5whu	VA	66750601378	2060784133	0
489	2022-10-30 19:22:17.78612	2022-10-30 19:22:17.78612	\N	\N	Newell Green	fletcher.bahringer@yahoo.com	$2a$10$ZHFCskBSAaqLI0yYIPhr8.qwgclQWluuw/mAbwv8o6JwOzYlnlvna	DA	68242482360	4272369988	0
490	2022-10-30 19:22:17.900301	2022-10-30 19:22:17.900301	\N	\N	Ms. Libbie Von	maggio@kef.com	$2a$10$XTeU.bHPXdv8CrEE9I5FWO8BDA/Ro3L7t73Boek5YTJ7NYHj1M27K	VA	42835622021	3652250324	0
491	2022-10-30 19:22:18.019225	2022-10-30 19:22:18.019225	\N	\N	Julia Pouros	elijah@fyl.com	$2a$10$fbx1ANfW3HLJUTZqllm/ZeluIuE6/5Vvv1AgRvH/iHoBYQvdgGbVO	D	18505292303	9259180235	0
492	2022-10-30 19:22:18.133195	2022-10-30 19:22:18.133195	\N	\N	Mr. Camren Beier	daugherty.clare@oas.com	$2a$10$J6PjrWocWzzdkooN7rpiKe8tfPP52AkdIstQJDgYatQCLNpDwwWka	BA	14221942343	8868013335	0
493	2022-10-30 19:22:18.246704	2022-10-30 19:22:18.246704	\N	\N	Mr. Omer Roob DDS	mariela.hand@gmail.com	$2a$10$7xAnOvJ69dP7bwUraOanjeNh34..z3dM2Y7ka3Kdv7N7N5Zesl3Jm	D	31736275188	3972857912	0
494	2022-10-30 19:22:18.356291	2022-10-30 19:22:18.356291	\N	\N	Jared Vandervort	jaskolski@hotmail.com	$2a$10$UVfCGc6UHqJtntx62/Lku.GS8tGn0Z0E5wqO7AfPV21ejCaXoE1ya	DA	29458326637	2484958961	0
495	2022-10-30 19:22:18.473807	2022-10-30 19:22:18.473807	\N	\N	Mireya Haley	fisher.matilda@gpt.com	$2a$10$usdwz3ZjoGK3xlTOyk4lROv3NScbM6MJ4SPaJ1JqX3WCv/1Wi6.Gm	DA	14881204900	1488562942	0
496	2022-10-30 19:22:18.62705	2022-10-30 19:22:18.62705	\N	\N	Braulio Hagenes	little.raoul@hotmail.com	$2a$10$I3qyA5Vvf6phKjt8wYZcX.SRpJ4OBqGmAfV61R1TALG04XBhl1kSi	SA	58031390303	4034568298	0
497	2022-10-30 19:22:18.748568	2022-10-30 19:22:18.748568	\N	\N	Kiara Flatley	volkman@yahoo.com	$2a$10$tGCHidwZTnH.CR5s0zbiM.b1Tho4CLSynFqysGYu8HpSNrrc/pkuO	BA	23627854366	8463945636	0
498	2022-10-30 19:22:18.85833	2022-10-30 19:22:18.85833	\N	\N	Isobel Paucek	price.camryn@uiz.biz	$2a$10$cWRvshDEzO4w9gg1TwUGhOpIzUVT3/oNGKnkALnnX3OmFzKnoTYf.	V	25934371125	9709023476	0
499	2022-10-30 19:22:18.969123	2022-10-30 19:22:18.969123	\N	\N	Eugenia Barrows	micaela.steuber@zdx.com	$2a$10$6MxyW57fxWFk10vrRwq36OoJ5Qy/1q6DWnNzQPwsPk2yIlfEqRENS	DA	52405098091	5675667742	0
500	2022-10-30 19:22:19.083985	2022-10-30 19:22:19.083985	\N	\N	Daisha Schumm	pierre.murazik@uio.com	$2a$10$RbInZEcMeOgs1q5H.r2r7eiZjIS/RDOxEIkdc.XD.gmyIamcNsT7m	DA	57705209159	3154532791	0
501	2022-10-30 19:22:19.199172	2022-10-30 19:22:19.199172	\N	\N	Sheldon Hamill PhD	kshlerin@vfn.org	$2a$10$7y8W5SQZudFStZ4cefwrrOh9f4g7Bup0fC/eaGbMDrtJp.fsjbQju	B	32634110914	1768820564	0
502	2022-10-30 19:22:19.358902	2022-10-30 19:22:19.358902	\N	\N	Mr. Devan Mohr	rippin@juy.org	$2a$10$kl07q7X7QSnVxJ89tm.NLuRlhZJ0O3v.Wr.4UeNqKih2Kn6JsgZnC	VA	77980271112	6895179502	0
503	2022-10-30 19:22:19.505298	2022-10-30 19:22:19.505298	\N	\N	Mr. Theron Cummings	huel.holly@yahoo.com	$2a$10$HH27N0T7CkDVGNhPS9f3zuIsM9uz1sIy05h6dsDCOAeyzIP9q7qNe	B	38633510158	3500045010	0
504	2022-10-30 19:22:19.61979	2022-10-30 19:22:19.61979	\N	\N	Lexus Dicki	hoppe.weldon@cpx.com	$2a$10$yx9tb0/LFiiINLq0ny90Ve9n5sMd0ueOAmzm2v5srdZ97W23Qkatq	VA	36462523032	9695162225	0
505	2022-10-30 19:22:19.743158	2022-10-30 19:22:19.743158	\N	\N	Mr. Felipe Beahan	callie.morissette@tiq.com	$2a$10$r9XGeOGq1tHd68UjeRIhxuFgEuHsFcSdC7EY/OMlsfMwDwbd8rVLq	V	11980505561	5668524615	0
506	2022-10-30 19:22:19.85414	2022-10-30 19:22:19.85414	\N	\N	Bonnie Block	murphy@yahoo.com	$2a$10$LXhwOQxjyHBWFBGC3wZavuPRnatAuyekXMoTSVADqtjKEGRzrP4gS	DA	54172959423	8731571918	0
507	2022-10-30 19:22:19.967764	2022-10-30 19:22:19.967764	\N	\N	Ms. Karli Little	carter.mateo@hcv.com	$2a$10$Sj2f7iXO2BqWOwgoK/cMt.5Lvpp.ufyfCxUrarzKwRxjzEgB/V6yO	D	51541652345	8708115910	0
508	2022-10-30 19:22:20.077543	2022-10-30 19:22:20.077543	\N	\N	Alfreda O"Kon	marks.kobe@kok.biz	$2a$10$oe5ny.dLxF2kS5xW41BN2uBi24NrBfAPY612bTnekKBx5Y6vUwgly	D	64798004966	1587787977	0
509	2022-10-30 19:22:20.188578	2022-10-30 19:22:20.188578	\N	\N	Orrin Hyatt	haley@gmail.com	$2a$10$8ANQfrlJGkD8F4RMv.r9N.MuWaJViHLq1jG1hPMEqZCto5PnTJ1jy	VA	91464359152	3918740970	0
510	2022-10-30 19:22:20.329477	2022-10-30 19:22:20.329477	\N	\N	Mr. Melvin Howell DDS	hansen@wbm.info	$2a$10$/vep4INz0NHeIbXcDyt0quZWPeoBqFSqtU2FRZlb44W4xRAUQOyuS	D	54394619685	3469110931	0
511	2022-10-30 19:22:20.481922	2022-10-30 19:22:20.481922	\N	\N	Ms. Providenci Walsh	edgar@bdc.info	$2a$10$GtT35PC3XxK9x/vbW.uF3eev2bVY81QcZbZkrVnsp2NOWJvhGcEb6	B	34091606576	7999892708	0
512	2022-10-30 19:22:20.601716	2022-10-30 19:22:20.601716	\N	\N	Janick Gislason	zaria.collier@yahoo.com	$2a$10$8/PBvb4GAxemO39g89rm2.M4GuDGzidGpxIWZxlDP.61Xv5sm7aFu	D	82254260218	4341732460	0
513	2022-10-30 19:22:20.735758	2022-10-30 19:22:20.735758	\N	\N	Mr. Roberto Volkman	elinor.goyette@tth.com	$2a$10$3QNg/0QRfyF.UcU0gognceXQ7clbMqwmU3Eljmrfaakr5o.R9J2dS	DA	85888583071	2119440298	0
514	2022-10-30 19:22:20.844623	2022-10-30 19:22:20.844623	\N	\N	Lewis Koss	reta@uzc.com	$2a$10$lOHKSutC.gmWljtWxC1bf.eZ/1B3KufgvAa21XyFyX1ZjwlcLLb9e	SA	18459558038	8440898362	0
515	2022-10-30 19:22:20.960852	2022-10-30 19:22:20.960852	\N	\N	Mr. Gaetano Jerde	moen@lrk.com	$2a$10$Z3GBAhmBkDSLYp0QSCQ51eHd5of5f02vbVOF4NdpnHQ1ilYHeDPBS	B	76330962079	5587496178	0
516	2022-10-30 19:22:21.069978	2022-10-30 19:22:21.069978	\N	\N	Sean Cronin	fadel.fredrick@hotmail.com	$2a$10$hQFMuA1GBZPynBWv/oJjFOERAQy3sMj1GfY3m7jCLGpww0NIgbiHC	SA	14126003771	8481218871	0
517	2022-10-30 19:22:21.179953	2022-10-30 19:22:21.179953	\N	\N	Mary Lesch	ruecker@ftl.net	$2a$10$ORibLo68TOOd1lP2YXwHfuTqnokfqw3L.cUsMiY6yBpSn5oIsJzhC	D	86982689146	4960490295	0
518	2022-10-30 19:22:21.289915	2022-10-30 19:22:21.289915	\N	\N	Coty Carroll	candelario@rlv.net	$2a$10$kwL3MY4qN2.EaSziefuuP.HjxdLDT1J1PU1c3d8vUzORWD/45KsIO	V	63828275625	7184659121	0
519	2022-10-30 19:22:21.416679	2022-10-30 19:22:21.416679	\N	\N	Mr. Hillard Tillman	grayson.sporer@vdw.com	$2a$10$eqyw6/hoLE627z7rRxXJaOYzEMio1eE5riuJoO7KPsr8VD2slp9HW	SA	43640695819	7610389484	0
520	2022-10-30 19:22:21.535421	2022-10-30 19:22:21.535421	\N	\N	Timmy Rogahn I	lucy.gaylord@yahoo.com	$2a$10$EWsGLnL/VWViWid1JDf8juyI.3lzyx.odDHdNhkhPi6QTZSi3iBMW	SA	80231410524	3158025240	0
521	2022-10-30 19:22:21.688063	2022-10-30 19:22:21.688063	\N	\N	Mr. Lavon Hahn V	tess.schinner@cqe.com	$2a$10$zM7nX4tbNn1ffoH9hQGTe.QCii1SztTimdYfnggJBmq.BwfUa7a12	V	55926691112	6616906940	0
522	2022-10-30 19:22:21.810548	2022-10-30 19:22:21.810548	\N	\N	Mathias Rippin	medhurst.alfreda@vvk.net	$2a$10$P4CJnysXPBDufLFST1t6sOb6OOL8UqW1UwUGATYsq8DM7dxJtGyny	DA	78668601095	2260814443	0
523	2022-10-30 19:22:21.937704	2022-10-30 19:22:21.937704	\N	\N	Ms. Yvonne Kuvalis	cruickshank.isac@hotmail.com	$2a$10$byKSYpRQIhoR44AdxPX14eeLuI593LB31o8xY7.tEPScP3FFHct7G	BA	47866223378	8782839930	0
524	2022-10-30 19:22:22.048038	2022-10-30 19:22:22.048038	\N	\N	Karen Bosco	alf@hotmail.com	$2a$10$gTp5RCMIvvm5SkEXI1mNmuOUpVJz0xcOHtg2..G/1IlyB01cxHGSy	V	73356054139	2394303059	0
525	2022-10-30 19:22:22.157148	2022-10-30 19:22:22.157148	\N	\N	Noah O"Reilly	larson@hotmail.com	$2a$10$IY8TnmCIDG1qoMSwPiMRXeHPDx4q0hU2A5AQOCbeuopfwCefun8Ia	D	26153657526	2204793242	0
526	2022-10-30 19:22:22.285475	2022-10-30 19:22:22.285475	\N	\N	Ms. Lorena Konopelski V	kevon@tyv.com	$2a$10$q1MkIQxbidMRGcBe0ZwEr.mwLjU2Gkq0EUKhSVk8KTYX7rquyACyq	VA	22171267331	1510193652	0
527	2022-10-30 19:22:22.407115	2022-10-30 19:22:22.407115	\N	\N	Hunter Hermiston	nico.padberg@sqb.com	$2a$10$IyNNHlSjfgDo5aUKh.eXAuSDMZ63ePzGPyAVjioFlzCVXnIZa7UpO	V	35729381113	2367744895	0
528	2022-10-30 19:22:22.501149	2022-10-30 19:22:22.501149	\N	\N	Christa Nienow	hilma.daugherty@hotmail.com	$2a$10$6XZTtFR0F1uZK9XBONu9PusFQaTF5pIT7B7.uVJO/83Jm/1qRkNpW	SA	62020533521	6332512525	0
529	2022-10-30 19:22:22.608586	2022-10-30 19:22:22.608586	\N	\N	Mr. Hans Schultz DVM	jeremy@hotmail.com	$2a$10$fS/JAocaNFd7ZjP8xTQIX.0dpKYxo6n/E8g.V5FAPmwUGFakhcDqe	DA	14337870771	2249940048	0
530	2022-10-30 19:22:22.735586	2022-10-30 19:22:22.735586	\N	\N	Santino Daniel	harvey.savion@gmail.com	$2a$10$bRMIDsNJMLQuSn24FywIh.8zKWjDM/K0.rm1bXLSWHujaWs0K3.8q	VA	47205971562	2550701702	0
531	2022-10-30 19:22:22.848318	2022-10-30 19:22:22.848318	\N	\N	Kailey Bartoletti MD	senger@xvx.biz	$2a$10$8dOD0elT5pMBUvyJtk8lJOFHbi.T2x92LtV1rujiXxkYM.K0JjzjC	V	49990879730	5456969303	0
532	2022-10-30 19:22:22.958342	2022-10-30 19:22:22.958342	\N	\N	Ms. Annamarie Powlowski II	casper@ekt.com	$2a$10$d.LOC7pQxezph7yOCzlL4uCjP40UcMpemRd4yXxRaxaF.SRf63QBa	VA	70606927401	1849151676	0
533	2022-10-30 19:22:23.081674	2022-10-30 19:22:23.081674	\N	\N	Rosendo Jones	claud.rowe@hotmail.com	$2a$10$QsqDXwM1Vb.k/hHBNqSxNevz0dPUXn0tlLdlEFgwEGDIYignybf/C	B	84626496651	6664490438	0
534	2022-10-30 19:22:23.244638	2022-10-30 19:22:23.244638	\N	\N	Ibrahim Waelchi	rudolph.wiza@yahoo.com	$2a$10$19Ljh2JZOwSgE9yYWrCbw.SpUd89tIrZZ1hm/Cwv7FkzJtaWJxQri	B	52080360304	6485106168	0
535	2022-10-30 19:22:23.367237	2022-10-30 19:22:23.367237	\N	\N	Arvid Jacobs	kathryne@xjn.com	$2a$10$1HwphM/TWQDlz6u/8gdGKudjQ/tEgL8KbrADzRDKX.WdeP64CKQwS	SA	21610718397	1756468382	0
536	2022-10-30 19:22:23.516961	2022-10-30 19:22:23.516961	\N	\N	Ms. Novella Jaskolski Sr.	elvera@dev.info	$2a$10$QnxuTidBoOO9qir0W4gTae7XA6gUpZdNV4qtXmD1KaTiHtCj0g5Cy	SA	17701367241	1835895922	0
537	2022-10-30 19:22:23.627492	2022-10-30 19:22:23.627492	\N	\N	Ms. Annie Kris II	vilma.feil@yahoo.com	$2a$10$IpsLQtMlX4cRUoCEBafgZeZxeCFWQbzJkqszDoQYG6/1PHtrmFBn2	DA	19186786211	8435913134	0
538	2022-10-30 19:22:23.757359	2022-10-30 19:22:23.757359	\N	\N	Davion O"Hara IV	considine@hotmail.com	$2a$10$SesCg/NdGdcdXgdSUFv1ZO54WxKLsfbHmAA/jVTJL1J9IcihAM2Ri	VA	17223598781	2922783527	0
539	2022-10-30 19:22:23.883089	2022-10-30 19:22:23.883089	\N	\N	Emanuel Thompson	buckridge.norma@fgu.com	$2a$10$YBbP9lCtw2hAV2RPtdP29OzrJQll88W2BsxpEt0GCPXOYtEBAOkTa	VA	93347698091	7456576016	0
540	2022-10-30 19:22:24.006182	2022-10-30 19:22:24.006182	\N	\N	Ashlynn O"Conner MD	sidney.oberbrunner@wcc.biz	$2a$10$3P/rh2D3/bESEx.wM/ZLeuBE6mrGH9sqCSBfeD53T.5oEaJddN1/G	DA	78844847999	4690360268	0
541	2022-10-30 19:22:24.127509	2022-10-30 19:22:24.127509	\N	\N	Ms. Nettie Bayer	anika@hotmail.com	$2a$10$vMtcDeN1dUa1ECvJgh9jfO1AIPiRoXTbPczeLcKvUavst6QK2gDsa	D	81113207760	7625548350	0
542	2022-10-30 19:22:24.264225	2022-10-30 19:22:24.264225	\N	\N	Kendra Mitchell	corkery@jad.biz	$2a$10$Ta.0p3uXho6PFUv7SnIrRe73K/lyB6yl0j1Dv7KSmh/cK71mexuVK	B	85848834733	8395804445	0
543	2022-10-30 19:22:24.375203	2022-10-30 19:22:24.375203	\N	\N	Ms. Martine Kemmer II	daniel.frank@gmail.com	$2a$10$J1HFWjTEnfCg.IZxLbe7kutPTpAgkQ2dpPYD.mKPTfFlRVwCnYnqa	DA	49798497072	8633339038	0
544	2022-10-30 19:22:24.510681	2022-10-30 19:22:24.510681	\N	\N	Weston Shields	o_kon.elaina@xcu.info	$2a$10$Pw8e.GMkQEiAo4TioXpHluCUPrGysfwLEV2VfCqxBnEHnTiRqC2O.	B	56840918196	2409942699	0
545	2022-10-30 19:22:24.631178	2022-10-30 19:22:24.631178	\N	\N	Charlie Batz	jackie.rowe@uis.com	$2a$10$gLdHYAGKkiJJ3qM/p99UUeqnUo1bL7c2Ua8U3Ko2TFbQz3c934bMu	BA	36962172335	1825026410	0
546	2022-10-30 19:22:24.74266	2022-10-30 19:22:24.74266	\N	\N	Mr. Loyal Beahan Jr.	lenna@kii.com	$2a$10$SF6oXzweFMzXV6NKXaE8OOv5b9XWRy9D.T0v3JAlQyTITMEEqVY0u	SA	94140484670	3144584178	0
547	2022-10-30 19:22:24.849711	2022-10-30 19:22:24.849711	\N	\N	Albin Turcotte	hagenes@hotmail.com	$2a$10$ueriBzXEdH/BCSGIuLx7j.65SvO4gGd4rxJrqrj4P8JvrRYCMp0Jq	DA	39854690980	8870713545	0
548	2022-10-30 19:22:24.967198	2022-10-30 19:22:24.967198	\N	\N	Jerry Wilkinson	lauryn.braun@yahoo.com	$2a$10$4PZkaezUnd0MnNIIhzqYn.YHZXqQ01lmMW6bY34.mtF7bCKBjImce	V	68691077364	6021433970	0
549	2022-10-30 19:22:25.072943	2022-10-30 19:22:25.072943	\N	\N	Hans Harris	kreiger.hipolito@gmail.com	$2a$10$pViWGg0aURW.Xp/naFww1eUVfgiKy.97alzFYNeB2ZR/lYrRkPxAa	DA	96025122066	2235840351	0
550	2022-10-30 19:22:25.184858	2022-10-30 19:22:25.184858	\N	\N	Ms. Aurore Torphy	effie.morissette@jep.com	$2a$10$DgKKfBjjLZFWzSilZa/i.OyVxefQJWxRAX3hGl1JRU45wnuzUALEu	DA	15173916057	4934845720	0
551	2022-10-30 19:22:25.306864	2022-10-30 19:22:25.306864	\N	\N	Ms. Jena Johnston III	lavinia.pfeffer@clb.com	$2a$10$wDBF0etBIyqVQ4jUeznO9e1sW55vTwTypFN2JBVpiiAN/LN.01sUW	V	29520607432	2179795106	0
552	2022-10-30 19:22:25.414381	2022-10-30 19:22:25.414381	\N	\N	Katelyn Volkman	una.larkin@gmail.com	$2a$10$gNUG7jnPYMdPucLbmz3DcOz6GJeF1m7P/tJDeh2MineqYZNldr5H.	B	60460859908	7143633266	0
553	2022-10-30 19:22:25.518229	2022-10-30 19:22:25.518229	\N	\N	Timothy Cummings	hollis@yahoo.com	$2a$10$l4PvT4j3P6PSebPJEkzQ8OLmRBTJfOzuLUdwZpNix8suimby01Fse	BA	82790649002	2622628571	0
554	2022-10-30 19:22:25.621921	2022-10-30 19:22:25.621921	\N	\N	Ms. Pearline Vandervort	orin@beu.com	$2a$10$kEWOa7twPQOOmcZiZOYS6uxuk2cZh57WkEjgLUTxiiWrKKsjCc66a	VA	84534217800	9686649296	0
555	2022-10-30 19:22:25.716974	2022-10-30 19:22:25.716974	\N	\N	Ms. Abigail Botsford DVM	erick@yahoo.com	$2a$10$XIwzFhCNN4evk6clsSenN.msfICNWXIJtQvfUkJe4K/.WYWVTwWoO	D	83783252165	4534644917	0
556	2022-10-30 19:22:25.832138	2022-10-30 19:22:25.832138	\N	\N	Zackery Smith	runte.diego@gmail.com	$2a$10$QomuqZj0QrgPmUyh58Gdg.nboF0C6Acxyzd4v.L0P.6udtHNTNj/C	B	61972648738	8066992914	0
557	2022-10-30 19:22:25.949406	2022-10-30 19:22:25.949406	\N	\N	Mr. Jasen Flatley II	turner@yahoo.com	$2a$10$DWBonhSVSFQpzf14GW22MuGbJ03EYiQctStLh6M9XtRmkQZETgRJ.	BA	95704570829	5059096751	0
558	2022-10-30 19:22:26.060287	2022-10-30 19:22:26.060287	\N	\N	Emile Bergnaum	bode@hotmail.com	$2a$10$JiLpF5co7///7SjKRbwTteGxnEL1Q/NJNCAHXMh4ut8VUtgaOte.m	D	44944094689	1899939913	0
559	2022-10-30 19:22:26.219013	2022-10-30 19:22:26.219013	\N	\N	Ms. Sibyl Hills I	wyman.colleen@yahoo.com	$2a$10$Ave9gtphbyJEtczHfORzk.LnS4J18SbxqCl27mMS8TYKVuECCO3kq	DA	54357019378	7734718995	0
560	2022-10-30 19:22:26.360696	2022-10-30 19:22:26.360696	\N	\N	Manuela O"Keefe	kassandra.bruen@xuf.info	$2a$10$D0GYiGdPxMcv4NaqXY7pAOYFKRmBUoYO4a.DA0c9rOmZ4tZ4L4Fk6	D	41187250930	2955407654	0
561	2022-10-30 19:22:26.4867	2022-10-30 19:22:26.4867	\N	\N	Titus Hand	fisher@yahoo.com	$2a$10$3AHTME8DCQxRmJTDobKd3e4/V6Hd8hKvi.ziB3jMgiOzQyWt5R2wm	B	79279260556	7219781171	0
562	2022-10-30 19:22:26.621651	2022-10-30 19:22:26.621651	\N	\N	Eliseo Jerde	delaney@yahoo.com	$2a$10$ZGODtQCHLBI90r6ScGcXXeIN9gnaux9LAUpsKFYPiaUr8Ou1/LuqW	VA	70263603580	4484884072	0
563	2022-10-30 19:22:26.717757	2022-10-30 19:22:26.717757	\N	\N	Dayne Miller	von.anastacio@qsn.com	$2a$10$my0JypIFTk9pHm58rmOg9Ot/CcQGy2AOxCOJoKSuaeA2XZ7HZREQu	SA	85758662585	1843578242	0
564	2022-10-30 19:22:26.83685	2022-10-30 19:22:26.83685	\N	\N	Natalie Steuber	margarete.ryan@ang.com	$2a$10$Pq8KCK2tDteGggdDaZdAHuC47RLg/klPlkZ/MVAi/GLPKssS.zr4W	DA	74460288900	9071169946	0
565	2022-10-30 19:22:26.939468	2022-10-30 19:22:26.939468	\N	\N	Albin Cormier	braun.anais@yahoo.com	$2a$10$ErDzO1mM1ESHjpIqucbNL.xVRHmQQDvUI.mgjlQzxT8FebsEMvm.C	B	60615707627	8137258335	0
566	2022-10-30 19:22:27.046964	2022-10-30 19:22:27.046964	\N	\N	Christian Thiel Jr.	zemlak.jayne@yahoo.com	$2a$10$27hTRgrNRnHL9Pf.DoNASeLTlKCqph9.fUFMrBdSuyHgqbeI2B1Ae	VA	20626962767	8888396961	0
567	2022-10-30 19:22:27.166536	2022-10-30 19:22:27.166536	\N	\N	Lavon Wuckert	mckenzie@ajh.com	$2a$10$lqTPLPtQ.bJNntibLw/xseUey008Ls5mXJCnp1d2ptE9TvDJdsYyS	BA	93047212587	6817252900	0
568	2022-10-30 19:22:27.272355	2022-10-30 19:22:27.272355	\N	\N	Dedrick Considine	magali@yahoo.com	$2a$10$75.6F2BNwehyISkzQTyDXeCi5UMxU9LdUMZ6HUv1K5YknpTcnBl0i	DA	53234205976	8292453232	0
569	2022-10-30 19:22:27.388706	2022-10-30 19:22:27.388706	\N	\N	Mr. Ahmed Hoeger DDS	tate.boyer@yahoo.com	$2a$10$kpiMNECSUWJkzATGr5PUbe.mOWRbefsOOOTqQFi0bsKR73tZVFPr.	V	47935784691	7288895160	0
570	2022-10-30 19:22:27.500125	2022-10-30 19:22:27.500125	\N	\N	Jensen Rogahn	hettinger@ajn.org	$2a$10$OuBnfHOmDS4smGrsJ5JxFOx8MIYUlAPxMra4hDJvGNX/tRuhDfZja	B	16621450727	2264235396	0
571	2022-10-30 19:22:27.674266	2022-10-30 19:22:27.674266	\N	\N	Ms. Nicole Ledner Sr.	camron.goyette@hotmail.com	$2a$10$b2sl/V4s5s7bOE7IWa8ehOz7d1g3znzzhw11GdBs5ynlqnYrSF/K6	BA	22837585326	8660265375	0
572	2022-10-30 19:22:27.795044	2022-10-30 19:22:27.795044	\N	\N	Callie Goodwin	bianka@gmail.com	$2a$10$ObP84e6JZVBt711sSjpkkuzuqyGr9XaD0QoEEb.JIEYwFNsEmSOmC	V	38805140523	7028008574	0
573	2022-10-30 19:22:27.929006	2022-10-30 19:22:27.929006	\N	\N	Edison Gusikowski	johnson@yahoo.com	$2a$10$ajwGpxZkApW9u44uY83mOOehn.TvQGDXbHsb97m7nZ5Y.INicNiey	SA	57836142908	4758265690	0
574	2022-10-30 19:22:28.055625	2022-10-30 19:22:28.055625	\N	\N	Destinee Mertz	berge@hotmail.com	$2a$10$48EXwUkYNbRlRH2HRRiLf.AmY/xX0VQbSAuQtXrd3C2kNJPwduew.	B	96851726430	8124501191	0
575	2022-10-30 19:22:28.227949	2022-10-30 19:22:28.227949	\N	\N	Lazaro Padberg	rowe@gmail.com	$2a$10$kd4Ev5KPD0nvpY2wepgnaOx2B8f18B0npLAin/tDaT7B0PfWeZvRG	BA	34246269852	4236337376	0
576	2022-10-30 19:22:28.351409	2022-10-30 19:22:28.351409	\N	\N	Jadon Volkman II	bernhard.terrence@gmail.com	$2a$10$ofLISOGJrA5qZFEN1ZHP6uIIpHDywbXJZ4.MYZxiiJg7Xr9Itz6UG	V	36374406749	2157036107	0
577	2022-10-30 19:22:28.468643	2022-10-30 19:22:28.468643	\N	\N	Stacy Adams I	bernier.theresa@obk.com	$2a$10$ZxCjXZF6FdpGmdiHMGzcCup9I5vr2UXLybCo89JHmQu69X8xm7eB2	D	26337198069	9549601752	0
578	2022-10-30 19:22:28.580287	2022-10-30 19:22:28.580287	\N	\N	Jimmy Keeling	effertz@kbf.org	$2a$10$n7UHD9h52/o7pMZzRsj6Fu1By60ny.5V3lJKKnCNRGViKnmJXSNUW	V	99380382441	2728660107	0
579	2022-10-30 19:22:28.677461	2022-10-30 19:22:28.677461	\N	\N	Haley Rice	loyce.koch@voc.com	$2a$10$9Ee81COs1JIN0sKdiHrF9.fbJsIYVCMTxRbt0egkfn2LqHFSmJCWm	V	11957289363	3142505075	0
580	2022-10-30 19:22:28.790151	2022-10-30 19:22:28.790151	\N	\N	Brando Mann	schuster@yyw.com	$2a$10$7GXocvJr6EOStDgSdB/ItOXNoNA/zesHKMp0C3lAa77xwyX0BISGG	D	58817490337	3790225082	0
581	2022-10-30 19:22:28.909736	2022-10-30 19:22:28.909736	\N	\N	Marjory Lebsack	emmie@maw.com	$2a$10$yuFsLlma90OhR9wQexi1gOuXvJq2i03ezVcJSOwLCY9MuJMrIigca	DA	33983892631	1600075127	0
582	2022-10-30 19:22:29.023422	2022-10-30 19:22:29.023422	\N	\N	Dolores Murray	cordelia.watsica@gmail.com	$2a$10$lTtOVSyjdyDgzRUtFW7dzO.iOZp0z0uhau8UKkhRre1nFxIwi/2wq	BA	80431880177	4720652810	0
583	2022-10-30 19:22:29.139401	2022-10-30 19:22:29.139401	\N	\N	Ms. Kimberly Block PhD	darby.mclaughlin@uai.com	$2a$10$dyZGEi.H1ztBUurqxEouVOUq28TkhyP9y1OCwf79lCwkEPqG4Z05a	DA	16652780679	5629641487	0
584	2022-10-30 19:22:29.254353	2022-10-30 19:22:29.254353	\N	\N	Tyler Dare	zoey.wilkinson@yahoo.com	$2a$10$/2urvsqV9S8pBHsYLqwPJ.wuTp7M9gXFR4tP6CIf8wwE.199aRYqO	SA	58422802970	6788985030	0
585	2022-10-30 19:22:29.370001	2022-10-30 19:22:29.370001	\N	\N	Rudolph Schuster	homenick@gmail.com	$2a$10$zOy.iDD0HfAMDdol.uxM1.0SZlWk70JXSdHlgNwTCTNlo4mbj1gqC	D	15278624186	4589274893	0
586	2022-10-30 19:22:29.519421	2022-10-30 19:22:29.519421	\N	\N	Elliott West	parisian@ctc.biz	$2a$10$jH9YBRqz2KqzVCGpBKn38e8xnBTpTUxCFqCPwRBYb1ngxEDfcT.vq	BA	11640211777	8400222506	0
587	2022-10-30 19:22:29.64744	2022-10-30 19:22:29.64744	\N	\N	Mariano Baumbach	sylvan.gibson@gmail.com	$2a$10$qkGvNy8qCbtm0QTIMw2x6.BBpjRmyqt9SzwFq.gnLsJmaQv5aVr3O	D	99588663521	1248565686	0
588	2022-10-30 19:22:29.772165	2022-10-30 19:22:29.772165	\N	\N	Mr. Eusebio West DDS	elody@gmail.com	$2a$10$KcO6O7PkH3ZdUJ2fiQN/NOgFFSthkE1ayToCKMBkew4p6NAaRVqyu	BA	48998287534	6285861863	0
589	2022-10-30 19:22:29.888846	2022-10-30 19:22:29.888846	\N	\N	Alejandra Oberbrunner	bartholome.pacocha@gmail.com	$2a$10$C5JyqHEL7LT7tks83/mZse0S50w7iML7eSEySGRN9eM0drqKsQDEi	BA	96444872297	8748036304	0
590	2022-10-30 19:22:30.009219	2022-10-30 19:22:30.009219	\N	\N	Golda McCullough	labadie@yahoo.com	$2a$10$P9CrHDPxqIsixnyc2nz71euZoBFRQ2UHujcfVgF4.LOppzgfhkYcW	D	45362807226	7484539827	0
591	2022-10-30 19:22:30.122065	2022-10-30 19:22:30.122065	\N	\N	Troy Boehm	paris.streich@moh.com	$2a$10$5Vap4HSkKDp.xMcm3fNewebPCPl/c4SrNcxZ5GpLbS6gEOkNTNFP.	DA	56376785519	9653715439	0
592	2022-10-30 19:22:30.231549	2022-10-30 19:22:30.231549	\N	\N	Brennon Gaylord	kennedy@cmc.net	$2a$10$X6oGkG4hpnygmJLcA0oiRO14.OKyvrNGjeOr0KKcNxMI8XKlH/soW	B	85375150331	8784228787	0
593	2022-10-30 19:22:30.387457	2022-10-30 19:22:30.387457	\N	\N	Eleonore Sporer	hermiston.adriana@blf.com	$2a$10$fwu3EANhgc3kR7Rhnbym0u5vLzljAkF4l0bWN1o27QqrdklN3j6Ia	D	87187268062	4293676328	0
594	2022-10-30 19:22:30.531604	2022-10-30 19:22:30.531604	\N	\N	Tessie Moen	williamson@nkc.com	$2a$10$/K8dIfmYrWIjUehDnhvUkuuxCGmQMxPcLBisYyZWnKWIRvvNFsUhS	BA	57267258295	5871848540	0
595	2022-10-30 19:22:30.660593	2022-10-30 19:22:30.660593	\N	\N	Marjolaine Medhurst	maryse@sjl.com	$2a$10$ifZvuDztVt02i06aLZGKqe7t2osN3oScDCGapIbWWqWcQWRLNIiPa	VA	64388774176	7223871613	0
596	2022-10-30 19:22:30.850018	2022-10-30 19:22:30.850018	\N	\N	Paul Bogan	rath.isabelle@wio.com	$2a$10$qOTjEzmfUFTceo79b88v0OcNw0RHajqLRmeShFhgFqe9RCfT0x5/e	B	58769577566	9918958545	0
597	2022-10-30 19:22:30.990995	2022-10-30 19:22:30.990995	\N	\N	Mr. Guillermo Langworth	goldner@cjx.biz	$2a$10$/AI/wyRyhXJZvjLhzgiQU.UcrrI0mGFauIoUgb/8C731vm8/fW/7i	B	34248918148	6095054100	0
598	2022-10-30 19:22:31.116813	2022-10-30 19:22:31.116813	\N	\N	David Fahey	taylor@ont.com	$2a$10$89Lumn/n9hz5ef/2XzYkceGAh2r7EJIpk0fFZKc7r.C7eR3czNNZa	B	17649525738	7717997283	0
599	2022-10-30 19:22:31.232601	2022-10-30 19:22:31.232601	\N	\N	Mr. Garry Bernier II	kathleen@gmail.com	$2a$10$iSaxzwNWj0CYfg3a944WpuNwgTZxGKQ4Az7BkFmz.ZNmjtr2Jdr62	DA	25558873140	8441960969	0
600	2022-10-30 19:22:31.37393	2022-10-30 19:22:31.37393	\N	\N	Isabella Maggio	lolita.koelpin@hotmail.com	$2a$10$mTfRQKHgDMrhB8ppxpPfR.VYMLqsIx17UsfJa/EiorzsRlA09hiFy	SA	84372398671	7250926736	0
601	2022-10-30 19:22:31.511444	2022-10-30 19:22:31.511444	\N	\N	Ms. Lonie Ryan Jr.	jess.barrows@yahoo.com	$2a$10$IB9qCCuQp7PXm1gBtHAXdO3d5tFP8uykWg0KjAYWv6tI35GSkJGOC	V	85896164363	9504578224	0
602	2022-10-30 19:22:31.654398	2022-10-30 19:22:31.654398	\N	\N	Mr. Morgan Fadel	kovacek.felicity@hotmail.com	$2a$10$ayB7iSGKiWj0Lg.qYgpLAuuRdXtPw.m55fLFxhyfRWJ2/SMP2HL/C	B	43666735028	8579766691	0
603	2022-10-30 19:22:31.770273	2022-10-30 19:22:31.770273	\N	\N	Mr. Ferne Rath	xzavier@gmail.com	$2a$10$IGPIEw8SRjI8ukMAKgB0euT6PMnCm9uAvl/6Uh90hY.GjhyodGube	D	25743188415	2717109656	0
604	2022-10-30 19:22:31.875014	2022-10-30 19:22:31.875014	\N	\N	Urban O"Conner V	mcglynn.jamey@rzm.info	$2a$10$vZ.VQDWgkf1QAQmEfXfu7.LS/phlTtzKRiDD3xZ547eMRjUNdFBXO	D	14520580731	9302640799	0
605	2022-10-30 19:22:31.983902	2022-10-30 19:22:31.983902	\N	\N	Mr. Alexis Lowe V	padberg@gmail.com	$2a$10$RKgbo8Z7LkYycFc1nW0VWuUqYkZF8xcev7jllePe1Ts2dIpOvIWdK	D	56956685366	8167098552	0
606	2022-10-30 19:22:32.13026	2022-10-30 19:22:32.13026	\N	\N	Mr. Pierce Sauer DDS	ernestina.will@moy.biz	$2a$10$Vklbq5k3LOcCB0ZXjdM0d.lvH8xCo/M.oP.Q8MPHU6SPkq4GjVCzS	DA	65159222868	1463904227	0
607	2022-10-30 19:22:32.236037	2022-10-30 19:22:32.236037	\N	\N	Mr. Earnest Lemke	benjamin.ruecker@hotmail.com	$2a$10$IiljyS9EwclnW6xJT23GV.7hCbRMPpJbQmtR.WgHyNpqPllFylpKe	D	20927427670	1039036716	0
608	2022-10-30 19:22:32.363336	2022-10-30 19:22:32.363336	\N	\N	Abe Harris	crona.carolyn@yahoo.com	$2a$10$edOlSoW/lntNe9rlnKDtEesSL9eKQARhtraYn.o3Ih056eU2wJiIK	VA	42074804517	8351890862	0
610	2022-10-30 19:22:32.558266	2022-10-30 19:22:32.558266	\N	\N	Yolanda Bogan	cesar@hotmail.com	$2a$10$a52NOBdDgI8r2uW7njgppuDojLTQxNYWNrlXapNqPszpgJ2AGbUQi	B	27878648751	4940298820	0
611	2022-10-30 19:22:32.681734	2022-10-30 19:22:32.681734	\N	\N	Mr. Tre Mraz	audie.armstrong@gmail.com	$2a$10$v9Urjc/3ItyvmluQDXGT/udjItJK9hEHepaviQbPxQX68RWXAHZte	SA	78036047018	5099694127	0
612	2022-10-30 19:22:32.799223	2022-10-30 19:22:32.799223	\N	\N	Reagan Reynolds	jeffry@yahoo.com	$2a$10$REBRbDXQV4kHDPpZL0vvHOcxT.I935plYxyMEE9M.GKF26I7jj2nK	VA	52271867231	9044763833	0
613	2022-10-30 19:22:32.909812	2022-10-30 19:22:32.909812	\N	\N	Christine Weimann	natasha.kunze@eor.info	$2a$10$b5In5ExGQLrrmMJKdLS04OClyuxrnHjvEt7FRGVCP5hF3gZGykQz.	VA	95153871517	7746371623	0
614	2022-10-30 19:22:33.024712	2022-10-30 19:22:33.024712	\N	\N	Garrett Moen	alec@byx.net	$2a$10$6qTJwq6ogUbWphJ7zLGw1eTpwIPHVJvj8aB15f5my/rGdCM1wz7qW	DA	17283802418	5666673843	0
615	2022-10-30 19:22:33.164757	2022-10-30 19:22:33.164757	\N	\N	Prudence Sawayn	petra@yahoo.com	$2a$10$bFfYZohuYHme334rzWGp2uUwXOG0mpLz6AOhSQHD7kGePRsR2HUQy	D	18848390762	4174684955	0
616	2022-10-30 19:22:33.275018	2022-10-30 19:22:33.275018	\N	\N	Christelle Graham III	daija@hotmail.com	$2a$10$TwQQel2i5uUx0Q0BLEWGveXSON3rkmvYUqPFMdBLVGaFU51oNJCXK	VA	37621946068	1019683508	0
617	2022-10-30 19:22:33.416606	2022-10-30 19:22:33.416606	\N	\N	Isaac Fisher	muller.sam@dte.com	$2a$10$HGDpeysF3bnhdzx.kq31Ju/m3hCaMSGHDuumWgudG138WtUDTpyl6	BA	55160904613	2533720454	0
618	2022-10-30 19:22:33.528557	2022-10-30 19:22:33.528557	\N	\N	Norma Crist MD	williamson.burley@gmail.com	$2a$10$NEIxjQdR7FvNWhzjenrydOMVESdTKlxspwWC6ityPSQz/3pEsw6Zq	V	91390962916	9603091770	0
619	2022-10-30 19:22:33.652901	2022-10-30 19:22:33.652901	\N	\N	Tess Kutch	shad.donnelly@yvg.com	$2a$10$fnp8xVDBNwuy2Njkvoe7CubCLiwZTQH1Pnhu9XiJAVADUZPuXqpXS	D	49740735620	8068422740	0
620	2022-10-30 19:22:33.771498	2022-10-30 19:22:33.771498	\N	\N	Tania McDermott	mante.reva@gjs.com	$2a$10$MyaSz9vPsCEMamJ1Ji8rhu1cug.XmPWPtKHP6arMjhZgN8LRGWkpO	SA	25655534443	6946184720	0
621	2022-10-30 19:22:33.883666	2022-10-30 19:22:33.883666	\N	\N	Rory O"Reilly	jazmyne@hotmail.com	$2a$10$dxMKiOBcgtl5wLLRFYRAG.boXJKTgXt/bKQnCefyDOfdNPTyIgdCi	DA	16282800813	4407441608	0
622	2022-10-30 19:22:33.999283	2022-10-30 19:22:33.999283	\N	\N	Kian Ratke	marianne.jakubowski@mir.net	$2a$10$t5.WJeVW6Ubj9Hd.4hVTzOyRIpKorJXKZQtzIgTTpJxvxXlEQrprW	D	42214207538	6884554669	0
623	2022-10-30 19:22:34.112224	2022-10-30 19:22:34.112224	\N	\N	Mr. Norris Walter V	volkman.paxton@ewp.org	$2a$10$Kv7Saq4mdprYc/2zTxtfEu0wBf5EN5JZIkCb8PUqHdLfGxAuQSwbe	BA	43079112585	2532788037	0
624	2022-10-30 19:22:34.227703	2022-10-30 19:22:34.227703	\N	\N	Marlen Greenfelder	boyle.neha@gmail.com	$2a$10$2dljIAe9n/gZMONzbgDoceZAG53PZNP8YWiXC49BoZSV2onql6dFu	B	63586241869	3989043355	0
625	2022-10-30 19:22:34.367417	2022-10-30 19:22:34.367417	\N	\N	Stephen Schuppe	hollis@egr.com	$2a$10$EPz5.xxrLoVRuIzHeyr.7.B8qqdtcHTeLMrnAE4leFhzY5hcM91yS	BA	34118832804	1424993552	0
626	2022-10-30 19:22:34.478239	2022-10-30 19:22:34.478239	\N	\N	Esther Deckow Sr.	gordon@hotmail.com	$2a$10$QpyKrYK.ETk.F/BWEhireuD6pzPvxlWzF4Xs6sZpJlpOKDoVWLc6a	B	43480825606	5706129867	0
627	2022-10-30 19:22:34.586164	2022-10-30 19:22:34.586164	\N	\N	Carli Herman	ortiz.alisa@iqn.com	$2a$10$8f6jXQWcp8cw0FLfhIf32.1ZBv1E9i43US0LkW72oefA2V2enMn6W	VA	80018280086	2785625705	0
628	2022-10-30 19:22:34.75165	2022-10-30 19:22:34.75165	\N	\N	Mr. Ludwig Buckridge PhD	krajcik.kenna@uet.com	$2a$10$M9nZTeM/q6xMjUKhIW7pbeM2ZyMSRfoSsHKi91LdGVWOw41Sa.Uim	SA	51532089150	7278228741	0
629	2022-10-30 19:22:34.914022	2022-10-30 19:22:34.914022	\N	\N	Mr. Misael Wuckert	price.dimitri@mft.com	$2a$10$1GdMzkcs0MPJpc68VV9vSOJQ1noEvExM/C8Xatr95tO2kiLn0SKLO	VA	56913666729	4069687892	0
630	2022-10-30 19:22:35.029246	2022-10-30 19:22:35.029246	\N	\N	Nolan Mertz IV	alva@vzb.info	$2a$10$IQuAkdKnTWT1xLj2YPyvc.LHrBFtFkPtTnmTM/uWoeFuYlNNg038u	DA	36915412217	9048583667	0
631	2022-10-30 19:22:35.155762	2022-10-30 19:22:35.155762	\N	\N	Susie Labadie II	ada@yahoo.com	$2a$10$.iUQPiNBqSx9gt/kUM529eUun77Rj5fll66lcTwD/csFj8vOlNijm	SA	85623314290	3714862799	0
632	2022-10-30 19:22:35.271348	2022-10-30 19:22:35.271348	\N	\N	Pietro Kemmer	goyette@yahoo.com	$2a$10$JNWdhXGgwyLFE.InWjl56e6HNB1KCEt0NSHvJIUPwGV.Wym8kZppq	B	43485271265	7685892663	0
633	2022-10-30 19:22:35.386587	2022-10-30 19:22:35.386587	\N	\N	Keeley Tremblay Sr.	kris@gmail.com	$2a$10$oVuMIQ8p2UrvIgSle4/J9OLqy0aWjvbRRv9B7FrSLG0ueMQrSdOSa	BA	64035916161	4401640167	0
634	2022-10-30 19:22:35.511192	2022-10-30 19:22:35.511192	\N	\N	Theresia Dickens	marley.gleichner@tqm.info	$2a$10$31hmKZhwgLV9fYy8Ri9biuQO6/Vo61v2u7S8ioNljd2vJilyUmYTa	BA	46895256519	3356485079	0
635	2022-10-30 19:22:35.628371	2022-10-30 19:22:35.628371	\N	\N	Thad Grant	kristina@bxc.biz	$2a$10$M9SCEfa0fmB9g2wmfShP1.yks7jKTrnktsZTQ/nPv3eI0yE49rHx6	DA	69495797212	9647096583	0
636	2022-10-30 19:22:35.73774	2022-10-30 19:22:35.73774	\N	\N	Cameron Bayer	bernier@hotmail.com	$2a$10$7gaR1JOi6hNIfT9u5PMLK.CkyI1iH9UtYONVDHWrOWNM6/M4L/KRW	D	83740388689	7483041038	0
637	2022-10-30 19:22:35.884629	2022-10-30 19:22:35.884629	\N	\N	Viva Thompson	ian.maggio@edv.com	$2a$10$rKLHJ4UyxPDXvHlSmPmcXezHDznd4gOBOzTrE8VSx6qxsq.AkHr3q	VA	73143540369	4987065334	0
638	2022-10-30 19:22:35.996501	2022-10-30 19:22:35.996501	\N	\N	Jairo Orn	waino@gmail.com	$2a$10$omRQgSPL6W0ipO0ts9VB2ehczlE87WGXekEktvm8Zcd76vKdrnxYC	V	71301756303	6302378424	0
639	2022-10-30 19:22:36.115921	2022-10-30 19:22:36.115921	\N	\N	Janis Reinger	mosciski@cgs.com	$2a$10$vL81h72FzSAGQjvUPhl1a.BV2vgvi6U8IfuzMMjl4011TRYM54Dc.	B	98222309449	4754856966	0
640	2022-10-30 19:22:36.227583	2022-10-30 19:22:36.227583	\N	\N	Mr. Eusebio Stroman	zboncak.elsa@gmail.com	$2a$10$kfAkTDiAKWA33UpjEDUARu0b6eLzLiLplZblm80j9TqWJnJSVYIEK	B	41429050491	2015494763	0
641	2022-10-30 19:22:36.338102	2022-10-30 19:22:36.338102	\N	\N	Amie Ullrich I	jaida.lesch@yahoo.com	$2a$10$kMsAEy3X5j2/TD.Pt4mimOVeGmpqO4Yfl5zJUHLJU3HcAmS39IYEq	SA	79108642341	4097906310	0
642	2022-10-30 19:22:36.526188	2022-10-30 19:22:36.526188	\N	\N	Tessie McCullough	quigley.norwood@yka.com	$2a$10$HQmkCX.tRvM63zo5iQ5tkuQvAJ2NiOiRDppNJnOGZszmGdKRZL9/O	VA	79015732906	7897072312	0
643	2022-10-30 19:22:36.643523	2022-10-30 19:22:36.643523	\N	\N	Tod O"Keefe	adriana@gmail.com	$2a$10$tPBB5/FkIytle6aUumSqM.ezh/brBoaY9s4bS4HXjt0gKF8O3LYzO	V	84301628572	1409666450	0
644	2022-10-30 19:22:36.750893	2022-10-30 19:22:36.750893	\N	\N	Davin Steuber	jennifer@mjo.com	$2a$10$ldPMqXqkJTz7RFaPtiA8p.h33.dM9gCmxcuzViXb5bSFRikoylND2	V	54384010265	4736695476	0
645	2022-10-30 19:22:36.876205	2022-10-30 19:22:36.876205	\N	\N	Johann Greenholt Jr.	reilly.frank@yahoo.com	$2a$10$EmUrsGr9hgIzQQbY0OLA9.KUVjVKziFGdDMA6FpxaLtKEFjUzhFE6	BA	34368604956	5271387281	0
646	2022-10-30 19:22:37.028077	2022-10-30 19:22:37.028077	\N	\N	Ms. Carlee Waters	sipes.calista@hotmail.com	$2a$10$Ewwr2hFYvkFFGlBhuH8xi..Ah1Fgm3t8OLxzuWQ4a/n/oxUUZZMp6	SA	14647376953	2984621070	0
647	2022-10-30 19:22:37.151292	2022-10-30 19:22:37.151292	\N	\N	Turner Larkin PhD	rosetta.mccullough@hotmail.com	$2a$10$S872/vYa4Ug1RybdBrVvQOSm8u/DF4CLPndNMSLa7yoNhePf/VIPa	B	92839284549	3580007459	0
648	2022-10-30 19:22:37.297094	2022-10-30 19:22:37.297094	\N	\N	Dannie Auer	alanna@ajj.com	$2a$10$k/oBZCZgOrUpWVhmIE7/ZepahluCJ.Z7SLXV4zEPmZ8ML0IfIBXkW	VA	76871638080	9759634559	0
649	2022-10-30 19:22:37.409756	2022-10-30 19:22:37.409756	\N	\N	Mr. Jordi Smith PhD	hahn@yzj.com	$2a$10$ngJMGqe0viMYq6yY8gtiVeHLQPqG83cg10mjNaM.UTAFUhtp.YMx2	V	16632969725	2598097019	0
650	2022-10-30 19:22:37.548473	2022-10-30 19:22:37.548473	\N	\N	Catalina Legros	yvette@voz.com	$2a$10$I8Cxg3cXCA7ZVDEK2lRxruWJQ3luJ7BFB5E5N9MGIjnjpEjP.r8S.	SA	68178130877	9436800987	0
651	2022-10-30 19:22:37.65416	2022-10-30 19:22:37.65416	\N	\N	Ms. Jazmyne Bins	jacobs@oya.net	$2a$10$lhg2PSCIYt4DDXQX6wVf/uW17ejsH1jj4v6d.Og0odoAPfkwSuK6W	D	32344279066	5943902196	0
652	2022-10-30 19:22:37.777196	2022-10-30 19:22:37.777196	\N	\N	Ms. Mikayla Rath	kemmer@yahoo.com	$2a$10$PJXf.EKFs4fXaY0gl7u1c.xEYPNc/hUY3R/uEQZPmcEEHUzsdh1mO	DA	12856598417	8095961483	0
653	2022-10-30 19:22:37.877762	2022-10-30 19:22:37.877762	\N	\N	Kaitlin Sporer	howe@gmail.com	$2a$10$HdafoIHtrNQggwJbIp8Hr.VOZFiWMi5CQn8QNcqlWczOQWQw0b51C	V	42806955214	9009379285	0
654	2022-10-30 19:22:38.038003	2022-10-30 19:22:38.038003	\N	\N	Lawson Berge	alysson.hackett@hotmail.com	$2a$10$6TVUqmeCCxbnX9HLrvrUeOjDJYIbxy0p4kxjTsetqO3qtnpf9/fye	B	71569407312	9976103294	0
655	2022-10-30 19:22:38.147542	2022-10-30 19:22:38.147542	\N	\N	Timmothy Veum	jakubowski.delpha@yahoo.com	$2a$10$PgTprs9sC41/H7FmGUzb8Ok.N5CKp4wlqWAHSU9Q6L4JtgnLhBrx2	SA	32527343671	8678170619	0
656	2022-10-30 19:22:38.3162	2022-10-30 19:22:38.3162	\N	\N	Mr. Rowland Klein	courtney@yahoo.com	$2a$10$dyvTv0piNQs7CnvH6EDAJu.Exf9t97p8lttGblIzQHVtwGDxNOmji	D	11868377514	5707634297	0
657	2022-10-30 19:22:38.448639	2022-10-30 19:22:38.448639	\N	\N	Joe Beer V	yost.lucio@yahoo.com	$2a$10$lR4elerDjm2SXmqHZtKppO4iT1ZgW7iDkhYS.lK8YLxMv7SE3l1pm	SA	84097360716	2108931741	0
658	2022-10-30 19:22:38.563266	2022-10-30 19:22:38.563266	\N	\N	Rosalind Greenfelder	runte@oxs.com	$2a$10$4tXLrQxKppD/IyygncKIl.uGf9w8Hx4Xl5rkiOaAriJX.u94MDMtu	D	10753968785	9141148675	0
659	2022-10-30 19:22:38.691212	2022-10-30 19:22:38.691212	\N	\N	Payton Kub	renner@yahoo.com	$2a$10$VwitNbIJotRy1KxJeofRiuCqNMWJ62ROwZj2EujIuHkRsuXAsgH52	BA	73303308125	4266259068	0
660	2022-10-30 19:22:38.874778	2022-10-30 19:22:38.874778	\N	\N	Melissa Zboncak V	leon@gmail.com	$2a$10$xp054N9aFoj3RDAF3y.g9eVEbaALdqttYsLD4QVy/IFN/kxzNuvMK	BA	61342869712	2428331657	0
661	2022-10-30 19:22:38.99924	2022-10-30 19:22:38.99924	\N	\N	Boyd Rodriguez	gino@sog.com	$2a$10$9u7uLSlu194FtUwB3DeuhubFD.mkFAa46LTkNMyW8wt0WlNAS/CQu	D	84015383087	2081584140	0
662	2022-10-30 19:22:39.104902	2022-10-30 19:22:39.104902	\N	\N	Grace Stracke	grant.bella@yahoo.com	$2a$10$a.U8ZQXl/gff5XIyvFxaJOpZhXUZsjsokOPtnSq12/vTDDvnWs9wi	SA	77429731711	5779024665	0
663	2022-10-30 19:22:39.214656	2022-10-30 19:22:39.214656	\N	\N	Ms. Rosemarie Goyette Jr.	brown.samantha@gmail.com	$2a$10$B22PwknM7v4oaT3TbGE/De9V/Nea15hQ/JkylUmpAzZdU1NbVc8Lq	D	40031508404	5203756842	0
664	2022-10-30 19:22:39.36217	2022-10-30 19:22:39.36217	\N	\N	Mr. Graham Crist	jacky@hotmail.com	$2a$10$pGO.mPUQ06vfixkHTTJNtOvsqxHdu8.dLZRbQ5DrTxn5JflweDv3S	BA	41748955518	8170088134	0
665	2022-10-30 19:22:39.474813	2022-10-30 19:22:39.474813	\N	\N	Mr. Armani Carter II	wolf@hotmail.com	$2a$10$CKPRecKYU1XRdin3P2x4Fu4gGcYgZV0zNkRIPWIJ.s4OEkHYKvY7e	B	85968772613	7003091342	0
666	2022-10-30 19:22:39.629079	2022-10-30 19:22:39.629079	\N	\N	Izaiah Okuneva	armstrong.forrest@fpj.com	$2a$10$F91Y/g0i/uGwvM0kfScPkOLvnxzMBaSmr51Y.ChpKHlMbmPnKpaSW	B	19595251586	1977036666	0
667	2022-10-30 19:22:39.748369	2022-10-30 19:22:39.748369	\N	\N	Ms. Sarina Fay DVM	kaci.breitenberg@yahoo.com	$2a$10$4lApU73VdS3c24g8JwN.Xeu9XqhM5e6ImmeQa/4/PiP5AE6T3lKJ6	V	43025382865	4225651475	0
668	2022-10-30 19:22:39.870085	2022-10-30 19:22:39.870085	\N	\N	Sean Corwin	keeling@yahoo.com	$2a$10$sE15gFS1ROKvZi8unLOd2ujx3yMXUKJX9NqjaF4uS2zG/GDYPyedW	SA	44916821753	6060284934	0
669	2022-10-30 19:22:39.984737	2022-10-30 19:22:39.984737	\N	\N	Daniela Streich	buckridge@yahoo.com	$2a$10$0YfscHuSnXJkb.kZZETyGe9ba6cFdQLndnQC/XiIRhS4ZAkHqLAIS	SA	58862742817	8382928654	0
670	2022-10-30 19:22:40.101435	2022-10-30 19:22:40.101435	\N	\N	Petra Jacobson	christiansen@ytf.net	$2a$10$xWrJaIWP8.SK5gptnYOfieQmnbcvunV7ZGonp4Ctr3.B95yJySB.C	V	88939299488	4693160211	0
671	2022-10-30 19:22:40.213197	2022-10-30 19:22:40.213197	\N	\N	Mr. Vicente Schmidt DDS	kay.pacocha@zic.com	$2a$10$1rJuJf6re7AsRReDy1e73ub/RLMFdNzzvh11C6YwTTxhatVuKZ/m2	BA	80521416815	7427030518	0
672	2022-10-30 19:22:40.336757	2022-10-30 19:22:40.336757	\N	\N	Daphney Hane	emmerich.ransom@gmail.com	$2a$10$kC5FB0NLuQpizAzwFPv8wuGpJsgnkVwgDSVq085wKjErtgNTho73i	DA	15512682908	2622237947	0
673	2022-10-30 19:22:40.446829	2022-10-30 19:22:40.446829	\N	\N	Kailyn Wuckert	sanford@gmail.com	$2a$10$Uxh7EtBoSeKUDLczm.XQ4OlL8YglHn.OU2l3KAbOwioevpn6KhGce	B	92217185678	5297393511	0
674	2022-10-30 19:22:40.569601	2022-10-30 19:22:40.569601	\N	\N	Dariana Senger	kuhn@hotmail.com	$2a$10$m0DWMOc4YOmh6GKnOG//HeC279KN1C4dq.NWfoE9QHw1nhFF.vzMi	SA	33227252879	6594524896	0
675	2022-10-30 19:22:40.747335	2022-10-30 19:22:40.747335	\N	\N	Abigale Hills	gottlieb.zoila@yahoo.com	$2a$10$dY8SB8wQDE3eJOTEgIGO5eVTEma.CYOF/1Q2pQ17lcJEuiFux0nkC	BA	38712949118	5777935402	0
676	2022-10-30 19:22:40.835963	2022-10-30 19:22:40.835963	\N	\N	Derick Kling	carmel@hotmail.com	$2a$10$S2HVaoM553oGwz4ouUQMi.6H3OSVfHNoLBG9KTiP3AppTEvqN89o2	SA	20358704076	7318080196	0
677	2022-10-30 19:22:40.944953	2022-10-30 19:22:40.944953	\N	\N	Dwight Durgan	marks@sst.com	$2a$10$nmvH8G6JwhLckflkNLiiDe1RAYFUDA5tvZNzvT184ePvIHkP2aMXS	B	50562184134	7791560991	0
678	2022-10-30 19:22:41.053265	2022-10-30 19:22:41.053265	\N	\N	Ms. Lea Thompson	schultz@hotmail.com	$2a$10$RZTgc11o5QBoQpLfreerg.0l9MQ6ALz3rminGMWXWOocqCtyqBboO	DA	47769456955	5156474250	0
679	2022-10-30 19:22:41.16786	2022-10-30 19:22:41.16786	\N	\N	Joey Bauch	romaguera.joshuah@gmail.com	$2a$10$kcWM9HXQ4wtjJ6NwZ0EOfOzBKC9vXu47tRmPvO0AeDAGsdxFuqBA2	VA	40585410685	6478046586	0
680	2022-10-30 19:22:41.28726	2022-10-30 19:22:41.28726	\N	\N	Brendan Abbott	deckow@mnw.com	$2a$10$uvKP4SQNRKlHj/liQDZTDeLjQjTatEM9HBRgldHS8ULNtOxL90pJq	SA	98050063408	8466093887	0
681	2022-10-30 19:22:41.402638	2022-10-30 19:22:41.402638	\N	\N	Danielle Kuvalis	madonna.rodriguez@mco.net	$2a$10$0xOoKFE.WT9lGpr7zbXGMuV..X6pleMgDFZpjsG5L15d2StmlXHG2	SA	71594633900	6650231153	0
682	2022-10-30 19:22:41.535614	2022-10-30 19:22:41.535614	\N	\N	Ms. Serena Welch PhD	brendan@yahoo.com	$2a$10$jCyYgY6YXKfHl/DTZIPNiOL.5AbW08X.Cmh9fFR7Z.WyB7FFunKQ2	D	13593661104	8460547501	0
683	2022-10-30 19:22:41.652304	2022-10-30 19:22:41.652304	\N	\N	Ms. Leila Schmeler	mertz@pyr.com	$2a$10$XCVooI7HHZTqAxp5u9xkyO1ww8bRUcJZ3JDl.PfWFpT96iH61XPAa	DA	87721397022	6161728089	0
684	2022-10-30 19:22:41.763152	2022-10-30 19:22:41.763152	\N	\N	Ms. Palma Rohan PhD	ruecker.granville@gmail.com	$2a$10$/d1MJUDBlUHizUixC3xu7eh8tN0lqwx5Qjr0.55RQ8miGG08vzBm2	BA	50451970798	3183923534	0
685	2022-10-30 19:22:41.85545	2022-10-30 19:22:41.85545	\N	\N	Selena Veum	herman@ujt.biz	$2a$10$y9j7cqJkH2psW1WbHgslCOqMBz7TaW6y3YIxHkfFyRToAD1/5tQOG	D	64243806746	6082706635	0
686	2022-10-30 19:22:41.963904	2022-10-30 19:22:41.963904	\N	\N	Brennan Jerde	loyal.harber@diu.biz	$2a$10$f.048xaomq0Ts0vjNnaV0On7XIHBhMkZs9YFxP9lXkiA1p3y9l/Vi	D	91942251039	7786387135	0
687	2022-10-30 19:22:42.072824	2022-10-30 19:22:42.072824	\N	\N	Coralie Jaskolski	cathrine.zulauf@rwa.com	$2a$10$kIBbaOcercqxQQFgYYbty.g8QTqd3R1fV6UzjA.3xvetMAC3upQsS	VA	65681872338	4701377311	0
688	2022-10-30 19:22:42.188719	2022-10-30 19:22:42.188719	\N	\N	Bret Pouros IV	annabell@ckj.com	$2a$10$ZoISqIeWrFQGhkCUQ9KDqOLMfs2VtyH/8DHn0gj80xhhiLRJzRVE.	BA	82727202719	1356045633	0
689	2022-10-30 19:22:42.30043	2022-10-30 19:22:42.30043	\N	\N	Mr. Felix Rohan	roy@dol.com	$2a$10$h2.WK0/mKD2l4dBx/3PpMe8.NN7aFsP8mN73VrxmGLSlrbI4V2n2q	B	46383767352	3151019948	0
690	2022-10-30 19:22:42.426694	2022-10-30 19:22:42.426694	\N	\N	Maud Adams III	kling.tania@hotmail.com	$2a$10$e4DNAaJFDB3puxn2Gp6GuegWp/yDbL84IPn0RO85pVdtt4JX4WtR.	BA	51793914068	5617165156	0
691	2022-10-30 19:22:42.539591	2022-10-30 19:22:42.539591	\N	\N	Casandra Kozey	ortiz.liana@yahoo.com	$2a$10$Zagy7NLAEnhO3eVKTdIrTuf.gFnCamu9lBaX1vIqzFfPMRdnkSFNO	VA	13206182502	5589205108	0
692	2022-10-30 19:22:42.6566	2022-10-30 19:22:42.6566	\N	\N	Jayce Bernier	colton.wisoky@gmail.com	$2a$10$Le16Lr62LctTsKHJ9bLbQ.L7l39gSEuoaHs./.VPkw/vbbOyaFr6G	BA	93774739545	6973613933	0
693	2022-10-30 19:22:42.770119	2022-10-30 19:22:42.770119	\N	\N	George McLaughlin	pearlie@zku.com	$2a$10$KF58RWIJPw7zdrJ4ca401ex0wDy0VJZabHUU8OkOwPWS0X/eo.67.	DA	98015985969	2772075779	0
694	2022-10-30 19:22:42.893432	2022-10-30 19:22:42.893432	\N	\N	Darrel Hickle	kailee.pfannerstill@hotmail.com	$2a$10$KbiVW2JDzmmbotCa4KwwKeCZrm6kPUo8pSH9q5cXIJVZQxJRdsp2W	SA	91856647216	5491674370	0
695	2022-10-30 19:22:43.010656	2022-10-30 19:22:43.010656	\N	\N	Ms. Raphaelle Stokes	mitchell.izaiah@hotmail.com	$2a$10$ZDhdn0sl7bYnETzupzm8L.Nz6W29F30foWI/6RMplz.4DXZVc3u36	D	55132865510	2074172468	0
696	2022-10-30 19:22:43.121369	2022-10-30 19:22:43.121369	\N	\N	Carissa Gaylord	strosin@fei.org	$2a$10$Ni7TQy1GUYh3wPp69KA0XuZJOznrOVIj2CBd1/mBkEk/1t0YcUZim	VA	40826665842	1337430568	0
697	2022-10-30 19:22:43.271682	2022-10-30 19:22:43.271682	\N	\N	Mr. Nat Luettgen	wanda.goodwin@gmail.com	$2a$10$cSLy8A57Ut9EEKky/ZHcm.G9BDzobbJoTc6zoEXzlCQZT4e6u1sHK	DA	25967110453	7539714477	0
698	2022-10-30 19:22:43.396474	2022-10-30 19:22:43.396474	\N	\N	Mr. Lee Glover II	balistreri.elinore@gmail.com	$2a$10$hi87f5UcHL2/Q35gXnBc6.I4tWLSwL4cCFJtZvh4AIKlLLbYicV6S	VA	72899207890	6805271304	0
699	2022-10-30 19:22:43.52253	2022-10-30 19:22:43.52253	\N	\N	Fredy O"Conner	jast.quinten@mfq.net	$2a$10$gZn/wAUXSapyqc34ak9K1uHjLuR0roGxTRVL/1yKPWUN2enJBI6P6	BA	60348347988	4143614743	0
700	2022-10-30 19:22:43.644388	2022-10-30 19:22:43.644388	\N	\N	Thora Hilll	johnston@rxp.net	$2a$10$52/Y6cvVnwuR00moy0F5/.4Wv/O3EvEFuWSsljM5weoO.Qhx0oEIW	BA	24723707894	5813013989	0
701	2022-10-30 19:22:43.8008	2022-10-30 19:22:43.8008	\N	\N	Noemie Graham	gutmann.mallory@hotmail.com	$2a$10$SfwSWo6ZSQWI3u/wEsh73e3zmpCGRZoFl8cY64nwYBJ6HUIsBS0QK	SA	89621668695	7657342963	0
702	2022-10-30 19:22:43.915626	2022-10-30 19:22:43.915626	\N	\N	Gia Bashirian Sr.	heller@yahoo.com	$2a$10$R0WoVQ0WhihZukyY2P38auirpdPLnmqyCTpKmDd8M.DqBSItUWA4u	V	73255796682	9953587343	0
703	2022-10-30 19:22:44.095827	2022-10-30 19:22:44.095827	\N	\N	Ms. Agustina Jenkins Sr.	lamar@hotmail.com	$2a$10$d71PNqB3Bgjo2B2Eyfc6LeXpSOMX4m.08pOc8mfg9Ji4yjZ7SAznu	VA	11102022400	6344045859	0
704	2022-10-30 19:22:44.227671	2022-10-30 19:22:44.227671	\N	\N	Ms. Barbara Erdman Jr.	rozella.heidenreich@gmail.com	$2a$10$GuIy/4LlRriusnr2Qev62OVks8dOnERyfeYWNuS5EgUc8vw5MuAzW	SA	55865881071	2702312220	0
705	2022-10-30 19:22:44.404449	2022-10-30 19:22:44.404449	\N	\N	Ms. Estel Hartmann	rodriguez.theodore@yahoo.com	$2a$10$gIbE/409YUS1eBC7Pcrw/uO9D9KnK/0xzk1AQwQ8WBufSi4ZaJudW	B	21596606222	2238893629	0
706	2022-10-30 19:22:44.514235	2022-10-30 19:22:44.514235	\N	\N	Idell Streich	maida@yahoo.com	$2a$10$Pa6/Q8zAz9mIbjD6of6V7uu1MNrvFHrRJadtRT64/ttBrB29J183u	V	18626580748	6826796246	0
707	2022-10-30 19:22:44.643418	2022-10-30 19:22:44.643418	\N	\N	Clair Mann	cruickshank.rocio@gmail.com	$2a$10$e8wFbYOV9IQJlclIW7MTeupgwx/ZJ5qDIYngGKCjqOyAkLkI0Ki0K	D	34562962681	1613464021	0
708	2022-10-30 19:22:44.764715	2022-10-30 19:22:44.764715	\N	\N	Frederic Greenfelder	jaskolski.adele@gmail.com	$2a$10$8Ybn7ix7BWcrPJYw99XHOu5mZwuJYqJ1pYLPtHZw0ZicN13aQgrqG	BA	91357106946	5880237047	0
709	2022-10-30 19:22:44.897309	2022-10-30 19:22:44.897309	\N	\N	Yasmin Senger	streich.precious@hotmail.com	$2a$10$JtKv682TROGtGZLybApJOu8QHcV.lR0O36qD60aX4eJ3AUZCMS6Ay	B	77164094248	8474695875	0
710	2022-10-30 19:22:45.01951	2022-10-30 19:22:45.01951	\N	\N	Estella Mills	grimes@ibg.net	$2a$10$jLEIzEuHo9M1ovmLvFPJ5ehixIwj6W0eb79JSO0PCYttGAy1EDIG6	DA	98871655424	4421310989	0
711	2022-10-30 19:22:45.13266	2022-10-30 19:22:45.13266	\N	\N	Arianna Lesch	swift.reece@ows.net	$2a$10$vtqW9AnD0LjQRGMjlYrzdeNguevUCmEYrisn.f5ij5KwjUKATdMB2	VA	55316226559	1125008140	0
712	2022-10-30 19:22:45.273499	2022-10-30 19:22:45.273499	\N	\N	Mr. Giovanni Schumm	leuschke.cedrick@cfb.org	$2a$10$kTlSLzY64GRcM97fiPWXXOQGRtElxsvLGS/6YKgcVirRpBASDiSJW	V	59177772050	1017965341	0
713	2022-10-30 19:22:45.416042	2022-10-30 19:22:45.416042	\N	\N	Ms. Laurence Bogisich	reichel.marjorie@bkg.com	$2a$10$hMDYOK5kzu5sgP5yP.qUmOuEcQ2vXkBGOs8SZaNkg6Ad.NN.SqjmG	BA	31183677815	5849701654	0
714	2022-10-30 19:22:45.532219	2022-10-30 19:22:45.532219	\N	\N	Ms. Euna Conn IV	aglae@hotmail.com	$2a$10$mByfKgrogfzlZ1B7RWhQ3OOzhAB7Oo/O8Odw5mU2rDzqV3FDao/bu	V	18425186674	2053357842	0
715	2022-10-30 19:22:45.646285	2022-10-30 19:22:45.646285	\N	\N	Winfield Reichel	gideon@gmail.com	$2a$10$CF9aE/SFvyOJ6aLQwFttV.ANqp.P16WCJef77hUqdFwWJ5b80N9/6	BA	31034410308	6201230622	0
716	2022-10-30 19:22:45.800817	2022-10-30 19:22:45.800817	\N	\N	Maximus Anderson	waters.augustine@xkl.com	$2a$10$qQC7wzKER7wuPjygVV4bjemywe/KrGON0eM4E/E080KYXcn7gjdJm	VA	99420049397	9148076528	0
717	2022-10-30 19:22:45.954823	2022-10-30 19:22:45.954823	\N	\N	Kayden Rau	aryanna@hotmail.com	$2a$10$siTKKn2T4J.wIkAoWzFMXeyMg.5ukjZUqtzWTr35iIKOEZLc.nzSS	DA	78692170435	7105818811	0
718	2022-10-30 19:22:46.075105	2022-10-30 19:22:46.075105	\N	\N	Sydni Nolan	romaguera@hsc.com	$2a$10$I9FWrANY0pt6eP.F.8cgvOeoNLmiSQrCZfbsEyiz6yBULGqKySCtS	D	85468813099	1371693502	0
719	2022-10-30 19:22:46.208919	2022-10-30 19:22:46.208919	\N	\N	Bailee Gulgowski	jenifer.carroll@hotmail.com	$2a$10$jS/BTC1VNu1K.We1uzMe4ewNoLeILjS5Q702uFgk5wh72kmWe3Qfq	DA	94180189487	3875023695	0
720	2022-10-30 19:22:46.334474	2022-10-30 19:22:46.334474	\N	\N	Geovanny Prosacco	kyra@abu.com	$2a$10$9Goc5zVADa18AB1gh3ZZ3.6gQHGmIxN1cPssSZhMLLvcs8COCLOFq	VA	87475805985	7942403938	0
721	2022-10-30 19:22:46.48614	2022-10-30 19:22:46.48614	\N	\N	Mr. Ramiro Kilback	lilliana@hotmail.com	$2a$10$TpvJh9tF.iqxtjpsroz/tO2pWS0mx6/LvR6R.emWVc2kh11rY9kXW	VA	78948614187	7123614829	0
722	2022-10-30 19:22:46.603455	2022-10-30 19:22:46.603455	\N	\N	Daphnee Carter	anthony@szo.com	$2a$10$.Aqnrxpf2nkIFAwCFSroc.M0cJAm6d6GZdOUnW4.IHGqMipzaVUrm	SA	65805524651	7166441678	0
723	2022-10-30 19:22:46.726111	2022-10-30 19:22:46.726111	\N	\N	Macie Gerlach	kaylie@nmv.com	$2a$10$NuHuELw8NUfAm58s4vNsn.ltW.eCC6O50W57fpUyIGtFgMGalEGHm	D	56135302744	1455536234	0
724	2022-10-30 19:22:46.850938	2022-10-30 19:22:46.850938	\N	\N	Mr. Fritz Hettinger PhD	helmer@hotmail.com	$2a$10$dHlVnilWaDblb7EKHLN23.X/Py8GoIYptoeCOuMuRulQbx.PE/Cd.	B	93532556104	8254851292	0
725	2022-10-30 19:22:46.956097	2022-10-30 19:22:46.956097	\N	\N	Mr. Ewald Schimmel	emmalee@rem.com	$2a$10$11KZ0J6dp6YsW0hbOJX2he3YRzFetgZCKwxkWcIODD/S8YyZGKdp2	D	64054662037	4856381993	0
726	2022-10-30 19:22:47.071081	2022-10-30 19:22:47.071081	\N	\N	Annabell Abbott	harry@yahoo.com	$2a$10$q/tnjLfFx5JCpdn60B76r.9vi5yTkCg1QSWi3Gd11J7kVXkKjRq7W	BA	79990225097	8793789719	0
727	2022-10-30 19:22:47.205025	2022-10-30 19:22:47.205025	\N	\N	Jaquelin Murazik	cartwright.jed@mfl.com	$2a$10$eW9c5vTHdaffoODTavPUzeylYVB/XOrVZRkXEFUHeDS4zpgWAHEfy	DA	41459661401	3253717648	0
728	2022-10-30 19:22:47.321252	2022-10-30 19:22:47.321252	\N	\N	Twila Rath Sr.	marvin.shawn@kyz.org	$2a$10$1TRTAC4vngQnFj4qP7S34OGuh34Ef3PCPTXDRp9HVLe1OrgicELV6	B	34996501370	4461120601	0
729	2022-10-30 19:22:47.436114	2022-10-30 19:22:47.436114	\N	\N	Mr. Tod Jast IV	murray@fsr.com	$2a$10$Bh3L5QPSVUhmHBziHKLtnOQD5LmBt3xLYiNHxmWBlcJLHw0ZhbRl2	D	90177382146	9692313633	0
730	2022-10-30 19:22:47.584543	2022-10-30 19:22:47.584543	\N	\N	Wade Adams	reuben@gmail.com	$2a$10$P61vGtustuINRWMGiultWuPnoALJF/bTslF2xPZfw41MoWCejFshG	V	82102059950	4708569901	0
731	2022-10-30 19:22:47.76078	2022-10-30 19:22:47.76078	\N	\N	Irwin Hickle	devante@yvh.net	$2a$10$Tg5evKut7lBQ39T8k8/ty.keKQnsf79o/YYxztOtUCt/jMffV89c2	DA	82869738743	8853431482	0
732	2022-10-30 19:22:47.908353	2022-10-30 19:22:47.908353	\N	\N	Mr. Sonny Conroy V	frank.schmitt@rim.com	$2a$10$J3Ng7eTaoTprx5zL9OGpz.uXRnpkqZdYOFDhuCJMSLCLS8AxDxwvW	DA	41450989606	5394122190	0
733	2022-10-30 19:22:48.017523	2022-10-30 19:22:48.017523	\N	\N	Cathrine Russel	mcclure@hotmail.com	$2a$10$yS5Y6eM6C/Guh04ybOQIn.O4.b605RzXezjMy/s5QV19cez0eG176	B	88565043060	8565222074	0
734	2022-10-30 19:22:48.172688	2022-10-30 19:22:48.172688	\N	\N	Mr. Darien Goodwin III	kelvin@xuc.com	$2a$10$6Q9Snq9R9yVxmQ.OBrM/6u2yb8cm0i2zYF4w41lnlp3CsbVFYmCpu	DA	58394815042	7131058072	0
735	2022-10-30 19:22:48.288947	2022-10-30 19:22:48.288947	\N	\N	Mavis Gerlach	corwin@gmail.com	$2a$10$zY.S8YBmPpBMvPYXVchI2uUpk2Y9fy7N3QE6wiIsuARW.EbDyz5FC	VA	23630364225	3432191175	0
736	2022-10-30 19:22:48.419557	2022-10-30 19:22:48.419557	\N	\N	Deondre Parisian DDS	toy@hotmail.com	$2a$10$cabDf2YTj6XllbwQ3uzGZebzXs4jtIdOKDdq9EA0GKhDnBOItJsTa	VA	30976586833	1910806595	0
737	2022-10-30 19:22:48.544397	2022-10-30 19:22:48.544397	\N	\N	Eugenia Stracke	aurelie@yahoo.com	$2a$10$rxR14jGdHDIa9ze7StcOde/P6IoKgazHTVJrurm/Cz9QGXHVoUycq	B	82272080982	5061830993	0
738	2022-10-30 19:22:48.656046	2022-10-30 19:22:48.656046	\N	\N	Ms. Mary Goldner	mittie.bradtke@hotmail.com	$2a$10$l8eF9YP1iFYpr6dlYe16GO7w1mhqJMIwEu1cKCV5SH7/tx6va.kb.	SA	58077988273	3458048349	0
739	2022-10-30 19:22:48.780131	2022-10-30 19:22:48.780131	\N	\N	Edwardo Hilpert	rigoberto@gmail.com	$2a$10$BSIz7KE8sr/510JM1dm2GO59w92Ux9CPOmLaVhzvQDkn2r66akjz2	BA	81316926630	2574774569	0
740	2022-10-30 19:22:48.895951	2022-10-30 19:22:48.895951	\N	\N	Lambert Corkery Sr.	mariano@imq.info	$2a$10$a3adhR54sitbeyxuU7IPuOn1ndqDC7hB6dhnFwz6xG5AZT1riGRZG	BA	93301331932	3793722059	0
741	2022-10-30 19:22:49.046902	2022-10-30 19:22:49.046902	\N	\N	Mr. Dawson Braun	rebeka.rau@uqo.org	$2a$10$O.KWvsZg0bXa6KV8zaq6l.Iwr6ZuGi8Xm4Rnz0Gz7.FnNE1OPcwCa	D	66637521262	2978745132	0
742	2022-10-30 19:22:49.14769	2022-10-30 19:22:49.14769	\N	\N	Frances Koch Jr.	nichole.hayes@mwi.com	$2a$10$oGctSloTxcBfPc776HSWguCi7OR9A1iPZNW2QELcQ0Qr9Wpd0cQpa	BA	80235042184	3221955638	0
743	2022-10-30 19:22:49.269433	2022-10-30 19:22:49.269433	\N	\N	Janie Schneider	murray.brown@qyn.com	$2a$10$Nnsn2jsCNgQdzLUPBm3O6uDs/L5tgtmHk8XsdsDyRp4ctMWnvXBNa	D	11566966179	8504565753	0
744	2022-10-30 19:22:49.430095	2022-10-30 19:22:49.430095	\N	\N	Ms. Abigail Baumbach	goyette@gmail.com	$2a$10$q3pNPZRLDOGrC/s0mKIbr.gQ5sBJBhshiwsD9vMawEY84noK0dL3u	VA	42667864050	2034343646	0
745	2022-10-30 19:22:49.546479	2022-10-30 19:22:49.546479	\N	\N	Ms. Serenity Auer Sr.	ashleigh@yahoo.com	$2a$10$u8En9doM/YiaAazckzcN.Obara5czWlgeSfH6Vv2UzciBBu2Z/Sca	VA	12764521726	1967287727	0
746	2022-10-30 19:22:49.660013	2022-10-30 19:22:49.660013	\N	\N	Westley Abbott PhD	virginia.adams@uip.net	$2a$10$MCV83GFOHEgKdot05ssHDuDZBqCd56Fmd1FaggzzhI8sFhEYIJf/S	D	87394939688	1410231576	0
747	2022-10-30 19:22:49.776358	2022-10-30 19:22:49.776358	\N	\N	Mr. Jared Pollich PhD	brody@wqc.org	$2a$10$e3u3Epw4Z1KvsAQYuyWsPu6wLt1o/t..Ibd7ufjJbRTO4xVmckK0C	D	98146751304	5460616183	0
748	2022-10-30 19:22:49.908164	2022-10-30 19:22:49.908164	\N	\N	Ms. Rosella Stracke IV	owen.luettgen@kud.com	$2a$10$/aAwDGknfhJuFsNC/tPHIu5G8MQTAgmpXjH.9cqZQyBZwzd4qNLEm	B	37834671780	9549731944	0
749	2022-10-30 19:22:50.021966	2022-10-30 19:22:50.021966	\N	\N	Irving Jakubowski	alexys.gleichner@zcs.biz	$2a$10$v0mErRvLGOtRTxex54f0qOZRiodVOW8G0qvekZpSgRu6fJUl5AEGi	DA	36865619722	9314049193	0
750	2022-10-30 19:22:50.123709	2022-10-30 19:22:50.123709	\N	\N	Dayton Mitchell	myron.kihn@hotmail.com	$2a$10$IeuILDRgcod7mAf3bCmrR.XFzjAXeAr3/Q3JVe/UD8AE5SbeUe.gW	SA	12197731866	6288572121	0
751	2022-10-30 19:22:50.233451	2022-10-30 19:22:50.233451	\N	\N	Ulices O"Hara	auer@sgz.biz	$2a$10$HXJrSQKei6U/DW.3OcTU5OoHA161PbsxOln5Fm2B6waJchQ9huqjC	V	69773009896	3347585728	0
752	2022-10-30 19:22:50.377693	2022-10-30 19:22:50.377693	\N	\N	Anibal Stracke	bayer.kaylie@yahoo.com	$2a$10$dpDTpM8vraWpNYksIKgHbucNO2xWjf55a2KsGbCgn9dWSW9qo8G8O	D	20371836178	2188485360	0
753	2022-10-30 19:22:50.537859	2022-10-30 19:22:50.537859	\N	\N	Brionna Jast	ericka@fzl.com	$2a$10$OzHTD7ueExiH0GQ/YMUtb.M8iJx2kI8u5SZ4oRlJtvebLOAwlWVGy	D	68085977165	7499873859	0
754	2022-10-30 19:22:50.660763	2022-10-30 19:22:50.660763	\N	\N	Mariano Lakin	arno@hotmail.com	$2a$10$1zR/8UNi2B0Wuq5fTSJdt.r7V4HWorhi0x/wqnlGl40UsmLNfdeXG	D	77129821209	1813661995	0
755	2022-10-30 19:22:50.797845	2022-10-30 19:22:50.797845	\N	\N	Ms. Misty Boyle DDS	dejon@wdb.com	$2a$10$GzSQl876iqBM2.ooU5FQHuDaG1Gc3htnRLlil/ox3dEXR2uTtgu4u	SA	70030877091	8341256488	0
756	2022-10-30 19:22:50.910501	2022-10-30 19:22:50.910501	\N	\N	Ms. Mireille Fisher V	schuster@yahoo.com	$2a$10$gXazddczX/X8ZnpPlxg2BODVpRmfEAuam8G6H6RN1ynXVhUAPs0wu	D	45155642161	3984541721	0
757	2022-10-30 19:22:51.017488	2022-10-30 19:22:51.017488	\N	\N	Eulah Dickens	lucy.rippin@gmail.com	$2a$10$BMOG7aDFvVdt0HWsSxnXiuxQyQg1/O9ntaw4ss9Zo7BTGmsGr07Wm	DA	71882757431	7511530652	0
758	2022-10-30 19:22:51.171435	2022-10-30 19:22:51.171435	\N	\N	Luisa Hoeger	dubuque@agt.info	$2a$10$Vb8SGd72i9zoPCiLYV5Fm.WSf2Ny/MNRzizISsLqD2FguqO2hf7My	VA	80666434139	4015147213	0
759	2022-10-30 19:22:51.283584	2022-10-30 19:22:51.283584	\N	\N	Ms. Lulu Kiehn IV	hauck.aurelie@hkm.biz	$2a$10$hLZ0TjiCYllApTCKTyjVD.3UkFvAb07saRKXONCLOOrSd9oQexT.a	D	58520314682	9482420389	0
760	2022-10-30 19:22:51.380435	2022-10-30 19:22:51.380435	\N	\N	Ms. Katherine Torphy	huel@mra.org	$2a$10$v9j87H81m2tohHL8Gu.38.Isa6.0xr4inooIGF19vV0sU1MGlRZ7O	VA	11013534674	9440624131	0
761	2022-10-30 19:22:51.488885	2022-10-30 19:22:51.488885	\N	\N	Ms. Trudie Cartwright II	kris.aisha@gmail.com	$2a$10$vJ31WrtRqLIroKyVFOhf9OWgfPAhdujYXzhwj9fOo5nwnQghosmdW	V	99619522942	8523266587	0
762	2022-10-30 19:22:51.645954	2022-10-30 19:22:51.645954	\N	\N	Emil Fadel	towne.desmond@hotmail.com	$2a$10$V0wzjC3TiFt7fzfqSRXar.G4.lTra8nF8E.rIyGrddWVOQw6GqE8i	BA	27051660346	4396073186	0
763	2022-10-30 19:22:51.758566	2022-10-30 19:22:51.758566	\N	\N	Mr. Parker Ernser Sr.	mitchell@zwn.org	$2a$10$bvHQa3pWgz.6qF51yHoKU.tEBBPeOBNE693/quZ7fmQlnuYELXJEW	B	88561859898	8086977799	0
764	2022-10-30 19:22:51.8688	2022-10-30 19:22:51.8688	\N	\N	Rosanna Ernser	conroy.linwood@hotmail.com	$2a$10$tVc00pPMbAaxyHy3LMJtT.QBy9x1JLS3h5m.1RSb44ASmyzSEDxau	D	78251197042	5079059083	0
765	2022-10-30 19:22:51.965357	2022-10-30 19:22:51.965357	\N	\N	Sheila Tromp	raquel.altenwerth@hotmail.com	$2a$10$q4w7nHg36Mfw7ovSBmqmZu7r5TvGtKyrruR9txhxM9R/etc.c58hi	V	86254284738	5426468729	0
766	2022-10-30 19:22:52.116844	2022-10-30 19:22:52.116844	\N	\N	John Hane III	samantha@tkg.info	$2a$10$O50B5aT4Wgk3ND/aaV/LLOkJJSAas1qxQwwQANOLP4.7Z2qTwRlqG	V	44112735293	7554963289	0
767	2022-10-30 19:22:52.228951	2022-10-30 19:22:52.228951	\N	\N	Libbie Hodkiewicz	bashirian@hotmail.com	$2a$10$JWKfvj9znwYKbfE7z63HTO5PvTE7rNEYT7z1HaHYF86XrZsC1tFZG	D	23580499082	4963891588	0
768	2022-10-30 19:22:52.364041	2022-10-30 19:22:52.364041	\N	\N	Emilia Jenkins	hortense@xjo.com	$2a$10$97dyAPL24VXny1csWlnpIO4ztU7ey6saKQ0.GvWfAKkXuCci6Iv7q	B	74861420052	1951340466	0
769	2022-10-30 19:22:52.496458	2022-10-30 19:22:52.496458	\N	\N	Mr. Travis Kihn PhD	bertha.carter@gmail.com	$2a$10$xoezNi8252nkrESC06Fn6ewuqJrj3qOqJwYzplTkbNnpCbCxYmyja	D	81222541883	1462466801	0
770	2022-10-30 19:22:52.609586	2022-10-30 19:22:52.609586	\N	\N	Yessenia Jakubowski	ziemann.jaren@szu.info	$2a$10$3qpPiraD5bHnwZbkHIeFceFnzygqotjnYwo62puDBlP0RMFDhZ8Da	DA	63491756809	3902198586	0
771	2022-10-30 19:22:52.728583	2022-10-30 19:22:52.728583	\N	\N	Agnes Renner	schowalter@qyy.com	$2a$10$eVZUaBa/vcNXQO4/TT7AQ.2iGPFCTVDQvzQ8/4Hng6J8qW62kjImS	D	42648138799	8117027508	0
772	2022-10-30 19:22:52.842664	2022-10-30 19:22:52.842664	\N	\N	Ricky Cremin	buckridge@zyb.com	$2a$10$9/TG2MT6cVMVFgfQPqPDM.pfdFXZfIhq4f2/zSK8bXwn7X1Gypf6K	V	42229121852	2306193917	0
773	2022-10-30 19:22:52.950345	2022-10-30 19:22:52.950345	\N	\N	Kelley Kunde	emery@yahoo.com	$2a$10$Yo2hzHGgKp6tojG30pbFyO1Lt.OIryc0q6z4.Yhwy9FYn2tkEm5.K	D	90011796040	8178577054	0
774	2022-10-30 19:22:53.072667	2022-10-30 19:22:53.072667	\N	\N	Maya Homenick III	steuber@yahoo.com	$2a$10$nCAmbtZ1tWRIkBj2fff/mu6IXNDaPpOM5bOaysINSQ28oxrROLCqC	D	15657574910	3216982899	0
775	2022-10-30 19:22:53.229655	2022-10-30 19:22:53.229655	\N	\N	Stevie Bechtelar	sammy@clq.com	$2a$10$NCh7Eexp0lNe4PWSiV.1C.wffImyqyW10QdDCc3aZ7kZydH0tehNm	SA	97542341695	4506783461	0
776	2022-10-30 19:22:53.354754	2022-10-30 19:22:53.354754	\N	\N	Marge Kozey II	breanna@gmail.com	$2a$10$ixVHLM56h0SUXhwvKxduUeCoBKfRTtQwpu.T.fDgIu330nzXYSTG.	DA	64807437391	1749184678	0
777	2022-10-30 19:22:53.500073	2022-10-30 19:22:53.500073	\N	\N	Mr. Gregg Wisozk	cesar.wuckert@gmail.com	$2a$10$SUtqmxMXJQuGctY73FTPNO6HxyzAWjy6RB0mMLkwcFU3RawM/aXnK	VA	43802089862	3101296026	0
778	2022-10-30 19:22:53.631378	2022-10-30 19:22:53.631378	\N	\N	Rosalyn Osinski	shea@ede.com	$2a$10$ChzIiDAQPhaOBAOcgKRh9ewHQJ9KuCeSbJKeDCnnhTjAViZdoCr/S	SA	93517746847	1996441762	0
779	2022-10-30 19:22:53.772172	2022-10-30 19:22:53.772172	\N	\N	Maryam Treutel	alysha.daugherty@gmail.com	$2a$10$MCudhaBqKcuiaZGZjsE86evBwL0fVtNN2dcXlGq0SOE8TnmnF929a	V	45103684755	2612179096	0
780	2022-10-30 19:22:53.908031	2022-10-30 19:22:53.908031	\N	\N	Christelle Daniel	jenifer@gmail.com	$2a$10$/ixCMekNzpA3clmcXD94mO.JCFyUGnG8Qw.z.HkHn/sEIhAuLAdy2	SA	42443176059	2763215476	0
781	2022-10-30 19:22:54.062218	2022-10-30 19:22:54.062218	\N	\N	Annamarie Rau	anderson.marielle@hotmail.com	$2a$10$nWEq2s78lHGiK..vadPTreOfCjmobBIZUwWANNcoiap4cFs9eKwg6	SA	28473191056	6522486524	0
782	2022-10-30 19:22:54.178077	2022-10-30 19:22:54.178077	\N	\N	Obie Wiza	kutch.jordi@zfo.com	$2a$10$ju6L0vVw86DoxWuC3rp54uat5W4mG.upMoMRh4.3vOu45uNg8M.my	V	76559070666	2716225505	0
783	2022-10-30 19:22:54.302194	2022-10-30 19:22:54.302194	\N	\N	Mr. Jermey Schoen	kuhic.shayna@gmail.com	$2a$10$iV0nKgQi6rYGXozvAHz.xOuTeqmA3IA0Ng0rRMnlsm9ldgVr.uyV2	D	51051300524	8771399811	0
784	2022-10-30 19:22:54.452675	2022-10-30 19:22:54.452675	\N	\N	Ms. Elvera Tillman	harvey@lty.net	$2a$10$oooehkEfrcS6/mrHbUv/M.v5fd5cbf1NHCwBCblyKD3h/6gX0VnXy	V	88348622382	3932188642	0
785	2022-10-30 19:22:54.57792	2022-10-30 19:22:54.57792	\N	\N	Esther Dibbert	candida.king@cga.com	$2a$10$FQ1GuD1fC20pt1i7nnNkSOUI1Nyy9LnUrF3fMJcorWjquPDJt3pjK	SA	34178462693	6911987299	0
786	2022-10-30 19:22:54.696258	2022-10-30 19:22:54.696258	\N	\N	Rowland Koepp	ryan@lxu.org	$2a$10$uA.W7/BNEP5xl5XCnMqBuu.bQ0b6o/NT6AJfs9VHWO18IOBt5GJgS	SA	11582984172	5592381235	0
787	2022-10-30 19:22:54.808356	2022-10-30 19:22:54.808356	\N	\N	Noble Bahringer I	schroeder@hotmail.com	$2a$10$6hJeY5CZ5NTGfbpuTKMHK.xcdjGJDb5aHSjkVktvE4r1c.XUw5Ige	BA	61031809251	7004694139	0
788	2022-10-30 19:22:54.955819	2022-10-30 19:22:54.955819	\N	\N	Rosalinda Cormier	margaret.rice@iez.org	$2a$10$jltAUsg1MlwypamQ.Kdj/uoCpf7Di1/mw59f0fc9rJov/VMKYAdTu	D	89504222375	1819898342	0
789	2022-10-30 19:22:55.080011	2022-10-30 19:22:55.080011	\N	\N	Mr. Adelbert Steuber IV	elissa@ltp.com	$2a$10$STwCt2T.Qviv35I.K2.77OGX5tcdIvv0TPeWSzEkhWvkEoL5fZYby	SA	88726495652	7368640171	0
790	2022-10-30 19:22:55.198834	2022-10-30 19:22:55.198834	\N	\N	Mr. Reymundo Gaylord	hailey@jil.org	$2a$10$UObGy3S2.NLgOuYtw29kP.XCFuxL9ZY.kAb6xGE87Fn9Pg.Ysg8wG	V	84758353310	5374088269	0
791	2022-10-30 19:22:55.305453	2022-10-30 19:22:55.305453	\N	\N	Marcelle Hayes	schmidt.cindy@hotmail.com	$2a$10$DumjW/srLMwul3zH.uKKD.06JhdqJSsPza1fQVDjZnheTERJ3Olha	B	84020839231	5001015545	0
792	2022-10-30 19:22:55.443218	2022-10-30 19:22:55.443218	\N	\N	Heloise Leffler	ernser@gmail.com	$2a$10$dZdCmequJeux8ojt7fKWHO45NxS3Oy.j672M7QfqvRnmbAw6toHRu	SA	10587288958	4196853167	0
793	2022-10-30 19:22:55.542899	2022-10-30 19:22:55.542899	\N	\N	Kraig Greenholt IV	giovani.king@fuf.com	$2a$10$oCz.XiwgjW5Q.CctXmSDJ.4.B4AYUlplhGgL6KVY2lo/9dHVBmzyC	B	62741027442	1239197158	0
794	2022-10-30 19:22:55.655003	2022-10-30 19:22:55.655003	\N	\N	Ms. Helene Steuber DDS	o_kon.joe@gmail.com	$2a$10$LnIp3.pgxGskUo7KE35JGe7DZqExYHQclHp6gK4INTvX.BvFAnHei	BA	94861100373	7909975551	0
795	2022-10-30 19:22:55.78619	2022-10-30 19:22:55.78619	\N	\N	Ms. Zola Herman III	zemlak.demetris@fif.com	$2a$10$uVH7hHSoADxMtiWccedPZ.MzRSF.jhcbVkWbxquHYKRNbSuiXMV7W	VA	34990479173	2915832737	0
796	2022-10-30 19:22:55.911962	2022-10-30 19:22:55.911962	\N	\N	Mr. Ansley Cole MD	garrett@yahoo.com	$2a$10$aBcaQbJke54tqrXYUoTwfuWmUxJsTfl8WciKJ3L3w717QO9KeVN26	VA	80574749992	4657435917	0
797	2022-10-30 19:22:56.086471	2022-10-30 19:22:56.086471	\N	\N	Brian O"Conner	mayer.clara@gmail.com	$2a$10$QS3AECBmGoPuhAmjmLr5RubmyO3KQCnf/W0.ZtigZ0zEJRvRvVJ56	VA	88232813227	8228332296	0
798	2022-10-30 19:22:56.204006	2022-10-30 19:22:56.204006	\N	\N	Sydney Langosh	kaylee@yahoo.com	$2a$10$J47ucH7Msx3Nzr7sj47Ueut7H9s9yEHRgnJJzxji895X.HAxxVEBC	BA	39988884526	1029336990	0
799	2022-10-30 19:22:56.320278	2022-10-30 19:22:56.320278	\N	\N	Mr. Ron Eichmann DVM	keebler@elj.biz	$2a$10$OXJ6rHetcirk604.Z82ZFOraWvH8d6S.whY3jDLwwvvJKIT4KBPPa	D	52704996778	5934786686	0
800	2022-10-30 19:22:56.434736	2022-10-30 19:22:56.434736	\N	\N	Dominique Lesch	antonette.tillman@smc.com	$2a$10$3JdrAlrxf545NLE8AbEg4u3zq9OJ3pPYAs7mtySAvLCYtJuJ/TMTy	D	26043281501	2781606299	0
801	2022-10-30 19:22:56.546004	2022-10-30 19:22:56.546004	\N	\N	Ilene Wilkinson DVM	fay@hotmail.com	$2a$10$VEcJY39zJjhaUdziZxB3gOE4rj1.uc/oyyNW0tgLEAldTUP4.zF4O	B	81795916707	9092464735	0
802	2022-10-30 19:22:56.666166	2022-10-30 19:22:56.666166	\N	\N	Ms. Felicita Douglas	kiehn@gmail.com	$2a$10$BlBz4WkCw.dgekNNkXM/te4go7HZGVXe4l7ar1rVXXkfdAgIyD10m	BA	83507224675	7118463948	0
803	2022-10-30 19:22:56.773095	2022-10-30 19:22:56.773095	\N	\N	Mr. Curtis Kshlerin	will@qwn.com	$2a$10$tAPySivffYSHrLNFqAF2IuWcbiX6efJOz68NTyOYdmpo/xazwaA4.	BA	56991670913	9110698345	0
804	2022-10-30 19:22:56.889498	2022-10-30 19:22:56.889498	\N	\N	Neha Kemmer	bernier@nlg.com	$2a$10$PlAw/35FBrdUNXzOVOEKVe07fal61UXR0OjK6PGOMYcJisHASHEni	VA	33079127643	7879021291	0
805	2022-10-30 19:22:57.018903	2022-10-30 19:22:57.018903	\N	\N	Blanche Homenick	considine.cristal@kqf.info	$2a$10$mZqmdZmERWf/UdfO6vMYvOtbQtwMXPpGD4nvwpDGLCxMbncM9/JIu	DA	96541252128	8206057999	0
806	2022-10-30 19:22:57.137311	2022-10-30 19:22:57.137311	\N	\N	Daisy White	welch@ctr.com	$2a$10$GW7wsCcEKEoaxwWbLccqZeVk9u5kKKVClawaprkqNR0.3cgGZyxZm	BA	29916525698	8812195099	0
807	2022-10-30 19:22:57.250785	2022-10-30 19:22:57.250785	\N	\N	Lavon Spinka	tad.kuhic@gbs.com	$2a$10$hqnXoretlbkvzsOQeIMLQeYOA39yPWq1nJePsEPfQTaiklVZsDaOG	DA	34811262166	9907770856	0
808	2022-10-30 19:22:57.382124	2022-10-30 19:22:57.382124	\N	\N	Maida Donnelly	raynor@yahoo.com	$2a$10$kEuAtPLYOedcyyAbsMWcxuEovNDcw7ZqGn/KRJoE1DC4NuN8ta6Ey	V	68092763515	6761799160	0
809	2022-10-30 19:22:57.493667	2022-10-30 19:22:57.493667	\N	\N	Mikayla Bergstrom	kraig@tcg.com	$2a$10$xiuEXV4fA/kHsseMcHM2FeigjyTWc5mS02kPuRwbtT1hhiy/qQh/.	V	61954200499	9070934557	0
810	2022-10-30 19:22:57.626481	2022-10-30 19:22:57.626481	\N	\N	Alexane Hudson V	ocie.rogahn@yahoo.com	$2a$10$242Ig.ofrRBRVRxJpEsUauaelRbOGSor1AscIxAnw.pasctb/Diyi	D	79331664317	9274407413	0
811	2022-10-30 19:22:57.74384	2022-10-30 19:22:57.74384	\N	\N	Ms. Karli Welch	schultz.brooks@hotmail.com	$2a$10$DiZofuoPk3qPx4wxiByaL.V.pw5SzLz.DtkfFIcblkUawLSS3QHnO	DA	89694763446	6363511132	0
812	2022-10-30 19:22:57.86127	2022-10-30 19:22:57.86127	\N	\N	Alivia Glover MD	considine@yahoo.com	$2a$10$39GFCTet816vggQGBbRZQOVdHpKpR68HzcAcQO9G/kDlaIms7Y1bi	SA	65705239905	3123973055	0
813	2022-10-30 19:22:57.966391	2022-10-30 19:22:57.966391	\N	\N	Erick Spencer	reagan@yahoo.com	$2a$10$k3UFKgNCeEdy0PS3J2D./eE.nuz.77jOMm3v3xIiLNBCA7DgMs4ay	BA	99046547061	9319900590	0
814	2022-10-30 19:22:58.125256	2022-10-30 19:22:58.125256	\N	\N	Mr. Stuart Monahan MD	sandrine@hotmail.com	$2a$10$Ze9CzQAPznqVte84SHu9NeUkrm5DDRirVPRcg0iczed.cZ5XnU9NS	BA	66519797549	9889744068	0
815	2022-10-30 19:22:58.263995	2022-10-30 19:22:58.263995	\N	\N	Ms. Petra Prohaska	dooley@yahoo.com	$2a$10$Qr2MhacW2pC7NS5OMFocXe7yoyfTM/u1pQ48YFEBiob03mB94MMBS	DA	78559646937	2395810004	0
816	2022-10-30 19:22:58.381247	2022-10-30 19:22:58.381247	\N	\N	Ms. Karli Kling	lemke@abx.com	$2a$10$JsO8NxRPXZWKMjptfNuet.OinalEa4SxaGtE1noLui5VabyIUdcJW	D	18443103462	8797121841	0
817	2022-10-30 19:22:58.489509	2022-10-30 19:22:58.489509	\N	\N	Nella Johns	emilia.homenick@hotmail.com	$2a$10$MYhcAXnQVWx.2joKR22K5u8gqQ0f6ow5.ZU4gyuDjzgXzGLFZLszu	DA	76432375467	4588439570	0
818	2022-10-30 19:22:58.610343	2022-10-30 19:22:58.610343	\N	\N	Grover Prohaska	heather.marquardt@ncw.org	$2a$10$7aPtXDrllePvQzuwgrpF1eiHLqcqHQnQRv7Bej3U35CvoCXEvn466	B	52050686258	1578354809	0
819	2022-10-30 19:22:58.74982	2022-10-30 19:22:58.74982	\N	\N	Ms. Novella Kreiger I	felicita@hotmail.com	$2a$10$FOqAYYbCZpk7PDZiLOZjWerIs3hKVR4q4JhECatspuJ5.Z6RXALlu	B	10376454325	2952218548	0
820	2022-10-30 19:22:58.8607	2022-10-30 19:22:58.8607	\N	\N	Berneice Hegmann III	larson@gmail.com	$2a$10$oRawC7YEk80U0YsZ1Uo.D.V9lDNkUzmB/Jb3s5ASAfmfEzNcxwfZ2	SA	43385657828	2033542739	0
821	2022-10-30 19:22:59.004648	2022-10-30 19:22:59.004648	\N	\N	Ms. Rose Parisian	hills@udg.com	$2a$10$X6MHN7gy/Q/aMkPsyF9UC.WVrYtS15QSQ9Hpgwkb19QO0kq8OmY2O	VA	58372114862	1864693803	0
822	2022-10-30 19:22:59.121862	2022-10-30 19:22:59.121862	\N	\N	Katlyn Prosacco	hoeger@zih.org	$2a$10$dp/4UL0WTywhhgmbdM5uBOTxx2lhiaAZ2Y0HJcO2GC5qASCSSiw4i	V	71660885751	1103271764	0
823	2022-10-30 19:22:59.299961	2022-10-30 19:22:59.299961	\N	\N	Ms. Rebeca O"Connell	prohaska@hotmail.com	$2a$10$2B.FdHEOkW9NLrvqVx09yOyziUbIkg9XKq3.0t1JW5zsrI0Ooy.sy	V	79760013236	1759112145	0
824	2022-10-30 19:22:59.414587	2022-10-30 19:22:59.414587	\N	\N	Kiana Jacobi Sr.	koss.abigayle@zpn.com	$2a$10$xEWZiAOIZk8Wo3nG54LijeFkIhngTNYoyY25Lcp9Bax0DSWRMbbzO	DA	83606702447	7691334461	0
825	2022-10-30 19:22:59.544748	2022-10-30 19:22:59.544748	\N	\N	Mr. Doyle Schinner	padberg.bernice@yahoo.com	$2a$10$nsHSqKuk0GafX1TC/aeKGewc7oIQQpG9SAsiQL80SHQp1qtwiHtge	DA	43932681871	6739836659	0
826	2022-10-30 19:22:59.694895	2022-10-30 19:22:59.694895	\N	\N	Chadrick Stamm	schamberger.arden@wfb.com	$2a$10$qPgxM25EoS8s6SRtAQGlx.aoA2CL2S7C8LzUjRodE0pdFV7/FW6xu	VA	89059064679	9650893885	0
827	2022-10-30 19:22:59.801871	2022-10-30 19:22:59.801871	\N	\N	Ms. Aurelie Ankunding PhD	una@wmn.com	$2a$10$SOpjEMS5x0ClRmlTNSSxZedvgWG3Zxc6ufS4vPsT3TA2rcJKUgP3e	V	77632505733	4972031965	0
828	2022-10-30 19:22:59.913066	2022-10-30 19:22:59.913066	\N	\N	Mr. Julius Friesen	dach@fci.com	$2a$10$RMe6/kyoTx8DbKY.wl1utOPir20RelMHtiFKIt/xAqumRX41nYZMC	D	15824517333	3532553755	0
829	2022-10-30 19:23:00.049813	2022-10-30 19:23:00.049813	\N	\N	Mr. Thurman Spencer Jr.	jessica@exs.net	$2a$10$YCVfcr20JO5jKZ3ZSy.2ge.vtRXcQNqRnYctVQ74b4D3UBXOyVOi.	BA	99938342553	1579190732	0
830	2022-10-30 19:23:00.19914	2022-10-30 19:23:00.19914	\N	\N	Gerardo Bailey	rohan@yahoo.com	$2a$10$TskNhEc7s8aqgsQxHS6bU.XXveKRKpAWr0Z0fLcnZZb26QgMKjL3W	B	98240509859	6468796762	0
831	2022-10-30 19:23:00.344684	2022-10-30 19:23:00.344684	\N	\N	Muriel Altenwerth	giovani@ezy.com	$2a$10$jea1m6xhmR6XnbNIS.UekeMHA.ODiNmwmrsTKlOrS1B7qBHlMHJxe	DA	52532235938	9044809913	0
832	2022-10-30 19:23:00.449151	2022-10-30 19:23:00.449151	\N	\N	Elza Stamm	pfannerstill@jnw.com	$2a$10$NVrH.mDFzd4HmWM5Fe/IX.RsheTwAQ2Os5JtKtPuW6rxq39irCIi.	VA	29976370780	3485491927	0
833	2022-10-30 19:23:00.603614	2022-10-30 19:23:00.603614	\N	\N	Russ Von	eugenia.thiel@yahoo.com	$2a$10$3QEeMli51jP0csY41HdeC.5EWiwfNBEcbaVZB9ObZkhClNAvDItQS	DA	95428537954	7247574159	0
834	2022-10-30 19:23:00.743825	2022-10-30 19:23:00.743825	\N	\N	Ms. Catalina Botsford III	lacey.boyle@gmail.com	$2a$10$fViD7zO9CQg8doyZRuB4XuoOIWihKcgej3lV4LW7ACta0Ga5JN0kq	B	41501275755	7958634420	0
835	2022-10-30 19:23:00.865583	2022-10-30 19:23:00.865583	\N	\N	Jennings Wiza	caleigh@gmail.com	$2a$10$GawaKXqxIDkcRSRDllcSAecNtkiQgluEEOATLGklJOtwf6u1k3.0q	B	60096601572	3093626025	0
836	2022-10-30 19:23:00.979719	2022-10-30 19:23:00.979719	\N	\N	Declan Rolfson Jr.	bayer@hotmail.com	$2a$10$LOdY0DIsfBtOijgBRRey/uknQIcgCI.HZrVprdzaqSAAkTGq3.WRW	B	39179567596	5053368503	0
837	2022-10-30 19:23:01.098048	2022-10-30 19:23:01.098048	\N	\N	Oleta Abernathy II	rutherford.riley@yahoo.com	$2a$10$NJ0uOS11K1XdODJjbMRFPOeDaQ4x/iDP3IlwlZX/WsY8fWvklfixK	B	71293667293	5647770738	0
838	2022-10-30 19:23:01.214346	2022-10-30 19:23:01.214346	\N	\N	Summer Wintheiser III	jerod.hudson@red.net	$2a$10$S/2m.OQcSADz4FoZikuYc.aubCPb4FeeI25qeNWY3kpRgQz6qxiI2	V	84973863174	5128810057	0
839	2022-10-30 19:23:01.321822	2022-10-30 19:23:01.321822	\N	\N	Paul Green PhD	dietrich@atm.info	$2a$10$FKUxsaGtFgEC0BG1UpQsjuTeygdjZrowZhJonueWzSOtMKSBLU.5u	B	63163760717	8697566632	0
840	2022-10-30 19:23:01.437931	2022-10-30 19:23:01.437931	\N	\N	Ms. Roselyn Farrell I	jairo@xuy.com	$2a$10$6WUSch8MmdKj7L0CpKTkFu6Wk/lypGqs4QJu2DTQ3TcJ3bay/gkNm	B	95176472134	6410844911	0
841	2022-10-30 19:23:01.570212	2022-10-30 19:23:01.570212	\N	\N	Percy Hand	kyler@gmail.com	$2a$10$z6WoaDNUndi/v7vts2LoQume7lH5MZjmWbmi.m9M57iV4veGRfLJK	D	55677784167	9007783048	0
842	2022-10-30 19:23:01.680857	2022-10-30 19:23:01.680857	\N	\N	Ms. Jazlyn Mertz IV	hammes@noj.org	$2a$10$SnCpgzXgIoUysyNMSeo2uO6ZDHjniZiqunEjMKzra5StrbjyNGwG.	DA	51128246701	1361308119	0
843	2022-10-30 19:23:01.775912	2022-10-30 19:23:01.775912	\N	\N	Mr. Hilario Crist	west.koby@yahoo.com	$2a$10$ldqItAtUTt3c0cEEaGpOLulD.66xYGphxXigbDVDTGS8jOiXJR/vC	B	38141861042	3619184369	0
844	2022-10-30 19:23:01.882598	2022-10-30 19:23:01.882598	\N	\N	Celia Bradtke	murphy@sbd.info	$2a$10$S21puhWOMZ/ETtTsf090sux1ya/VU9OMmLu2e9NGHcNFGSwkfDP8C	VA	10288375737	7624017868	0
845	2022-10-30 19:23:02.001411	2022-10-30 19:23:02.001411	\N	\N	Aletha Jacobi	stracke.albertha@gmail.com	$2a$10$sQl0Nl2vosYahZBeHq4.iOd.x3aKVGQF/ijkayBem50Pe5VCKFbXe	BA	71059573186	6349944851	0
846	2022-10-30 19:23:02.106673	2022-10-30 19:23:02.106673	\N	\N	Birdie Rempel	runte.randal@gmail.com	$2a$10$oQnSv8gnxq4wkwVeiZFmAO6cCDo4GZloNlgrmZPzN7a8nJyD5FGp.	VA	50012399061	5540613944	0
847	2022-10-30 19:23:02.216529	2022-10-30 19:23:02.216529	\N	\N	Hoyt Oberbrunner	troy.marquardt@gmail.com	$2a$10$59bU.pFMNzQ8Lhc8vl0f0eVChCaJRvHLFGOv9WkXyRJ7sY/D6STaW	SA	61927685494	5180164650	0
848	2022-10-30 19:23:02.322296	2022-10-30 19:23:02.322296	\N	\N	Rickey Douglas	stuart.sanford@gmail.com	$2a$10$hkEkSAiR687HGxHibXtobuB7QmJ5ahu/KjqXEq7G2Wws6Ypzmbbce	BA	59604429350	1068751871	0
849	2022-10-30 19:23:02.438521	2022-10-30 19:23:02.438521	\N	\N	Waino Koss	stark.delta@hotmail.com	$2a$10$Ft3Z6S90GufnChdGmH7KxeFiajEkqjC7wQp8QrVvwcPFvyn6/q5Wm	B	36414547785	3282310292	0
850	2022-10-30 19:23:02.581736	2022-10-30 19:23:02.581736	\N	\N	Heath Wiegand	brigitte@ymi.net	$2a$10$.vizd4n1yTrbXQEGxLu2hOOLGm88qpgVfPdnPql6OMI6JFIE0Hzx.	VA	56492745926	6067421787	0
851	2022-10-30 19:23:02.719661	2022-10-30 19:23:02.719661	\N	\N	Timothy Davis	leora.hansen@hotmail.com	$2a$10$ni90EdLGllTuDR4T./4HkORMhwT73HT78m/y3H1cM5d5GUM0GMtt2	DA	75639836398	4441626309	0
852	2022-10-30 19:23:02.83687	2022-10-30 19:23:02.83687	\N	\N	Ms. Myrna Harris	fisher.august@hotmail.com	$2a$10$cwp4qxYRECh.POqwDNelDug.x1xzI6fUePUD./6wMDqBMTh43v5me	V	58162460209	5461741775	0
853	2022-10-30 19:23:02.952052	2022-10-30 19:23:02.952052	\N	\N	Ms. Cynthia Becker	montana@clq.net	$2a$10$FmrLSRt50YufVdWUtkE3OeVeu1jFsfLCkuMx24LUAwqXMMraoneTa	D	69864438562	5233659925	0
854	2022-10-30 19:23:03.081857	2022-10-30 19:23:03.081857	\N	\N	Ms. Leda Berge MD	gislason.dave@psc.net	$2a$10$VHRkzxpxAPx3PcRRFBjjB.sPIdWmPKAsGZsbv8AizHbde1PJBjC76	DA	88406859832	3099440445	0
855	2022-10-30 19:23:03.192455	2022-10-30 19:23:03.192455	\N	\N	Ms. Eloise Daugherty MD	renner@wgu.biz	$2a$10$mnH.SOEGmjG/a7rTQJIfou5D4HGZKtZRsbl2CBgx247RQ3ot6L.g6	V	12179070539	3747802090	0
856	2022-10-30 19:23:03.307002	2022-10-30 19:23:03.307002	\N	\N	Orrin Upton III	bergnaum.mya@gxo.biz	$2a$10$SvYV0OgoUc80SIQAN6xEi.wzSQ54lx9.W0G.U3cY/ASgZCWyMZUGa	VA	65664956947	8041632677	0
857	2022-10-30 19:23:03.450281	2022-10-30 19:23:03.450281	\N	\N	Vernon Larson	boyle.madonna@hotmail.com	$2a$10$eUu5y0S/0kUbZyTbykhqO.QVC9x64DeIfDYSQvnp9btn.OSnd/oES	BA	23323647011	6015258881	0
858	2022-10-30 19:23:03.568644	2022-10-30 19:23:03.568644	\N	\N	Gay Collins	zetta@kyl.biz	$2a$10$1O8aVm3qgm5HUiHFk7kf1.Vwr5IoYp/bOSkss7ippzh1/N6VKh3uu	B	83502315251	3500399273	0
859	2022-10-30 19:23:03.668389	2022-10-30 19:23:03.668389	\N	\N	Mr. Ansel Tillman	baumbach.chasity@yahoo.com	$2a$10$JNWuLpJwUKz4Q6pngQ59V.lueX6KTAZIfqRjlRraAY9ClPQXUGqrG	D	78781040618	6062660949	0
860	2022-10-30 19:23:03.800605	2022-10-30 19:23:03.800605	\N	\N	Katheryn Towne	hettinger.wyman@nuf.com	$2a$10$xrN9vLElZsLgD.DXroTboONOiS05GvYnJ25Rf2qGDOXkNTaQMg3si	DA	14762401411	5250929766	0
861	2022-10-30 19:23:03.912555	2022-10-30 19:23:03.912555	\N	\N	Pietro Lindgren	price.nia@yahoo.com	$2a$10$j0DBskLNHSrov9Wd/pK5geCxMEbTpDVflDnLqo12WSb.2ONpQLDoq	D	21705336635	5445380676	0
862	2022-10-30 19:23:04.021301	2022-10-30 19:23:04.021301	\N	\N	Mr. Clint Kuphal PhD	glenda.mcglynn@xlw.com	$2a$10$2PL.PE8PuGHI7njBMmrOkepjsxkZC/5Z8T/N04DQ5zl1wZsv2UIo.	V	99661855898	5117951231	0
863	2022-10-30 19:23:04.131636	2022-10-30 19:23:04.131636	\N	\N	Concepcion Jenkins	kohler@qcn.com	$2a$10$PPMRy8eU7J1zolydYTm2JuH6p0VuEUUo7eH2fVZs1.e0p9SgVLuey	B	77727313909	8546270784	0
864	2022-10-30 19:23:04.293661	2022-10-30 19:23:04.293661	\N	\N	Gudrun Heathcote	bernita.mueller@hso.com	$2a$10$PAW4hNslSjxl/fqCfwA/I.sbk.VqEBnnLgQyqppptMrEelEgqt9ke	BA	19335469547	3011973778	0
865	2022-10-30 19:23:04.40586	2022-10-30 19:23:04.40586	\N	\N	Loma Kautzer	karolann.effertz@jts.biz	$2a$10$xNPb2fYfxJkOYGM8XC0Gi.tbzvSNFS/BltQIgWGNfFAHz27x.8JTu	B	77955120622	1121616228	0
866	2022-10-30 19:23:04.503447	2022-10-30 19:23:04.503447	\N	\N	Mr. Florian Orn	mann.junior@gmail.com	$2a$10$3ZvbYnCnwYN.TBLRDNvnT.WRnIBAasrGpCYXhj4eDAsCbcu8JRQZO	BA	51517899645	4063842780	0
867	2022-10-30 19:23:04.618854	2022-10-30 19:23:04.618854	\N	\N	Dorris Robel	walsh.skyla@aea.com	$2a$10$whn/kfL5K23xDTaAlz.aVOSsmiUHQIrJE5DlUusEI3MFFoqCeLkk2	DA	46113751255	7621043721	0
868	2022-10-30 19:23:04.781702	2022-10-30 19:23:04.781702	\N	\N	Mr. Myron Robel	muller.jolie@hotmail.com	$2a$10$tDwsSJjb5YoyGhPCAIBncOWXSSfydNQiGIWPy6/we0XdoF2Id4ZZy	DA	59156974566	4751255573	0
869	2022-10-30 19:23:04.932462	2022-10-30 19:23:04.932462	\N	\N	Mohammed Altenwerth PhD	rowe.alex@gab.com	$2a$10$g.ykpxBZJ3RmkJDW7q3yguACXu49wjZ8XXIxyvIKOXy64VUR9epFK	DA	71138311129	9521294841	0
870	2022-10-30 19:23:05.048827	2022-10-30 19:23:05.048827	\N	\N	Hobart Ledner MD	brown.muller@mpj.biz	$2a$10$BtHNXIs4DomSTWOnFqySouaBJduKjojFU0EPJ08wd1cAHf5ofhS1S	V	85247274650	4636768602	0
871	2022-10-30 19:23:05.176052	2022-10-30 19:23:05.176052	\N	\N	Berniece Batz	nathaniel@wrj.biz	$2a$10$IwGpnokOqgW0yiFGSeNiyOiTdztD1qXBlZtVVCCHWFDlZFlmnxcpS	B	14775414451	3398420235	0
872	2022-10-30 19:23:05.288907	2022-10-30 19:23:05.288907	\N	\N	Marge Heller	boehm@gij.com	$2a$10$1WHQyoHiXrr32W3GHn8DJetwgJAGzPd/b/HjCjWWpDY4MbWPWhgQG	VA	41557139839	2647284201	0
873	2022-10-30 19:23:05.407029	2022-10-30 19:23:05.407029	\N	\N	Ms. Wanda Botsford II	spinka@yahoo.com	$2a$10$sYTVHfyyKl9V8DPhGNYHy.paiVZh3OY4pZ8YFJM0x2S/.Xzo1qBr6	SA	51853751513	6512542806	0
874	2022-10-30 19:23:05.555864	2022-10-30 19:23:05.555864	\N	\N	Kody Witting	mosciski@ths.com	$2a$10$tnCyiQrfItL5Y0Ji68VnLOMapxF7LooH94JFLpxoft7TrTTeGlR5G	SA	44151059997	6204361180	0
875	2022-10-30 19:23:05.671622	2022-10-30 19:23:05.671622	\N	\N	Christophe Mertz	ericka@gmail.com	$2a$10$7RBYquAorkkKl4B81uJum.AAEPlKbFpKx4xKB8DeIlHjGalorw1yK	BA	68002427056	5369105775	0
876	2022-10-30 19:23:05.843788	2022-10-30 19:23:05.843788	\N	\N	Billy Emard	virginia@cua.org	$2a$10$23mpPJRUZ90EATMiL5R.7ODcVk3gYvKLZXK2th7zpLI78A0xGRSqm	D	19537281546	7507701221	0
877	2022-10-30 19:23:05.952231	2022-10-30 19:23:05.952231	\N	\N	Guido Cartwright DDS	laverne.collins@yahoo.com	$2a$10$/yPu9fLMu3cEybOItYGe9eEgI/TbWhp9DDrgCmgomlMMQTbiy8pGW	VA	34094768549	7013790858	0
878	2022-10-30 19:23:06.056482	2022-10-30 19:23:06.056482	\N	\N	Cordelia Wisoky	rice@twr.com	$2a$10$eeUltllbx0CnHPnptPkLp.bnZgclGr4rz8OA/3if0YDGABqZ5rQ9q	DA	23823884272	3552403657	0
879	2022-10-30 19:23:06.168783	2022-10-30 19:23:06.168783	\N	\N	Mossie Kihn	becker.broderick@mzr.com	$2a$10$AVQ/odSPPWi/lXhaV1SsmOA3Z08Vlv8ALncI586r1FeaKsiBAzJIm	B	82302007292	6031114127	0
880	2022-10-30 19:23:06.275851	2022-10-30 19:23:06.275851	\N	\N	Ms. Cassie Ryan DDS	hannah.vandervort@ehm.biz	$2a$10$GquP7G3eveAqwgLehQzD1eKQc0.NkJ3XbHROQNqRCn1m/kmXZwnbS	V	31594055053	5455914927	0
881	2022-10-30 19:23:06.408198	2022-10-30 19:23:06.408198	\N	\N	Howard Torp	jones@csu.biz	$2a$10$hZVckRAzk4hzQcDEMjFAQ.//qVzl6BA8awfAudVT4xzZ7PFKBlJ9q	SA	25604264186	5260953575	0
882	2022-10-30 19:23:06.534858	2022-10-30 19:23:06.534858	\N	\N	Kennith Hickle	stanley.keebler@qvy.com	$2a$10$1Dn9KM5fp8195l/NcpMOOOxIcQ9nPF79CU5a7LZuTjkMvjKD/Va3K	D	76128927407	5380280906	0
883	2022-10-30 19:23:06.642738	2022-10-30 19:23:06.642738	\N	\N	Jarrell Armstrong	arne@guh.com	$2a$10$TuDgWxSoxA6D7ADItq./i.pHywQMYHBG21vgwO6qerwepvOCfE9tm	DA	82880629829	6907947129	0
884	2022-10-30 19:23:06.765959	2022-10-30 19:23:06.765959	\N	\N	Maybell Reinger II	cormier.dessie@fcc.com	$2a$10$b.ZOhhNJTCkORw910qhZXuOF7NYXMv102EWNx6j9rLh5t.qb/xnhG	V	37493581568	6788803706	0
885	2022-10-30 19:23:06.875658	2022-10-30 19:23:06.875658	\N	\N	Kristoffer Hoppe	milo.crist@vbc.com	$2a$10$tvlSZGZl06QJ8DMjtdf8Hu6DdaKoaEzPbHkvA1BpnEYeiUTrQLyJS	VA	40740463831	1435859929	0
886	2022-10-30 19:23:06.998684	2022-10-30 19:23:06.998684	\N	\N	Ford Morissette	marion.koss@hotmail.com	$2a$10$Dsvg7mOSxghbdviN7C2KguxuRJ2Xb.DgXoKdjwuJCbuOFY.srKDKa	VA	82987679964	9087481176	0
887	2022-10-30 19:23:07.109449	2022-10-30 19:23:07.109449	\N	\N	Joanny Kassulke	smitham.jared@fou.com	$2a$10$JVDJ4.bscatM6G7Ywg009.QkCJlg9vz9deoJw8f1Q8quyDXVbdXBq	D	78491047011	1392354622	0
888	2022-10-30 19:23:07.22034	2022-10-30 19:23:07.22034	\N	\N	Beaulah Kuphal I	alysa@hotmail.com	$2a$10$liYg7eEgTLzzPibs4Tf7ku/8j5Hmmv.juJCMEZ1.T5L3P.YHehwDW	VA	85338804552	9997341911	0
889	2022-10-30 19:23:07.353637	2022-10-30 19:23:07.353637	\N	\N	Deontae Schmeler PhD	elvera@hotmail.com	$2a$10$XNe7E.dRLMGgT5FBVhLIl.mF5e0qo38o7F0KwYYEc0ZKf3IFaNRmu	D	19505647778	5529014712	0
890	2022-10-30 19:23:07.470982	2022-10-30 19:23:07.470982	\N	\N	Doris Howe	okey@sds.info	$2a$10$08NncmpgjR2qrn10T8khKuQd37xAowcrU8.hHdVXjUOkS8nh5J6La	D	10638084077	5606832008	0
891	2022-10-30 19:23:07.627787	2022-10-30 19:23:07.627787	\N	\N	Jovani Gleichner	considine.leonie@noi.org	$2a$10$oH3S.FQp2dc.2uYuGWM2bO/d6ury1t75Lr2mWEH3HV5x1m0ggqamW	SA	47091946055	2728495690	0
892	2022-10-30 19:23:07.75318	2022-10-30 19:23:07.75318	\N	\N	Jazmyn Greenholt	hills@tvi.com	$2a$10$OolYbFoPUOPrAKaA2JDZ8uXdv5cryAsZg.PhyoP2THeL7FP9w47gu	V	87345824285	4034042101	0
893	2022-10-30 19:23:07.913347	2022-10-30 19:23:07.913347	\N	\N	Terrance Heidenreich II	cremin@hotmail.com	$2a$10$TbByFdhNfhqQDdh3dNgyNu5L0s1W.nXdQJJmmwBTvGzaZSNQNyVaS	V	23084247674	2011357861	0
894	2022-10-30 19:23:08.087186	2022-10-30 19:23:08.087186	\N	\N	Tom Schiller	dach.lavern@sib.com	$2a$10$I60XpaM3TbvnE7KwBED2JORkp9sbNNBoO6My1eZ.xPYpb.IiU3P0O	D	30952576732	2363264542	0
895	2022-10-30 19:23:08.249907	2022-10-30 19:23:08.249907	\N	\N	Kiarra Mueller	beth.nitzsche@wgn.com	$2a$10$hxcM/T3PAVEsSrDu1DnCPezZEnIKeAxTzw1KzrqKpjB9E4kRgvQZ6	VA	57316144264	9891244372	0
896	2022-10-30 19:23:08.367724	2022-10-30 19:23:08.367724	\N	\N	Waldo Collier III	sporer@gmail.com	$2a$10$0BTtVKehFG4dJFPDaWPtKeRkSFXazNoOQ6GDil4UtfqVDYfPf/Tf2	B	18963627043	4640566627	0
897	2022-10-30 19:23:08.483776	2022-10-30 19:23:08.483776	\N	\N	Mr. Gayle O"Kon	oswald@hotmail.com	$2a$10$qv89VSAEaJEpZBJxVRSnd.9YpH5Xg8K0EmfwY1U1BJTqLmAlR.fay	DA	18868557026	9871380042	0
898	2022-10-30 19:23:08.582741	2022-10-30 19:23:08.582741	\N	\N	Rahul O"Hara	orrin.langosh@gmail.com	$2a$10$Idv5mcr0Q9/SFIUZgo/BTeIWsoLinZ.DbGw9QgCV6MttsfUFUtdZy	BA	11539864536	1891973662	0
899	2022-10-30 19:23:08.714984	2022-10-30 19:23:08.714984	\N	\N	Devon Hilll	gutkowski@gmail.com	$2a$10$W5q9g16lknwnlWLUNHLtNusuiKVIpt81BbpP5Q6bDKzCAbZKaxfy.	VA	77974749513	8482677514	0
900	2022-10-30 19:23:08.846325	2022-10-30 19:23:08.846325	\N	\N	Lavina Jacobs II	piper@yahoo.com	$2a$10$wYLuKt8ASVbXicJtrYI.MeSdrxqZAsdB/11kld5bk4faCUmKzokbO	DA	41424335283	7345364905	0
901	2022-10-30 19:23:08.992524	2022-10-30 19:23:08.992524	\N	\N	Alva Bauch	ellsworth@hotmail.com	$2a$10$wcEO4wZ96.oTZLz6wnKPle/tSW1LNebIcqmbOfNM2cxdrohXo.IHa	D	58577064621	6726242206	0
902	2022-10-30 19:23:09.139047	2022-10-30 19:23:09.139047	\N	\N	Mr. Gunner Kessler	augustine@kaf.com	$2a$10$UYXb7i/.LLXhlYFNKFG/cO0TxHmrFuFxPYArnDgIvRkI.g/7BOR6e	BA	36784310509	6209811902	0
903	2022-10-30 19:23:09.279424	2022-10-30 19:23:09.279424	\N	\N	Josephine Hoeger	bailey.johnny@hotmail.com	$2a$10$PH5YqUHHH6C8E9PkbrCVKuUNXx/7Pig07nQ15o5UI2gdyNLMRHEVS	V	46348968345	1622275577	0
904	2022-10-30 19:23:09.379632	2022-10-30 19:23:09.379632	\N	\N	Enos Runte	eichmann.cale@gmail.com	$2a$10$Hj6Uh.yq9sIEUVR.Xc21vuYwhNG4x9p0b0elqRSBC1V2XJ/4vt0tC	B	31719407101	2077452210	0
905	2022-10-30 19:23:09.484605	2022-10-30 19:23:09.484605	\N	\N	Harold Bradtke	elvis@qob.com	$2a$10$Yt0UumrEUO8.fwhqR4DShO4/N2EalsuK/toVYfhidojjd6jspwZT.	DA	73277837258	4654118377	0
906	2022-10-30 19:23:09.604313	2022-10-30 19:23:09.604313	\N	\N	Lempi Bednar	gino@whv.org	$2a$10$fJ76YQ4bRsWoDTRQC5Nqx.bOSdxYT.YSZd22KpP2MMtrRm042/IKq	V	84214177633	9721605974	0
907	2022-10-30 19:23:09.712275	2022-10-30 19:23:09.712275	\N	\N	Ali Hamill	raegan.o_keefe@tze.com	$2a$10$v7M2TtVroUiioO5xpk.BXur66Y2o6mbPieg/twBbMSIJii9sRs7v2	VA	18494400915	3541631753	0
908	2022-10-30 19:23:09.8271	2022-10-30 19:23:09.8271	\N	\N	Ms. Idella Ritchie	hand.laurine@gmail.com	$2a$10$Rrx5hrbMC5ncgyDt0ZLWm.2dOQNMKaOcPDFTtcOM.0cB0WtX2e/kG	D	93489353809	3934366989	0
909	2022-10-30 19:23:09.945129	2022-10-30 19:23:09.945129	\N	\N	Helene Boehm	carter.legros@qkq.com	$2a$10$mkGktH.kAZqNjIFmhCsf5OMstIfumQ7VMz1lk.8obe5MKadcWeTW.	DA	43105190537	7497873539	0
910	2022-10-30 19:23:10.041833	2022-10-30 19:23:10.041833	\N	\N	Annie Stroman	devonte.jerde@kdq.com	$2a$10$Eg2HMLw0hQIXrxqnawhi2ustv7t1rXdSH1nZ9reoVeg4C7kMun1xq	VA	39339716509	8779907583	0
911	2022-10-30 19:23:10.149672	2022-10-30 19:23:10.149672	\N	\N	Lucas Lockman	mohr.cara@ktg.net	$2a$10$Gyb8m9TbPXvDY.G.z1O83uZXwCcQuliyhyC1mag3cj.v9EyQSzTq.	V	46712838622	9631819355	0
912	2022-10-30 19:23:10.248638	2022-10-30 19:23:10.248638	\N	\N	Bailey Walker V	lakin.rhett@rns.com	$2a$10$CBnJ/AqCoHFJioPTdbSyvOvIzWvouYETEY0io3NOhZE/jqZNslC7u	SA	31797046041	9522246193	0
913	2022-10-30 19:23:10.364933	2022-10-30 19:23:10.364933	\N	\N	Cory Marks	santos@yahoo.com	$2a$10$X3Q3F1mgAWeT.P5/3xQErObdZ0UGP5lLpaxHb0DMbWw4YQPXtncJ6	BA	69903979209	5686139379	0
914	2022-10-30 19:23:10.469979	2022-10-30 19:23:10.469979	\N	\N	Ms. Laurie Hickle IV	rebeca.lubowitz@lzt.com	$2a$10$Ti1eX/o3Xi7WOJsCyXEVou29SmP9XMIe3V8NviGZ7GxCV1C5tkPD6	SA	85015708672	2758239685	0
915	2022-10-30 19:23:10.633103	2022-10-30 19:23:10.633103	\N	\N	Dennis Franecki IV	bianka.hilll@vok.info	$2a$10$ktB.YBGaKLRemKvh/tCSm.WsBphFTot21FCidb0VeexRnNtFuV3By	BA	41319823125	1921966569	0
916	2022-10-30 19:23:10.742898	2022-10-30 19:23:10.742898	\N	\N	Jacey Ullrich	skiles.johnathon@srz.biz	$2a$10$15yHz/OQgxHEPUj7L2A0yuOP.d7wna929PxOHagO6rYIEr/hZHTLO	VA	85919785401	5891660504	0
917	2022-10-30 19:23:10.863919	2022-10-30 19:23:10.863919	\N	\N	Mr. Montana Beier II	stroman@cqj.com	$2a$10$jnPhUpwmCiOrK.TEiYjeeO6QBPQVbBCvAPFnadVGuQgQ3CY1W578m	V	48015003121	1896132618	0
918	2022-10-30 19:23:10.991372	2022-10-30 19:23:10.991372	\N	\N	Colby Hintz	berry@iof.org	$2a$10$5zM7ytmK0Aw4.NOdWeWiB.fT4EPGYT5utWmYCZelWvpFeyi/TmJ2.	SA	64452783736	3724097144	0
920	2022-10-30 19:23:11.183835	2022-10-30 19:23:11.183835	\N	\N	Eldon Cronin	thiel@znx.org	$2a$10$Xdz0Q8pGpWt.SPQ2GwPViODAy4CyNpZlhMnnipIXr4hKO9cS9fETC	BA	16955402795	5987344311	0
921	2022-10-30 19:23:11.295696	2022-10-30 19:23:11.295696	\N	\N	Kirk Walsh	jaskolski@yahoo.com	$2a$10$.7IVrZNLmvL9PwvcOg97qOjPqOX5Tu6EQvZgVBli9oKXT/PuiMZkm	V	39420488527	1556243398	0
922	2022-10-30 19:23:11.437435	2022-10-30 19:23:11.437435	\N	\N	Chelsey Kulas	emmerich.lesley@hir.info	$2a$10$DjE3pCPLtDDioLzHHWqTKetE4KuLAb2LzJVwlXWc8U2TeozGU/vba	D	37301420293	5790544938	0
923	2022-10-30 19:23:11.559269	2022-10-30 19:23:11.559269	\N	\N	Ms. Alisa Beatty II	sophia.krajcik@yahoo.com	$2a$10$O9rqQfE7585T8zorg7litemaV61YGG5lVq9PNmLbLS/Hr9rP9ukUu	BA	17991646640	8371999187	0
924	2022-10-30 19:23:11.667034	2022-10-30 19:23:11.667034	\N	\N	Alysha Bode	bartoletti@yahoo.com	$2a$10$Xj2jZIWk9lq8APbu6q138uGt3289M/gEcK4sfOXAOMSSusOkAtQma	V	62653364240	9482957690	0
925	2022-10-30 19:23:11.790072	2022-10-30 19:23:11.790072	\N	\N	Maudie Moore	sidney@yahoo.com	$2a$10$GNf5g5J/4CKLBSwfDKgYMu1pqDAqPR7k00dC2RQyLBvE6qkoCPEvW	DA	35913936712	9812524544	0
926	2022-10-30 19:23:11.907087	2022-10-30 19:23:11.907087	\N	\N	Amani Roberts	deven@hotmail.com	$2a$10$LsLYK8Oogm7D5gMQXVKjsu1ViuN/OsN6Zmxrmf2C8LRg.apbGIVWW	BA	42567202239	5018879010	0
927	2022-10-30 19:23:12.025778	2022-10-30 19:23:12.025778	\N	\N	Ms. Annalise Kemmer	upton@lzk.com	$2a$10$dYQSoyz3uP2nDo12x2lDqeg5WtbbQc9wl0CMTzLdWX6wVVkd.EHc2	VA	42464364674	4728211671	0
928	2022-10-30 19:23:12.135832	2022-10-30 19:23:12.135832	\N	\N	Gunnar Maggio	johann@gmail.com	$2a$10$ruPVISfNRUSzETug8.tCOeVSpXp/wN99ZjiZpVXgSYQQmE.EWS9BK	V	70001304145	6602675506	0
929	2022-10-30 19:23:12.246078	2022-10-30 19:23:12.246078	\N	\N	Kayley Muller	josephine.stokes@hotmail.com	$2a$10$.17mInSIY7T7vVNYPniUXOOxvD1fwq4OeRYk4zoK7kCv971iqrwQO	D	87800484314	9186922111	0
930	2022-10-30 19:23:12.370263	2022-10-30 19:23:12.370263	\N	\N	Noel Grant	quitzon.jo@yeg.com	$2a$10$T4Su16uIPP4kwr.Ckykl5e3O/rNCRKANds08il2nF/TD1SwQAbUh.	B	25109649250	5173513184	0
931	2022-10-30 19:23:12.497337	2022-10-30 19:23:12.497337	\N	\N	Ms. Estrella Morissette Sr.	shea.hahn@sax.com	$2a$10$OugMul4crpEMP4972T6V5OBJMUzwZGaLk28fEBKOnPz4M/0/0ETM6	D	39645462403	7656804728	0
932	2022-10-30 19:23:12.61848	2022-10-30 19:23:12.61848	\N	\N	Ms. Eden Stoltenberg PhD	schumm@xoh.net	$2a$10$BW614Mb1iFp8KS/lF8s8SuxeuKyZDwnVX.2tLWNkz2THKqpKTpiNK	DA	36426018019	4990052313	0
933	2022-10-30 19:23:12.730359	2022-10-30 19:23:12.730359	\N	\N	Ms. Chyna Roberts V	ben@khu.info	$2a$10$5DLGusIH2JQID6hEXZ4bS.qDocUEb.3tZ18DYpLgPORKiyITCnU/y	V	22663905544	9428218570	0
934	2022-10-30 19:23:12.84457	2022-10-30 19:23:12.84457	\N	\N	Theo Hamill	thomas.wuckert@gmail.com	$2a$10$Y6EttWcrpF0gmMciQsCyT.AI8DxiBCTlY9IFsFiOB7gdBoSI3/HSy	BA	39710542272	9053512886	0
935	2022-10-30 19:23:12.964215	2022-10-30 19:23:12.964215	\N	\N	Assunta Labadie	ferry@gmail.com	$2a$10$2TUBpsKqZt2b6qZVonwPS.F55Z.4Nf9IQLgT9RyUCdT1lQoUERnc2	DA	59426496853	2059063347	0
936	2022-10-30 19:23:13.084321	2022-10-30 19:23:13.084321	\N	\N	Maxine Koch	price.monte@yahoo.com	$2a$10$ymjvrsTrX8QsMgAxjFCpHev3O.XGPKyArxImc0v8m4NKWeTCc80uC	B	25026423676	3216365249	0
937	2022-10-30 19:23:13.199363	2022-10-30 19:23:13.199363	\N	\N	Ms. Makayla Dickinson DVM	mertz@gmail.com	$2a$10$t/JeSAm44DTzqAkW7xFBeukbMqb2hv6p.OpFCPXHJUNxyAUXYmvdC	D	87530133189	2958281768	0
938	2022-10-30 19:23:13.333567	2022-10-30 19:23:13.333567	\N	\N	Mittie Turner MD	reta.denesik@yml.biz	$2a$10$cPZ5VejPrRwvOm9H.ZQg4u.whLcfp9Pgu3hbRQ/6X2bNclHm6jQFq	D	11693896063	1375826769	0
939	2022-10-30 19:23:13.453828	2022-10-30 19:23:13.453828	\N	\N	Ona Stamm Jr.	vivian@xxc.com	$2a$10$1F66w7aVOc8z6TtrFwWMaeZ0YeUGWdckFDiXMUF0Mj8D1BarhiZnK	SA	79444742837	3225479543	0
940	2022-10-30 19:23:13.569057	2022-10-30 19:23:13.569057	\N	\N	Cassandre Jakubowski V	nicolas.otis@zdj.net	$2a$10$Ue.UBJZFsLOycAmXetiQs.2xlNoNoRgSXS/ik0PrfwQGowUEMbgbC	D	77464231729	1465410470	0
941	2022-10-30 19:23:13.682725	2022-10-30 19:23:13.682725	\N	\N	Ms. Briana McGlynn DDS	rutherford@kzr.com	$2a$10$h8mqIaZTcRPGNaI1TqBLtue4hBwiMWxBHnRC/.oq2dhxRg/c7rloi	DA	39961668394	8811976591	0
942	2022-10-30 19:23:13.797608	2022-10-30 19:23:13.797608	\N	\N	Minnie Brakus	marcelino@llh.org	$2a$10$c2YOsnQ8874z05p288AMDupaEloMwGah/EI.Gkj/OwtDT7ZfcstXi	VA	39090699387	7573552777	0
943	2022-10-30 19:23:13.914361	2022-10-30 19:23:13.914361	\N	\N	Daryl Klein	johnathan@ehf.org	$2a$10$AVK19DMZbtklWV/KECxdneepjL08f.9wyP4ylShcm5P9gxaO08wCe	SA	16795321723	3851533472	0
944	2022-10-30 19:23:14.028175	2022-10-30 19:23:14.028175	\N	\N	Sam Rogahn	sarina@hotmail.com	$2a$10$NM3tcZUWWwHHl.puRQuCGuAmmPZEaYLNHHtAbEa8iI2HkkdmUrdsC	BA	82156711618	3909514482	0
945	2022-10-30 19:23:14.138369	2022-10-30 19:23:14.138369	\N	\N	Mr. Muhammad Buckridge DVM	hermiston@hotmail.com	$2a$10$YekngH88OxB9tCQxiW5Ageqhq061N..q5yXy96jVKghzGN96jzYV6	D	39254647062	1115436296	0
946	2022-10-30 19:23:14.280137	2022-10-30 19:23:14.280137	\N	\N	Kylie Fisher	trantow@nof.org	$2a$10$ijecApK3pXwIH.HRGO6WJ.7LLbSSC41rOaZawN.IrnT5hZHEwTLjW	D	99579510019	6284183010	0
947	2022-10-30 19:23:14.433681	2022-10-30 19:23:14.433681	\N	\N	Jaron Cummings	bradley@rgq.net	$2a$10$6ZBKDIZCmH3pKCvrIWP6fOVF7nOytaaI.VlDF2TuuZXl2e2MGRVOS	VA	40375524816	4245169560	0
948	2022-10-30 19:23:14.531508	2022-10-30 19:23:14.531508	\N	\N	Ms. Emilie Carroll	nolan@hotmail.com	$2a$10$sQkZJP.WNoGvGT8DnqwiS.NPioxoXN2INr41umrPyinQ581.9Fpom	V	85382637075	6708435821	0
949	2022-10-30 19:23:14.636904	2022-10-30 19:23:14.636904	\N	\N	Mr. Hal Cummings	fritsch.joannie@xtt.net	$2a$10$X1SmW2EdCaFbnKmjxXaMCOucQHAaUHUthQLYKT0dbP8HUj/o2Usey	B	61103254718	7660525031	0
950	2022-10-30 19:23:14.783431	2022-10-30 19:23:14.783431	\N	\N	Elvera Frami	lionel@hotmail.com	$2a$10$3i1BpJorlITXIIkkawYPEOr3XVrZtB.idM8en9BKnysoMxctY3SFm	BA	67699504748	8688962867	0
951	2022-10-30 19:23:14.894299	2022-10-30 19:23:14.894299	\N	\N	Ms. Katlyn Cole	linnie.senger@uip.com	$2a$10$AWd7hovQ.49piOAndh8f9Ogede6MkVGv.xhzMumnlo0b7W0.bX0JS	VA	72470245728	5873460752	0
952	2022-10-30 19:23:15.001575	2022-10-30 19:23:15.001575	\N	\N	Nathan Lebsack DDS	javier@nfa.info	$2a$10$4NWaGGs3Qom2hYGUDLHZ3.rG14OUgt7AZFSba.s7TBCKO7NqA.hRi	BA	28821570356	6802883626	0
953	2022-10-30 19:23:15.127228	2022-10-30 19:23:15.127228	\N	\N	Cristian Borer DVM	zelda.leannon@jbu.com	$2a$10$16Q/7gy2SWjPeC9sIg1JEORSUdaOhWdk.1BczQinonLgfVJHC2TQO	D	60890918689	7825576620	0
954	2022-10-30 19:23:15.239519	2022-10-30 19:23:15.239519	\N	\N	Hyman Roob	kub.murray@tfc.net	$2a$10$c2fIoYLVeGTrZLA1XX29JuNh0NMQj6P4x.W2JmS1GYUY4DynuYfHS	B	87746626128	8891791603	0
955	2022-10-30 19:23:15.353386	2022-10-30 19:23:15.353386	\N	\N	Chris Kunde	larson@wla.net	$2a$10$kQKBx31aBwV8fCieb1iTnOx/luwbY9SFVZHSH.wXyB0TyhIvUuVXi	D	21490776462	5791950210	0
956	2022-10-30 19:23:15.463096	2022-10-30 19:23:15.463096	\N	\N	Orie Spencer	jenifer@hotmail.com	$2a$10$GN.abcczHhwWEpFpkDKbWeekgYLvM1fionwNaE6lHcHXrEFlgBkau	VA	19384364508	5523606468	0
957	2022-10-30 19:23:15.559114	2022-10-30 19:23:15.559114	\N	\N	Linda Rath	okey@qgi.org	$2a$10$/q5MMRye71Cn3OBt6W58wOjpeiXwMicVEXLRpBGVOTEV0dAnrTUfe	BA	29028199973	2172811753	0
958	2022-10-30 19:23:15.682386	2022-10-30 19:23:15.682386	\N	\N	Elliot Green DDS	hermann@ygp.com	$2a$10$nZvNl9ru0mze8GexJbhziOB2qve/ywcn0ShKgtEON9t2OqEEoMzsK	BA	96340358725	2890068957	0
959	2022-10-30 19:23:15.800447	2022-10-30 19:23:15.800447	\N	\N	Ms. Kaycee Bashirian III	ondricka.ana@gmail.com	$2a$10$04iZqCCxvyvN/qxkcnHHk.4BDdwnKxRuKHgjXJCNkDTGRkKKifjKi	V	37596599090	4603068981	0
960	2022-10-30 19:23:15.914563	2022-10-30 19:23:15.914563	\N	\N	Koby Rolfson	mcglynn@yahoo.com	$2a$10$LZ2MqwnM.N5PXwyOC1Zp5eoxOXrvPAtNqdzRbizDvmGLQrD6IGOPS	DA	92909588823	3741209073	0
961	2022-10-30 19:23:16.018673	2022-10-30 19:23:16.018673	\N	\N	Laura Monahan	rodriguez.jazmin@hotmail.com	$2a$10$jXIGUemtpATGZUZVE.Uz9epj8qcPXokbv6ImLuFxGdVLXcIC7SYHK	B	47842765775	5332884568	0
962	2022-10-30 19:23:16.120726	2022-10-30 19:23:16.120726	\N	\N	Chase Johnston	anibal@ize.com	$2a$10$eT65LuIKJr77fW3eEc4AgeEB.z0n92Sy42VZGwed74OXQmWH6Zg8i	B	16880833634	6696346079	0
963	2022-10-30 19:23:16.237893	2022-10-30 19:23:16.237893	\N	\N	Shany Russel	corkery.geovanny@nch.net	$2a$10$HWC4nCGZ1a2m1G1YxeYu2OBTVxlR6vETovRbKPCblqz0fgGO6aE4W	SA	14477844425	1542471877	0
964	2022-10-30 19:23:16.383587	2022-10-30 19:23:16.383587	\N	\N	Graciela Lang	marks.nola@boc.net	$2a$10$aonApiSzVFHIcsob7WGKQewJ4Lja1p54ckd1Sg9okMlRXyi4nJTVq	DA	90609304353	9953736421	0
965	2022-10-30 19:23:16.510856	2022-10-30 19:23:16.510856	\N	\N	Jaron Gerhold	moore@uqy.org	$2a$10$oe7X00erTKIhsNtnUtAaGeBtH4SZ1auyz/oyHutRZ5kGAl3s6nMN.	B	20578555866	6264404087	0
966	2022-10-30 19:23:16.621077	2022-10-30 19:23:16.621077	\N	\N	Orion Swaniawski	cummerata@hotmail.com	$2a$10$pcpaWJ8SLBFBWrrDyHl9eOYc9R8wvpwwgPfgjFb56HB1vVL/HlTgi	DA	43798871873	8194110359	0
967	2022-10-30 19:23:16.734388	2022-10-30 19:23:16.734388	\N	\N	Alexander Skiles	frami@lbn.com	$2a$10$iBMLHSU6O0I.7pzeCqRzqOM8MBm2.KU2kNJIiCa6CpCaIrRP3zhq.	DA	13981332360	3564581293	0
968	2022-10-30 19:23:16.849352	2022-10-30 19:23:16.849352	\N	\N	Ms. Clarabelle Olson MD	vonrueden@boc.com	$2a$10$BAK7vnHGVLGqDyJkvZMM9uSU528jaePzWLHzM1ca94mwbHbOIGamO	VA	28972982053	7870332835	0
969	2022-10-30 19:23:16.952423	2022-10-30 19:23:16.952423	\N	\N	Isaac Padberg	zackery@jdp.info	$2a$10$ptEDdCPnjEtFd8sMP3HUiesws/Kb6UzKtoazwVvuV09Gyzxhyy.ru	SA	73111423256	3990122143	0
970	2022-10-30 19:23:17.065954	2022-10-30 19:23:17.065954	\N	\N	Zoila Lesch	o_reilly.jayme@zjl.net	$2a$10$obOInC9BvNzkNa8B938BuOJpilW2uKQK3d1DJw.3/8/QW99NZWiCy	VA	75581061625	7801593405	0
971	2022-10-30 19:23:17.172852	2022-10-30 19:23:17.172852	\N	\N	Janick Douglas Jr.	alejandrin@zju.com	$2a$10$d5RkQ7nY774sqbCTt2kAVODcoJNvZMua63o3mqv8lhlOE2nxjOL4W	VA	35097088351	9365762362	0
972	2022-10-30 19:23:17.26901	2022-10-30 19:23:17.26901	\N	\N	Veronica Torphy	ephraim@hotmail.com	$2a$10$U5oE9QY2X/NnAoJFoNIiouQzGW1C/4/MHtdlmdFvtjRkMHVBOQNw.	VA	84416902577	1119596176	0
973	2022-10-30 19:23:17.389454	2022-10-30 19:23:17.389454	\N	\N	Thomas Dooley	tommie@pdv.com	$2a$10$pibV2t2hMPqNRx34DxQIWOg0SQQWAhPRnFZ.UmoXY8kJEj.3QtZRm	V	39710098118	2465667966	0
974	2022-10-30 19:23:17.517679	2022-10-30 19:23:17.517679	\N	\N	Nona Crona DDS	connelly@boc.com	$2a$10$YkDzVtmVStq/gcmjHkYu8ucJO1/B9SdeGdncAcn6ZimBQRPR3QmL.	V	42296092809	2896875796	0
975	2022-10-30 19:23:17.642544	2022-10-30 19:23:17.642544	\N	\N	Aileen Thompson I	cruickshank.blaise@ffc.biz	$2a$10$bYqz5tK0x4cmcj2HXtGVq.HDnSBYF5N2slhOD4WN4VAo4co7CW3gy	DA	15926844495	1040108115	0
976	2022-10-30 19:23:17.764151	2022-10-30 19:23:17.764151	\N	\N	Therese Jacobs	cleora.wisoky@gmail.com	$2a$10$ms0GjgD4p9u9JF3piQTOBOA1JndRguNnYgZGAWjS9YjZ7KqNQoQCS	VA	89813332782	6209447438	0
977	2022-10-30 19:23:17.880427	2022-10-30 19:23:17.880427	\N	\N	Cullen Flatley	weimann.dolly@hotmail.com	$2a$10$Z7Ogf0LW0WO9uVBBABMo6.LyPNVB2zF2nZogFMg1Jk2gxPkAV3OzW	VA	65666275474	7885221751	0
978	2022-10-30 19:23:17.980008	2022-10-30 19:23:17.980008	\N	\N	Esteban Bradtke	mcglynn.hulda@hotmail.com	$2a$10$f4oIuDaiz6i5lmL0EmL4V.wF4pG3c4ExqL.fZ/M3XiotMIWx1mzAG	V	48909908768	6668100689	0
979	2022-10-30 19:23:18.106589	2022-10-30 19:23:18.106589	\N	\N	Lorna Aufderhar	harris@gmail.com	$2a$10$riLZl7n4e7ewH/HCQq1I5eWvhTi5sPh4E6/iXb5JhTsEAwfzPG2Fy	B	37414827557	4787705202	0
980	2022-10-30 19:23:18.2163	2022-10-30 19:23:18.2163	\N	\N	Mr. Sigmund Predovic	georgianna@vfs.com	$2a$10$SnxJ60m6Gx3G6ZX6zO3ur.R3amLgyD23emUJ0w6EsV0nxLqYC/x6q	BA	52870448419	2070507923	0
981	2022-10-30 19:23:18.338919	2022-10-30 19:23:18.338919	\N	\N	Marina Lehner	shields@hotmail.com	$2a$10$0m12jIswUvBuV7KNKPGt5uAipJRLesMR3HQkOmAgZgclbHUAoxtzy	DA	55006406220	2983236090	0
982	2022-10-30 19:23:18.437713	2022-10-30 19:23:18.437713	\N	\N	Alfred Hoppe	terry.germaine@yahoo.com	$2a$10$ksNRT1gldq3oMdSmhiaoLOupdDzi1pfYBKgAofMcJYt2zb/Pkev.a	D	74137907188	5287431342	0
983	2022-10-30 19:23:18.579222	2022-10-30 19:23:18.579222	\N	\N	Thea Botsford	heidenreich.alvina@yahoo.com	$2a$10$9prMPvDUOXVjcFXJmYDJQuNxT/oNjQcFuCbjGBg7KDBwPniq4NJDG	V	89768041248	9056894301	0
984	2022-10-30 19:23:18.712363	2022-10-30 19:23:18.712363	\N	\N	Adolphus Lubowitz	ritchie@gmail.com	$2a$10$4UCI4OEaDzGf4AQ6E9f6veeM5Zz0wxYpamnfwo1EilvKd9i4BpQO2	B	16824387093	3701171542	0
985	2022-10-30 19:23:18.825086	2022-10-30 19:23:18.825086	\N	\N	Andy Larkin IV	maude@xjk.net	$2a$10$QZzc1.jw6cFiz0ldMW1KAeaMER/94wMyK2XL11Ga2gu7ItPdjPMxK	V	99736701834	6005165245	0
986	2022-10-30 19:23:18.957402	2022-10-30 19:23:18.957402	\N	\N	Crawford Lakin	marisol.prohaska@fna.net	$2a$10$wZVixiQoRuElh4ImvFltou9umeKW5DaP/S06BPNkti9QvjdnjbCIq	D	37293067537	7483152509	0
987	2022-10-30 19:23:19.104151	2022-10-30 19:23:19.104151	\N	\N	Maxine Will	chauncey@cju.com	$2a$10$7/aupJAn6i.rw5UnmadcbO0LkcA5kwxHiUTHZK6XOA5MY8tatqEla	D	22736889320	8974776330	0
988	2022-10-30 19:23:19.215351	2022-10-30 19:23:19.215351	\N	\N	Idell Barrows	schroeder.deshawn@mxd.biz	$2a$10$C9qKVQ9IMznSGikb5dMm5u8bJQRHVlfOKwRXut7V12UjX5T54xWMu	DA	48688138372	6411409831	0
989	2022-10-30 19:23:19.323183	2022-10-30 19:23:19.323183	\N	\N	Sarina Hackett	jacobs.daisy@hmm.com	$2a$10$DA8IhrZE491AuU..abX7oubAykqeEyh9JQChLoiMs1BpXkHKG73IG	B	30585835049	9941301951	0
990	2022-10-30 19:23:19.436853	2022-10-30 19:23:19.436853	\N	\N	Jennie Will	rice@yahoo.com	$2a$10$a48IcdiAB2g0MWiyzqfIPOrKg/mQJhAEoYQR2n4xmWa9oeiKwrLCa	D	79931683343	2305460571	0
991	2022-10-30 19:23:19.59395	2022-10-30 19:23:19.59395	\N	\N	Estelle Block	spencer@ycc.com	$2a$10$Q7qGz9Utnaz5W/ZovB/fCOppruMIS8Z3unD4jKYZKfjJc0c0VhBCi	BA	28147947423	8086480650	0
992	2022-10-30 19:23:19.71079	2022-10-30 19:23:19.71079	\N	\N	Mr. Keon O"Keefe III	kaitlyn.lockman@xog.com	$2a$10$U0YiYuJREhtXq2zASqHqGuHtgFOpsuABL.wj0e9RZ4PGSMoa7v45G	SA	55932790393	4559889904	0
993	2022-10-30 19:23:19.82294	2022-10-30 19:23:19.82294	\N	\N	Mr. Eddie Lehner Sr.	gay.kling@cza.com	$2a$10$SQZHLA6RNfcFxHQgUJZmBeHH7y0w.1gilfx.Bq.ynlhfTwQt0/sS2	BA	18813196131	2685198657	0
994	2022-10-30 19:23:19.929988	2022-10-30 19:23:19.929988	\N	\N	Stacy Lemke	tromp.evert@fmd.com	$2a$10$QcYJsJpcRRsqFX2SJ87/fely7QunurJFwwU5IKeSBzh6yyG/Ap71O	D	90020179724	3162975145	0
995	2022-10-30 19:23:20.065033	2022-10-30 19:23:20.065033	\N	\N	Mr. Jessie Jacobi II	adela@muh.com	$2a$10$Eh7aZUXEjEsgXJRGGGYQS.02pw7ipZsR98/GziSYEkRdE4gpBLe8i	B	88431777613	9796589403	0
996	2022-10-30 19:23:20.265446	2022-10-30 19:23:20.265446	\N	\N	Matilde Bosco	caitlyn@hotmail.com	$2a$10$hvtZXB73SLy8wTmkx5tQb.WmNR7tmlYLpeU/W/MUnRT83W7L9AXsC	D	63483122087	7388986650	0
997	2022-10-30 19:23:20.418988	2022-10-30 19:23:20.418988	\N	\N	Zander Conroy	feil.retha@gmail.com	$2a$10$wsbRpTSN1KC8qnLfU4HH0e52XOIzGjrpjDVyhBm5yMdTvdd7ne/3G	D	37880110755	1305854138	0
998	2022-10-30 19:23:20.541964	2022-10-30 19:23:20.541964	\N	\N	Monica Stroman	abigale.flatley@sot.com	$2a$10$gXq5YtNMuVpCUM5luKC1vO/GV2r5zG9wTo6pyymCZ2..zK3W7oAra	BA	25979663107	6696112733	0
999	2022-10-30 19:23:20.653828	2022-10-30 19:23:20.653828	\N	\N	Kacey Rutherford	otto.willms@yahoo.com	$2a$10$0i7k2seRd70kwCfIgcjbLO4EwUBRuHJROn0nKa2M0kS9zVVgFJVJm	SA	53243756187	9524753750	0
1000	2022-10-30 19:23:20.768607	2022-10-30 19:23:20.768607	\N	\N	Mr. Alberto Hudson I	reece@qml.com	$2a$10$JiLle5nnRcP9DTk47S3t9.jcm9uuA.ws9uycBmtX7Jho40XMtYhCK	D	44688549897	5762225475	0
\.


--
-- Data for Name: vds_relations; Type: TABLE DATA; Schema: public; Owner: postgres
--

COPY public.vds_relations (id, updated_at, created_at, start_date, end_date, vendor_id, dealer_site_id, created_by, updated_by) FROM stdin;
1	2022-10-30 19:21:39.179817	2022-10-30 19:21:39.179817	\N	\N	18	18	18	18
3	2022-10-30 19:22:00.869529	2022-10-30 19:22:00.869529	\N	\N	38	38	38	38
4	2022-10-30 19:22:06.229559	2022-10-30 19:22:06.229559	\N	\N	50	50	50	50
5	2022-10-30 19:22:07.313344	2022-10-30 19:22:07.313344	\N	\N	54	54	54	54
7	2022-10-30 19:22:10.483679	2022-10-30 19:22:10.483679	\N	\N	48	48	48	48
9	2022-10-30 19:22:12.935319	2022-10-30 19:22:12.935319	\N	\N	63	63	63	63
10	2022-10-30 19:22:13.285795	2022-10-30 19:22:13.285795	\N	\N	55	55	55	55
14	2022-10-30 19:22:21.933829	2022-10-30 19:22:21.933829	\N	\N	34	34	34	34
20	2022-10-30 19:22:34.747463	2022-10-30 19:22:34.747463	\N	\N	64	64	64	64
21	2022-10-30 19:22:35.151172	2022-10-30 19:22:35.151172	\N	\N	71	71	71	71
23	2022-10-30 19:22:39.622587	2022-10-30 19:22:39.622587	\N	\N	57	57	57	57
24	2022-10-30 19:22:40.333225	2022-10-30 19:22:40.333225	\N	\N	82	82	82	82
25	2022-10-30 19:22:40.74083	2022-10-30 19:22:40.74083	\N	\N	75	75	75	75
28	2022-10-30 19:22:44.219902	2022-10-30 19:22:44.219902	\N	\N	93	93	93	93
30	2022-10-30 19:22:47.579253	2022-10-30 19:22:47.579253	\N	\N	60	60	60	60
36	2022-10-30 19:22:54.050106	2022-10-30 19:22:54.050106	\N	\N	99	99	99	99
37	2022-10-30 19:22:54.951707	2022-10-30 19:22:54.951707	\N	\N	107	107	107	107
42	2022-10-30 19:22:57.620351	2022-10-30 19:22:57.620351	\N	\N	105	105	105	105
43	2022-10-30 19:22:58.257006	2022-10-30 19:22:58.257006	\N	\N	115	115	115	115
44	2022-10-30 19:22:59.295971	2022-10-30 19:22:59.295971	\N	\N	88	88	88	88
45	2022-10-30 19:23:00.193882	2022-10-30 19:23:00.193882	\N	\N	95	95	95	95
60	2022-10-30 19:23:10.627303	2022-10-30 19:23:10.627303	\N	\N	114	114	114	114
61	2022-10-30 19:23:10.859679	2022-10-30 19:23:10.859679	\N	\N	106	106	106	106
68	2022-10-30 19:23:18.102763	2022-10-30 19:23:18.102763	\N	\N	108	108	108	108
70	2022-10-30 19:23:20.254989	2022-10-30 19:23:20.254989	\N	\N	121	121	121	121
\.


--
-- Data for Name: vdsbs_relations; Type: TABLE DATA; Schema: public; Owner: postgres
--

COPY public.vdsbs_relations (id, updated_at, created_at, start_date, end_date, buyer_site_id, vds_rltn_id, created_by, updated_by) FROM stdin;
33	2022-10-31 06:18:22.596202	2022-10-31 06:18:22.596202	\N	\N	19	7	6	6
34	2022-10-31 06:19:06.157997	2022-10-31 06:19:06.157997	\N	\N	31	9	7	7
35	2022-10-31 06:19:30.483908	2022-10-31 06:19:30.483908	\N	\N	23	10	8	8
36	2022-10-31 06:20:00.2319	2022-10-31 06:20:00.2319	\N	\N	12	14	9	9
37	2022-10-31 06:20:21.496847	2022-10-31 06:20:21.496847	\N	\N	32	20	10	10
38	2022-10-31 06:20:52.797151	2022-10-31 06:20:52.797151	\N	\N	37	21	11	11
39	2022-10-31 06:21:18.333419	2022-10-31 06:21:18.333419	\N	\N	25	23	12	12
40	2022-10-31 06:21:48.110204	2022-10-31 06:21:48.110204	\N	\N	47	24	13	13
41	2022-10-31 06:22:19.648354	2022-10-31 06:22:19.648354	\N	\N	41	25	14	14
42	2022-10-31 06:22:52.183247	2022-10-31 06:22:52.183247	\N	\N	58	28	15	15
43	2022-10-31 06:23:46.912256	2022-10-31 06:23:46.912256	\N	\N	28	30	16	16
44	2022-10-31 06:24:07.235124	2022-10-31 06:24:07.235124	\N	\N	64	36	17	17
45	2022-10-31 06:24:33.319647	2022-10-31 06:24:33.319647	\N	\N	72	37	18	18
46	2022-10-31 06:25:00.37579	2022-10-31 06:25:00.37579	\N	\N	70	42	19	19
47	2022-10-31 06:25:29.759512	2022-10-31 06:25:29.759512	\N	\N	80	43	25	25
48	2022-10-31 06:25:57.424355	2022-10-31 06:25:57.424355	\N	\N	53	44	27	27
49	2022-10-31 06:26:30.229958	2022-10-31 06:26:30.229958	\N	\N	60	45	28	28
50	2022-10-31 06:26:55.157066	2022-10-31 06:26:55.157066	\N	\N	79	60	42	42
51	2022-10-31 06:27:20.563326	2022-10-31 06:27:20.563326	\N	\N	71	61	43	43
52	2022-10-31 06:27:50.411127	2022-10-31 06:27:50.411127	\N	\N	73	68	45	45
53	2022-10-31 06:28:16.429843	2022-10-31 06:28:16.429843	\N	\N	86	70	46	46
29	2022-10-31 06:16:47.181436	2022-10-31 06:16:47.181436	\N	\N	4	1	1	1
30	2022-10-31 06:17:14.411143	2022-10-31 06:17:14.411143	\N	\N	15	3	2	2
31	2022-10-31 06:17:36.534449	2022-10-31 06:17:36.534449	\N	\N	20	4	4	4
32	2022-10-31 06:17:56.802403	2022-10-31 06:17:56.802403	\N	\N	22	4	5	5
\.


--
-- Data for Name: vendor_regions; Type: TABLE DATA; Schema: public; Owner: postgres
--

COPY public.vendor_regions (id, updated_at, created_at, start_date, end_date, name, attribute1, attribute2, attribute3, attribute4, attribute5, created_by, updated_by, vendor_id) FROM stdin;
\.


--
-- Data for Name: vendors; Type: TABLE DATA; Schema: public; Owner: postgres
--

COPY public.vendors (id, updated_at, created_at, start_date, end_date, name, tax_no, attribute1, attribute2, attribute3, attribute4, attribute5, external_v_code, created_by, updated_by) FROM stdin;
1	2022-10-30 19:21:20.434741	2022-10-30 19:21:20.434741	\N	\N	Friedrich Gutkowski	53974088655	\N	\N	\N	\N	\N	vozzpmgkgw	9	9
2	2022-10-30 19:21:22.877466	2022-10-30 19:21:22.877466	\N	\N	Francisca Klein	42104389045	\N	\N	\N	\N	\N	zenuhxpabz	11	11
3	2022-10-30 19:21:24.108416	2022-10-30 19:21:24.108416	\N	\N	Ms. Zoie Klein	92311229196	\N	\N	\N	\N	\N	kigidnezmk	13	13
4	2022-10-30 19:21:24.240392	2022-10-30 19:21:24.240392	\N	\N	Ulices Mayer	92915486511	\N	\N	\N	\N	\N	iurpfdoszh	40	40
5	2022-10-30 19:21:25.928696	2022-10-30 19:21:25.928696	\N	\N	Janick Emard	13681553377	\N	\N	\N	\N	\N	ouhkfrsyaa	57	57
6	2022-10-30 19:21:26.254183	2022-10-30 19:21:26.254183	\N	\N	Mr. Jabari Lebsack I	59278495161	\N	\N	\N	\N	\N	wpsuzaosqw	48	48
7	2022-10-30 19:21:26.570333	2022-10-30 19:21:26.570333	\N	\N	Damian McCullough	59147520394	\N	\N	\N	\N	\N	zoqoldaofa	8	8
8	2022-10-30 19:21:26.860806	2022-10-30 19:21:26.860806	\N	\N	Bernhard White	58390498123	\N	\N	\N	\N	\N	ssvprttqws	71	71
9	2022-10-30 19:21:27.539138	2022-10-30 19:21:27.539138	\N	\N	Mollie Beatty	39756116892	\N	\N	\N	\N	\N	kybicqkuly	38	38
10	2022-10-30 19:21:27.793102	2022-10-30 19:21:27.793102	\N	\N	Mr. Isadore Robel Jr.	82877126105	\N	\N	\N	\N	\N	lyounehvvc	16	16
11	2022-10-30 19:21:27.90093	2022-10-30 19:21:27.90093	\N	\N	Jeffery Leffler	16837704534	\N	\N	\N	\N	\N	wqktshmgmj	41	41
12	2022-10-30 19:21:28.316911	2022-10-30 19:21:28.316911	\N	\N	Cheyenne Larkin	62025002792	\N	\N	\N	\N	\N	ytijwprdnr	71	71
13	2022-10-30 19:21:29.314011	2022-10-30 19:21:29.314011	\N	\N	Oda Barton	32753205531	\N	\N	\N	\N	\N	uxeejkjmir	60	60
14	2022-10-30 19:21:29.426273	2022-10-30 19:21:29.426273	\N	\N	Ruben Stark MD	13475347121	\N	\N	\N	\N	\N	eelunkftcw	9	9
15	2022-10-30 19:21:29.63466	2022-10-30 19:21:29.63466	\N	\N	Lucienne Bosco	31897247837	\N	\N	\N	\N	\N	qvzkehxbdy	75	75
16	2022-10-30 19:21:31.405903	2022-10-30 19:21:31.405903	\N	\N	Mr. Dario Hammes MD	38926212378	\N	\N	\N	\N	\N	pkpcouuujj	19	19
17	2022-10-30 19:21:31.535586	2022-10-30 19:21:31.535586	\N	\N	Ashtyn Steuber	83603303280	\N	\N	\N	\N	\N	jxmrwragei	54	54
18	2022-10-30 19:21:31.692164	2022-10-30 19:21:31.692164	\N	\N	Mr. Deven Bahringer II	26326929848	\N	\N	\N	\N	\N	gsmcfalvpx	82	82
19	2022-10-30 19:21:32.304019	2022-10-30 19:21:32.304019	\N	\N	Delaney Hintz III	99789369421	\N	\N	\N	\N	\N	yaxapmiwrg	9	9
20	2022-10-30 19:21:32.574581	2022-10-30 19:21:32.574581	\N	\N	Kaelyn Hoeger	84669385972	\N	\N	\N	\N	\N	ircrjhwpto	24	24
21	2022-10-30 19:21:32.941625	2022-10-30 19:21:32.941625	\N	\N	Zackery Corwin	67936943862	\N	\N	\N	\N	\N	ibblxnpzyf	114	114
22	2022-10-30 19:21:33.102913	2022-10-30 19:21:33.102913	\N	\N	Peter Reynolds	53178263768	\N	\N	\N	\N	\N	dzdxwioynf	107	107
23	2022-10-30 19:21:33.353208	2022-10-30 19:21:33.353208	\N	\N	Lilliana Reinger	92256068394	\N	\N	\N	\N	\N	jgotxqcmtl	55	55
24	2022-10-30 19:21:33.965887	2022-10-30 19:21:33.965887	\N	\N	Mr. Kaden Hyatt	49564771290	\N	\N	\N	\N	\N	zmijeeetgd	7	7
25	2022-10-30 19:21:34.235235	2022-10-30 19:21:34.235235	\N	\N	Kacey Wunsch	97744902970	\N	\N	\N	\N	\N	mmmacguzyi	8	8
26	2022-10-30 19:21:34.354859	2022-10-30 19:21:34.354859	\N	\N	Sibyl Connelly	79084637911	\N	\N	\N	\N	\N	wduaffhuam	54	54
27	2022-10-30 19:21:34.938535	2022-10-30 19:21:34.938535	\N	\N	Adrian Kilback	17194311221	\N	\N	\N	\N	\N	ayywoeqcgt	93	93
28	2022-10-30 19:21:35.162402	2022-10-30 19:21:35.162402	\N	\N	Foster Goldner	30857315482	\N	\N	\N	\N	\N	dwziovpoec	18	18
29	2022-10-30 19:21:35.44873	2022-10-30 19:21:35.44873	\N	\N	Ms. Mertie Green V	96347411359	\N	\N	\N	\N	\N	brklwtnflp	75	75
30	2022-10-30 19:21:35.601411	2022-10-30 19:21:35.601411	\N	\N	Hadley Breitenberg	83135219512	\N	\N	\N	\N	\N	srcredlzyj	95	95
31	2022-10-30 19:21:36.509572	2022-10-30 19:21:36.509572	\N	\N	Jamaal Langosh	88119217063	\N	\N	\N	\N	\N	xtqjwuqgns	68	68
32	2022-10-30 19:21:36.776379	2022-10-30 19:21:36.776379	\N	\N	Ms. Kathryn Gerlach IV	73068232407	\N	\N	\N	\N	\N	sujxwrjzcb	2	2
33	2022-10-30 19:21:37.029997	2022-10-30 19:21:37.029997	\N	\N	Ms. Concepcion McCullough PhD	63688298551	\N	\N	\N	\N	\N	enhycfzujp	111	111
34	2022-10-30 19:21:37.386694	2022-10-30 19:21:37.386694	\N	\N	Destany Olson	40665066597	\N	\N	\N	\N	\N	ipgmlzpzgq	64	64
35	2022-10-30 19:21:37.780931	2022-10-30 19:21:37.780931	\N	\N	Emelie Bahringer	82555034569	\N	\N	\N	\N	\N	kblwxdbwrs	115	115
36	2022-10-30 19:21:38.246003	2022-10-30 19:21:38.246003	\N	\N	Breana Mann PhD	30106976288	\N	\N	\N	\N	\N	qylrpftrmt	40	40
37	2022-10-30 19:21:38.619239	2022-10-30 19:21:38.619239	\N	\N	Mr. Freeman Ullrich DDS	49255941907	\N	\N	\N	\N	\N	vtbogfsoep	161	161
38	2022-10-30 19:21:39.100591	2022-10-30 19:21:39.100591	\N	\N	Mr. Vaughn Little	73080712527	\N	\N	\N	\N	\N	nhkflvsvzm	18	18
39	2022-10-30 19:21:39.370039	2022-10-30 19:21:39.370039	\N	\N	Milton Harris I	62612757695	\N	\N	\N	\N	\N	ooyxwefqsr	141	141
40	2022-10-30 19:21:39.618183	2022-10-30 19:21:39.618183	\N	\N	Lillie Bailey	40605316163	\N	\N	\N	\N	\N	bcaqepjvyo	48	48
41	2022-10-30 19:21:40.299013	2022-10-30 19:21:40.299013	\N	\N	Madeline Haley MD	33201125772	\N	\N	\N	\N	\N	otugfanjwq	95	95
42	2022-10-30 19:21:40.538409	2022-10-30 19:21:40.538409	\N	\N	Wilhelmine Rogahn	41714583089	\N	\N	\N	\N	\N	rplcnvjhrm	158	158
43	2022-10-30 19:21:40.773565	2022-10-30 19:21:40.773565	\N	\N	Bertram Towne DDS	88390334014	\N	\N	\N	\N	\N	fyaqvshcpt	116	116
44	2022-10-30 19:21:41.011338	2022-10-30 19:21:41.011338	\N	\N	Ms. Ruth Conn	22040150050	\N	\N	\N	\N	\N	uoffvfgjaf	2	2
45	2022-10-30 19:21:41.449101	2022-10-30 19:21:41.449101	\N	\N	Mr. Hayden Armstrong II	15161706092	\N	\N	\N	\N	\N	jggzjkmqsj	141	141
46	2022-10-30 19:21:41.852392	2022-10-30 19:21:41.852392	\N	\N	Mr. Lennie Keeling	90564354058	\N	\N	\N	\N	\N	hmsownvvlq	69	69
47	2022-10-30 19:21:42.318009	2022-10-30 19:21:42.318009	\N	\N	Ms. Ethelyn Mills I	24834920816	\N	\N	\N	\N	\N	cqsflzetwx	94	94
48	2022-10-30 19:21:42.542934	2022-10-30 19:21:42.542934	\N	\N	Mr. Jan Nolan II	30040797372	\N	\N	\N	\N	\N	sutnmzrlxe	199	199
49	2022-10-30 19:21:42.933507	2022-10-30 19:21:42.933507	\N	\N	Jerrold Dach IV	62823939518	\N	\N	\N	\N	\N	wmvjevlrmx	49	49
50	2022-10-30 19:21:43.067946	2022-10-30 19:21:43.067946	\N	\N	Durward Metz DVM	73223944510	\N	\N	\N	\N	\N	xjmouwxlda	75	75
51	2022-10-30 19:21:43.333093	2022-10-30 19:21:43.333093	\N	\N	Nicolas Schuster	40027954731	\N	\N	\N	\N	\N	niaoemcqnt	93	93
52	2022-10-30 19:21:43.807527	2022-10-30 19:21:43.807527	\N	\N	Trey Rice MD	77802648787	\N	\N	\N	\N	\N	egztowswqd	200	200
53	2022-10-30 19:21:43.930668	2022-10-30 19:21:43.930668	\N	\N	Anissa Jacobi	40123919880	\N	\N	\N	\N	\N	zeyjyeasnr	111	111
54	2022-10-30 19:21:44.096076	2022-10-30 19:21:44.096076	\N	\N	Kylie Runte IV	15977384463	\N	\N	\N	\N	\N	rxamfdtiyk	2	2
55	2022-10-30 19:21:44.348199	2022-10-30 19:21:44.348199	\N	\N	Jarrett Wisoky	26540849206	\N	\N	\N	\N	\N	vsofojamqz	99	99
56	2022-10-30 19:21:44.495783	2022-10-30 19:21:44.495783	\N	\N	Golda Gislason	54121737209	\N	\N	\N	\N	\N	utlggmlbmt	41	41
57	2022-10-30 19:21:44.620519	2022-10-30 19:21:44.620519	\N	\N	Christ Purdy DDS	83918467820	\N	\N	\N	\N	\N	qmxwzgzswv	2	2
58	2022-10-30 19:21:44.891347	2022-10-30 19:21:44.891347	\N	\N	Nettie Carroll	83125426066	\N	\N	\N	\N	\N	dtvypxnpub	18	18
59	2022-10-30 19:21:45.161035	2022-10-30 19:21:45.161035	\N	\N	Hailie Mertz	19185610492	\N	\N	\N	\N	\N	fmqtjpelng	146	146
60	2022-10-30 19:21:45.601063	2022-10-30 19:21:45.601063	\N	\N	Ms. Faye Zulauf PhD	46943646525	\N	\N	\N	\N	\N	oqiuobchsj	8	8
61	2022-10-30 19:21:45.72935	2022-10-30 19:21:45.72935	\N	\N	Mr. Jamey Marvin	23657738376	\N	\N	\N	\N	\N	zynsowjqlv	174	174
62	2022-10-30 19:21:45.941763	2022-10-30 19:21:45.941763	\N	\N	Sage Prohaska	28188491268	\N	\N	\N	\N	\N	yiwztqzlpi	28	28
63	2022-10-30 19:21:46.071498	2022-10-30 19:21:46.071498	\N	\N	Karley Erdman	61969228535	\N	\N	\N	\N	\N	szrfzgcwjz	200	200
64	2022-10-30 19:21:46.602629	2022-10-30 19:21:46.602629	\N	\N	Mr. Florian Gulgowski	64442068491	\N	\N	\N	\N	\N	syjznjlnxz	82	82
65	2022-10-30 19:21:46.721261	2022-10-30 19:21:46.721261	\N	\N	Elisha Kreiger III	62312524953	\N	\N	\N	\N	\N	sfqxdrsiyp	16	16
66	2022-10-30 19:21:46.904155	2022-10-30 19:21:46.904155	\N	\N	Emelie Kozey	27529104781	\N	\N	\N	\N	\N	stlxictyho	49	49
67	2022-10-30 19:21:47.102623	2022-10-30 19:21:47.102623	\N	\N	Heath Keeling	34497342158	\N	\N	\N	\N	\N	zoyqugwhje	37	37
68	2022-10-30 19:21:47.27125	2022-10-30 19:21:47.27125	\N	\N	Reynold Hand	21484823381	\N	\N	\N	\N	\N	lkmxzydmcy	37	37
69	2022-10-30 19:21:48.067954	2022-10-30 19:21:48.067954	\N	\N	Mr. Russ Bartell	76924680996	\N	\N	\N	\N	\N	fhaqzmkzfw	48	48
70	2022-10-30 19:21:48.206949	2022-10-30 19:21:48.206949	\N	\N	Kirk Bernier	37814356377	\N	\N	\N	\N	\N	eofddjkccb	60	60
71	2022-10-30 19:21:48.451214	2022-10-30 19:21:48.451214	\N	\N	Aubree Bechtelar	61533527124	\N	\N	\N	\N	\N	ecvckrfevs	38	38
72	2022-10-30 19:21:48.605305	2022-10-30 19:21:48.605305	\N	\N	Ms. Neha O"Reilly Jr.	27835084329	\N	\N	\N	\N	\N	glerjbzyyk	139	139
73	2022-10-30 19:21:48.722087	2022-10-30 19:21:48.722087	\N	\N	Ms. Keira Swift DDS	78750418013	\N	\N	\N	\N	\N	qynwxzhumh	145	145
74	2022-10-30 19:21:48.836707	2022-10-30 19:21:48.836707	\N	\N	Mr. Kamryn Altenwerth IV	55961398708	\N	\N	\N	\N	\N	uppmgigqrn	128	128
75	2022-10-30 19:21:49.414671	2022-10-30 19:21:49.414671	\N	\N	Ms. Katrine Jacobson Jr.	10632996777	\N	\N	\N	\N	\N	wllqghtbjb	37	37
76	2022-10-30 19:21:49.947904	2022-10-30 19:21:49.947904	\N	\N	Mabel Rowe Sr.	11423969381	\N	\N	\N	\N	\N	gjuowbvfyl	108	108
77	2022-10-30 19:21:50.168791	2022-10-30 19:21:50.168791	\N	\N	Ms. Larissa Pagac IV	46866368197	\N	\N	\N	\N	\N	gargramigx	190	190
78	2022-10-30 19:21:50.287736	2022-10-30 19:21:50.287736	\N	\N	Mr. Foster Howe	50244595892	\N	\N	\N	\N	\N	xfluabbwrz	116	116
79	2022-10-30 19:21:50.408016	2022-10-30 19:21:50.408016	\N	\N	Phoebe Raynor	23035974032	\N	\N	\N	\N	\N	gijklbstfe	121	121
80	2022-10-30 19:21:51.785583	2022-10-30 19:21:51.785583	\N	\N	Halle Walker	15550600951	\N	\N	\N	\N	\N	yjxldpufwl	145	145
81	2022-10-30 19:21:51.900862	2022-10-30 19:21:51.900862	\N	\N	Ms. Iva Sanford	61065072746	\N	\N	\N	\N	\N	taspvycfmw	7	7
82	2022-10-30 19:21:52.167739	2022-10-30 19:21:52.167739	\N	\N	Frederique Kuhn	50083883792	\N	\N	\N	\N	\N	fdwopgsuje	141	141
83	2022-10-30 19:21:53.189819	2022-10-30 19:21:53.189819	\N	\N	Mervin Fritsch DDS	38017720660	\N	\N	\N	\N	\N	fdwarriupf	62	62
84	2022-10-30 19:21:53.468732	2022-10-30 19:21:53.468732	\N	\N	Madyson Lemke	23426548789	\N	\N	\N	\N	\N	iimcjbljdo	105	105
85	2022-10-30 19:21:53.590375	2022-10-30 19:21:53.590375	\N	\N	Frank Shields	47774461939	\N	\N	\N	\N	\N	ykwkcmknwy	192	192
86	2022-10-30 19:21:54.706401	2022-10-30 19:21:54.706401	\N	\N	Ms. Madisyn Powlowski II	83429669443	\N	\N	\N	\N	\N	nrojxdgwcy	4	4
87	2022-10-30 19:21:54.874155	2022-10-30 19:21:54.874155	\N	\N	Mr. Toby Kuhn	40033023507	\N	\N	\N	\N	\N	bwggtiduwu	108	108
88	2022-10-30 19:21:55.028026	2022-10-30 19:21:55.028026	\N	\N	Mr. Neal Prosacco	14474917736	\N	\N	\N	\N	\N	uaktfqeirr	99	99
89	2022-10-30 19:21:55.84007	2022-10-30 19:21:55.84007	\N	\N	Dorothy Zieme	68114679704	\N	\N	\N	\N	\N	uvkkzwbnos	111	111
90	2022-10-30 19:21:56.409502	2022-10-30 19:21:56.409502	\N	\N	Gavin Paucek	98087311218	\N	\N	\N	\N	\N	zmtvemdgsz	75	75
91	2022-10-30 19:21:56.56312	2022-10-30 19:21:56.56312	\N	\N	Mr. Grayson Beatty Sr.	22356436871	\N	\N	\N	\N	\N	oadxqkxlyc	49	49
92	2022-10-30 19:21:57.936217	2022-10-30 19:21:57.936217	\N	\N	Sterling Zboncak	58010876565	\N	\N	\N	\N	\N	jeopaalqjx	82	82
93	2022-10-30 19:21:58.677826	2022-10-30 19:21:58.677826	\N	\N	Lempi Wunsch	69984559696	\N	\N	\N	\N	\N	cgpjcdgxcc	19	19
94	2022-10-30 19:21:58.804862	2022-10-30 19:21:58.804862	\N	\N	Angelina McKenzie	52137662729	\N	\N	\N	\N	\N	ulhcgknhnx	171	171
95	2022-10-30 19:21:59.269702	2022-10-30 19:21:59.269702	\N	\N	Jessyca Koelpin DVM	71485223320	\N	\N	\N	\N	\N	xwojxmfclr	174	174
96	2022-10-30 19:21:59.488889	2022-10-30 19:21:59.488889	\N	\N	Elna Nitzsche	54080735607	\N	\N	\N	\N	\N	jdcqqdwpie	160	160
97	2022-10-30 19:21:59.701652	2022-10-30 19:21:59.701652	\N	\N	Isabella Adams	44001081518	\N	\N	\N	\N	\N	cvlimwdngw	173	173
98	2022-10-30 19:21:59.829556	2022-10-30 19:21:59.829556	\N	\N	Victor Abshire V	11805039956	\N	\N	\N	\N	\N	htysitkogz	94	94
99	2022-10-30 19:22:00.167229	2022-10-30 19:22:00.167229	\N	\N	Wilmer Graham	51727338851	\N	\N	\N	\N	\N	ewzvjlcyap	28	28
100	2022-10-30 19:22:00.400716	2022-10-30 19:22:00.400716	\N	\N	Mr. Sim Stroman	37808620089	\N	\N	\N	\N	\N	jwuvvaypyo	11	11
101	2022-10-30 19:22:00.551282	2022-10-30 19:22:00.551282	\N	\N	Kailey Gulgowski	97039563536	\N	\N	\N	\N	\N	oimmnanbtp	4	4
102	2022-10-30 19:22:00.677443	2022-10-30 19:22:00.677443	\N	\N	Teagan Schmidt MD	94014108198	\N	\N	\N	\N	\N	pvvewvkayw	130	130
103	2022-10-30 19:22:00.803434	2022-10-30 19:22:00.803434	\N	\N	Misael Zemlak	55036178346	\N	\N	\N	\N	\N	svurccecxe	38	38
104	2022-10-30 19:22:00.963495	2022-10-30 19:22:00.963495	\N	\N	Berry Haag	83633428828	\N	\N	\N	\N	\N	gzycgjiohc	141	141
105	2022-10-30 19:22:01.463326	2022-10-30 19:22:01.463326	\N	\N	Virginia Rau	30856229575	\N	\N	\N	\N	\N	mylazndhlt	82	82
106	2022-10-30 19:22:01.7182	2022-10-30 19:22:01.7182	\N	\N	Felicity Bernier	28408143504	\N	\N	\N	\N	\N	wxmncodlzv	68	68
107	2022-10-30 19:22:01.887706	2022-10-30 19:22:01.887706	\N	\N	Ephraim Moore	69322375835	\N	\N	\N	\N	\N	qwusyfskbo	107	107
108	2022-10-30 19:22:02.039453	2022-10-30 19:22:02.039453	\N	\N	Talia Monahan	58842438076	\N	\N	\N	\N	\N	hbjhektceu	128	128
109	2022-10-30 19:22:02.166396	2022-10-30 19:22:02.166396	\N	\N	Florine Zboncak	21384972912	\N	\N	\N	\N	\N	bhpkbmjpwd	108	108
110	2022-10-30 19:22:02.404883	2022-10-30 19:22:02.404883	\N	\N	Ms. Kiara Dicki IV	44543671897	\N	\N	\N	\N	\N	dqkpephhrc	114	114
111	2022-10-30 19:22:03.015162	2022-10-30 19:22:03.015162	\N	\N	Ms. Florine Metz Jr.	31698101283	\N	\N	\N	\N	\N	wvgtvpbodq	70	70
112	2022-10-30 19:22:03.182203	2022-10-30 19:22:03.182203	\N	\N	Mr. Miller Bayer	16158184234	\N	\N	\N	\N	\N	zxpjcbrzok	160	160
113	2022-10-30 19:22:03.885328	2022-10-30 19:22:03.885328	\N	\N	Erich Stanton	81303802223	\N	\N	\N	\N	\N	zxbtbhulyw	108	108
114	2022-10-30 19:22:04.001158	2022-10-30 19:22:04.001158	\N	\N	Dawn Wunsch	50362576361	\N	\N	\N	\N	\N	xluqytybcz	81	81
115	2022-10-30 19:22:04.366339	2022-10-30 19:22:04.366339	\N	\N	Lazaro Berge	53991301901	\N	\N	\N	\N	\N	xvzkcvtrpa	57	57
116	2022-10-30 19:22:05.130712	2022-10-30 19:22:05.130712	\N	\N	Skylar Dickens	67187346320	\N	\N	\N	\N	\N	hlgpkulegt	116	116
117	2022-10-30 19:22:06.156661	2022-10-30 19:22:06.156661	\N	\N	Mr. Carlo Barton MD	51934508874	\N	\N	\N	\N	\N	bchkcthyfp	50	50
118	2022-10-30 19:22:06.535303	2022-10-30 19:22:06.535303	\N	\N	Shawna Mante DVM	14341787353	\N	\N	\N	\N	\N	erxbyovzbe	2	2
119	2022-10-30 19:22:06.972257	2022-10-30 19:22:06.972257	\N	\N	Jovany Abernathy	72943245030	\N	\N	\N	\N	\N	iexximkvzr	106	106
120	2022-10-30 19:22:07.247298	2022-10-30 19:22:07.247298	\N	\N	Julia Dare	98328811858	\N	\N	\N	\N	\N	hcovqgtffb	54	54
121	2022-10-30 19:22:07.507439	2022-10-30 19:22:07.507439	\N	\N	Ms. Summer Hintz III	74989944606	\N	\N	\N	\N	\N	ghfongqodm	62	62
122	2022-10-30 19:22:08.162465	2022-10-30 19:22:08.162465	\N	\N	Mr. Ramiro Cremin Jr.	44621260994	\N	\N	\N	\N	\N	boxhdcqhgp	4	4
123	2022-10-30 19:22:08.49988	2022-10-30 19:22:08.49988	\N	\N	Doyle Tromp	81368092316	\N	\N	\N	\N	\N	jmrrosxmvu	105	105
124	2022-10-30 19:22:08.621761	2022-10-30 19:22:08.621761	\N	\N	Sunny Lesch II	76134904773	\N	\N	\N	\N	\N	bjjaeebvro	7	7
125	2022-10-30 19:22:08.785555	2022-10-30 19:22:08.785555	\N	\N	Ms. Muriel Marvin	40525360279	\N	\N	\N	\N	\N	omqjoxzrdq	18	18
126	2022-10-30 19:22:08.898246	2022-10-30 19:22:08.898246	\N	\N	Tierra Quitzon DVM	54983429039	\N	\N	\N	\N	\N	ktwvvulsph	50	50
127	2022-10-30 19:22:09.066109	2022-10-30 19:22:09.066109	\N	\N	Mr. Sofia Sipes MD	37585283240	\N	\N	\N	\N	\N	vfxkqvkjho	174	174
128	2022-10-30 19:22:09.770953	2022-10-30 19:22:09.770953	\N	\N	Omer Wilkinson	95286526864	\N	\N	\N	\N	\N	orpqwcsiqg	7	7
129	2022-10-30 19:22:09.934232	2022-10-30 19:22:09.934232	\N	\N	Myrtice Koelpin PhD	94889021175	\N	\N	\N	\N	\N	xtgswisdla	118	118
130	2022-10-30 19:22:10.288228	2022-10-30 19:22:10.288228	\N	\N	D"angelo Balistreri	31924799614	\N	\N	\N	\N	\N	mejumfdwdd	106	106
131	2022-10-30 19:22:10.405462	2022-10-30 19:22:10.405462	\N	\N	Rocky Dicki	53293204956	\N	\N	\N	\N	\N	qkshrsgcym	48	48
132	2022-10-30 19:22:10.704633	2022-10-30 19:22:10.704633	\N	\N	Tyler Okuneva	88738561500	\N	\N	\N	\N	\N	jotmejnnhz	54	54
133	2022-10-30 19:22:10.938079	2022-10-30 19:22:10.938079	\N	\N	Reta Koch	49541935898	\N	\N	\N	\N	\N	hhaixmjyzv	161	161
134	2022-10-30 19:22:11.0564	2022-10-30 19:22:11.0564	\N	\N	Alessia Emard	62549685159	\N	\N	\N	\N	\N	nbjgwqfifn	13	13
135	2022-10-30 19:22:11.216641	2022-10-30 19:22:11.216641	\N	\N	Ursula Beahan	74750578907	\N	\N	\N	\N	\N	ujisqpfvlk	2	2
136	2022-10-30 19:22:11.610483	2022-10-30 19:22:11.610483	\N	\N	Dedrick Bauch	69481178429	\N	\N	\N	\N	\N	oshwgeljou	70	70
137	2022-10-30 19:22:11.765947	2022-10-30 19:22:11.765947	\N	\N	Benny Mosciski III	83472481352	\N	\N	\N	\N	\N	xjjmrsswzn	115	115
138	2022-10-30 19:22:12.253643	2022-10-30 19:22:12.253643	\N	\N	Otis Koelpin	49346980991	\N	\N	\N	\N	\N	zaadksxayj	18	18
139	2022-10-30 19:22:12.896628	2022-10-30 19:22:12.896628	\N	\N	Mr. Blaise Boehm MD	68603858077	\N	\N	\N	\N	\N	ewsnmftyvz	63	63
140	2022-10-30 19:22:13.249263	2022-10-30 19:22:13.249263	\N	\N	Kelvin Pollich	99396238863	\N	\N	\N	\N	\N	dcjwrswfub	55	55
141	2022-10-30 19:22:13.726993	2022-10-30 19:22:13.726993	\N	\N	Ms. Meghan Feil	92560451534	\N	\N	\N	\N	\N	xjmrvkvzzn	25	25
142	2022-10-30 19:22:13.998861	2022-10-30 19:22:13.998861	\N	\N	Barbara Upton Jr.	78583809297	\N	\N	\N	\N	\N	dgiutfxjrh	192	192
143	2022-10-30 19:22:14.829451	2022-10-30 19:22:14.829451	\N	\N	Tommie Schmidt	81800474160	\N	\N	\N	\N	\N	nukmqvmgtr	16	16
144	2022-10-30 19:22:14.949984	2022-10-30 19:22:14.949984	\N	\N	Kirstin Wilderman	18647607834	\N	\N	\N	\N	\N	fhymontsry	199	199
145	2022-10-30 19:22:15.834299	2022-10-30 19:22:15.834299	\N	\N	Aaliyah Ullrich	55592029290	\N	\N	\N	\N	\N	amnrvzoxti	160	160
146	2022-10-30 19:22:15.95857	2022-10-30 19:22:15.95857	\N	\N	Ms. Judy Connelly	51302811287	\N	\N	\N	\N	\N	hntfnmkraq	171	171
147	2022-10-30 19:22:16.585189	2022-10-30 19:22:16.585189	\N	\N	Adelle Rempel	94098842149	\N	\N	\N	\N	\N	yiowdnirhx	68	68
148	2022-10-30 19:22:17.081146	2022-10-30 19:22:17.081146	\N	\N	Russel Nikolaus	28350045406	\N	\N	\N	\N	\N	sgvqafllrb	75	75
149	2022-10-30 19:22:17.348888	2022-10-30 19:22:17.348888	\N	\N	Chelsey Metz	83865636082	\N	\N	\N	\N	\N	ctorzbyrin	105	105
150	2022-10-30 19:22:17.496402	2022-10-30 19:22:17.496402	\N	\N	Urban Johns	98714079645	\N	\N	\N	\N	\N	atktwrkrtm	28	28
151	2022-10-30 19:22:17.989905	2022-10-30 19:22:17.989905	\N	\N	Ms. Ena Raynor MD	68503148951	\N	\N	\N	\N	\N	pwzknoobov	139	139
152	2022-10-30 19:22:18.101312	2022-10-30 19:22:18.101312	\N	\N	Ms. Monique Nitzsche	59024227085	\N	\N	\N	\N	\N	nmsbxwaqqm	166	166
153	2022-10-30 19:22:18.5552	2022-10-30 19:22:18.5552	\N	\N	Mr. Jonathon Herzog	31125951023	\N	\N	\N	\N	\N	twlfscmjnq	54	54
154	2022-10-30 19:22:19.051382	2022-10-30 19:22:19.051382	\N	\N	Freddie Bruen	77659980506	\N	\N	\N	\N	\N	hnypzjyaoz	115	115
155	2022-10-30 19:22:19.166762	2022-10-30 19:22:19.166762	\N	\N	Cassandra Price IV	26934652236	\N	\N	\N	\N	\N	wylrqxbnmt	115	115
156	2022-10-30 19:22:19.283518	2022-10-30 19:22:19.283518	\N	\N	Ms. Brielle Paucek DVM	65002833335	\N	\N	\N	\N	\N	zredsarqkq	13	13
157	2022-10-30 19:22:19.701398	2022-10-30 19:22:19.701398	\N	\N	Mr. Dayton Bernier DVM	24134103296	\N	\N	\N	\N	\N	ydylrmykej	55	55
158	2022-10-30 19:22:20.161337	2022-10-30 19:22:20.161337	\N	\N	Mr. Samir Corwin	24313281718	\N	\N	\N	\N	\N	oavraitipt	198	198
159	2022-10-30 19:22:20.275901	2022-10-30 19:22:20.275901	\N	\N	Hunter Lebsack	11055684238	\N	\N	\N	\N	\N	ksmuqknvcy	7	7
160	2022-10-30 19:22:20.41826	2022-10-30 19:22:20.41826	\N	\N	Ms. Emmie Rempel Sr.	58261702715	\N	\N	\N	\N	\N	borgaaqifk	7	7
161	2022-10-30 19:22:21.37155	2022-10-30 19:22:21.37155	\N	\N	Jacques Wilderman	69586480224	\N	\N	\N	\N	\N	qwyffsfeov	63	63
162	2022-10-30 19:22:21.620985	2022-10-30 19:22:21.620985	\N	\N	Blaise Murray	66837212890	\N	\N	\N	\N	\N	qbbnltyqdo	111	111
163	2022-10-30 19:22:21.897065	2022-10-30 19:22:21.897065	\N	\N	Kaleigh Conroy	18918086618	\N	\N	\N	\N	\N	crgugkybhj	34	34
164	2022-10-30 19:22:22.251527	2022-10-30 19:22:22.251527	\N	\N	Albin Wuckert	76202592451	\N	\N	\N	\N	\N	amncdzrgcm	139	139
165	2022-10-30 19:22:22.488298	2022-10-30 19:22:22.488298	\N	\N	Mya Braun	79439783286	\N	\N	\N	\N	\N	mexrlsjclz	171	171
166	2022-10-30 19:22:23.046144	2022-10-30 19:22:23.046144	\N	\N	Raleigh Hoeger	16675156149	\N	\N	\N	\N	\N	slaeddkxbv	16	16
167	2022-10-30 19:22:23.170012	2022-10-30 19:22:23.170012	\N	\N	Johanna Gerhold	31661109902	\N	\N	\N	\N	\N	huawzehutm	37	37
168	2022-10-30 19:22:23.482446	2022-10-30 19:22:23.482446	\N	\N	Lexi Leuschke	65704974044	\N	\N	\N	\N	\N	vaocdfokuh	118	118
169	2022-10-30 19:22:24.93345	2022-10-30 19:22:24.93345	\N	\N	Ms. Else Lemke III	94426197772	\N	\N	\N	\N	\N	yyiesogjld	128	128
170	2022-10-30 19:22:25.152936	2022-10-30 19:22:25.152936	\N	\N	Madyson Terry	51835970433	\N	\N	\N	\N	\N	tfjyciogzz	28	28
171	2022-10-30 19:22:25.704415	2022-10-30 19:22:25.704415	\N	\N	Reuben Kessler	58986228433	\N	\N	\N	\N	\N	sxfmajqifd	88	88
172	2022-10-30 19:22:25.914925	2022-10-30 19:22:25.914925	\N	\N	Dustin Gorczany	51820302838	\N	\N	\N	\N	\N	ypvxnellny	28	28
173	2022-10-30 19:22:26.144363	2022-10-30 19:22:26.144363	\N	\N	Berniece Romaguera	16464447905	\N	\N	\N	\N	\N	lnadqccsrb	38	38
174	2022-10-30 19:22:26.307864	2022-10-30 19:22:26.307864	\N	\N	Mr. Harley Parisian	99063967651	\N	\N	\N	\N	\N	kjfqedbair	194	194
175	2022-10-30 19:22:26.450584	2022-10-30 19:22:26.450584	\N	\N	Earlene Kutch	52610489935	\N	\N	\N	\N	\N	hazebohtql	8	8
176	2022-10-30 19:22:26.578362	2022-10-30 19:22:26.578362	\N	\N	Mr. Enid Moen	58327343942	\N	\N	\N	\N	\N	vdqibjtypj	25	25
177	2022-10-30 19:22:27.471107	2022-10-30 19:22:27.471107	\N	\N	Mr. Jordy Zboncak I	92722027498	\N	\N	\N	\N	\N	fxkmhkmoku	167	167
178	2022-10-30 19:22:27.601219	2022-10-30 19:22:27.601219	\N	\N	Imogene Reinger DVM	39563193890	\N	\N	\N	\N	\N	lioczabvra	111	111
179	2022-10-30 19:22:27.884137	2022-10-30 19:22:27.884137	\N	\N	Violet Kassulke	77805721614	\N	\N	\N	\N	\N	llvdhxvgor	106	106
180	2022-10-30 19:22:28.016221	2022-10-30 19:22:28.016221	\N	\N	Eino Grant	13993927235	\N	\N	\N	\N	\N	cmhuvrvris	190	190
181	2022-10-30 19:22:28.149587	2022-10-30 19:22:28.149587	\N	\N	Ervin Osinski	25649893605	\N	\N	\N	\N	\N	ucfowzyqjs	11	11
182	2022-10-30 19:22:28.311966	2022-10-30 19:22:28.311966	\N	\N	Jamal Schmidt	18296326834	\N	\N	\N	\N	\N	dslpnruxpc	34	34
183	2022-10-30 19:22:28.876066	2022-10-30 19:22:28.876066	\N	\N	Vincenzo Hane Jr.	57214598920	\N	\N	\N	\N	\N	husqhsyosj	28	28
184	2022-10-30 19:22:29.45497	2022-10-30 19:22:29.45497	\N	\N	Ms. Destiny Rodriguez	44862048853	\N	\N	\N	\N	\N	jmmewdimza	141	141
185	2022-10-30 19:22:29.611607	2022-10-30 19:22:29.611607	\N	\N	Ms. Susan Gerlach	73451506599	\N	\N	\N	\N	\N	irydwjzmcx	166	166
186	2022-10-30 19:22:30.330594	2022-10-30 19:22:30.330594	\N	\N	Herman Schultz	49330616733	\N	\N	\N	\N	\N	dzwvffvffi	55	55
187	2022-10-30 19:22:30.479596	2022-10-30 19:22:30.479596	\N	\N	Eileen Conn	59982005852	\N	\N	\N	\N	\N	fbpssxsbjy	55	55
188	2022-10-30 19:22:30.759494	2022-10-30 19:22:30.759494	\N	\N	Mr. Bryce O"Hara PhD	87053510516	\N	\N	\N	\N	\N	fpqavdedby	111	111
189	2022-10-30 19:22:30.935859	2022-10-30 19:22:30.935859	\N	\N	Ms. Zelda Stehr	85163964698	\N	\N	\N	\N	\N	kreqzwrvel	7	7
190	2022-10-30 19:22:31.082511	2022-10-30 19:22:31.082511	\N	\N	Bonnie Wehner Jr.	87350989060	\N	\N	\N	\N	\N	kunwwlesel	167	167
191	2022-10-30 19:22:31.469028	2022-10-30 19:22:31.469028	\N	\N	Meredith Hilll	91743041148	\N	\N	\N	\N	\N	niurleveij	118	118
192	2022-10-30 19:22:31.856054	2022-10-30 19:22:31.856054	\N	\N	Lorine White MD	39970301942	\N	\N	\N	\N	\N	omclpvwqtx	114	114
193	2022-10-30 19:22:32.072201	2022-10-30 19:22:32.072201	\N	\N	Marielle Zemlak	61414529391	\N	\N	\N	\N	\N	qlynitrtil	111	111
194	2022-10-30 19:22:32.8805	2022-10-30 19:22:32.8805	\N	\N	Aditya Hoeger	75301987423	\N	\N	\N	\N	\N	wnbohbtfzq	106	106
195	2022-10-30 19:22:33.112322	2022-10-30 19:22:33.112322	\N	\N	Kayley Morar	71070885911	\N	\N	\N	\N	\N	quroizlqeu	40	40
196	2022-10-30 19:22:33.368952	2022-10-30 19:22:33.368952	\N	\N	Ms. Monique Kulas	68563536746	\N	\N	\N	\N	\N	cwqsuhvsdd	161	161
197	2022-10-30 19:22:33.965953	2022-10-30 19:22:33.965953	\N	\N	Titus Harris	92357784713	\N	\N	\N	\N	\N	zaxpggcpvg	139	139
198	2022-10-30 19:22:34.311623	2022-10-30 19:22:34.311623	\N	\N	Eugenia Bahringer	83807557082	\N	\N	\N	\N	\N	esqyadxgor	128	128
199	2022-10-30 19:22:34.567741	2022-10-30 19:22:34.567741	\N	\N	Ms. Julianne Lemke	82938533379	\N	\N	\N	\N	\N	cqkkivxqrv	69	69
200	2022-10-30 19:22:34.676306	2022-10-30 19:22:34.676306	\N	\N	Ms. Bette Brakus	96497404046	\N	\N	\N	\N	\N	eawtmglhdr	64	64
201	2022-10-30 19:22:34.839143	2022-10-30 19:22:34.839143	\N	\N	Jerod Cronin	83134107838	\N	\N	\N	\N	\N	gaihmbeevo	121	121
202	2022-10-30 19:22:35.114208	2022-10-30 19:22:35.114208	\N	\N	Thaddeus Ziemann	79498603213	\N	\N	\N	\N	\N	rxyqjbylfu	71	71
203	2022-10-30 19:22:35.242205	2022-10-30 19:22:35.242205	\N	\N	Manuela Lynch	10336884407	\N	\N	\N	\N	\N	gkfjvghaqo	146	146
204	2022-10-30 19:22:35.822018	2022-10-30 19:22:35.822018	\N	\N	Aaliyah Boyer	26593392150	\N	\N	\N	\N	\N	nzsdfzlame	37	37
205	2022-10-30 19:22:36.423908	2022-10-30 19:22:36.423908	\N	\N	Brandi Bailey	72440001459	\N	\N	\N	\N	\N	ykxzmqyijq	50	50
206	2022-10-30 19:22:36.838022	2022-10-30 19:22:36.838022	\N	\N	Justice Howe	60521093778	\N	\N	\N	\N	\N	owvvqwzjml	158	158
207	2022-10-30 19:22:36.962103	2022-10-30 19:22:36.962103	\N	\N	Mr. Felton Harvey V	61842711392	\N	\N	\N	\N	\N	jamomvvhob	11	11
208	2022-10-30 19:22:37.117395	2022-10-30 19:22:37.117395	\N	\N	Lenna Reichert	99192494256	\N	\N	\N	\N	\N	kogjubqpat	93	93
209	2022-10-30 19:22:37.234495	2022-10-30 19:22:37.234495	\N	\N	Alexanne Breitenberg	91100122778	\N	\N	\N	\N	\N	fgoksaaupv	121	121
210	2022-10-30 19:22:37.970227	2022-10-30 19:22:37.970227	\N	\N	Ms. Earnestine Schaden PhD	30732207917	\N	\N	\N	\N	\N	zhlfikqxxg	23	23
211	2022-10-30 19:22:38.231648	2022-10-30 19:22:38.231648	\N	\N	Jacky Sanford DVM	58549975851	\N	\N	\N	\N	\N	tfnljedgjp	111	111
212	2022-10-30 19:22:38.411506	2022-10-30 19:22:38.411506	\N	\N	Ms. Reanna Price	99159757444	\N	\N	\N	\N	\N	seniuvyzyj	200	200
213	2022-10-30 19:22:38.649901	2022-10-30 19:22:38.649901	\N	\N	Ashleigh Kuhn	63476991652	\N	\N	\N	\N	\N	ulaavbwntv	128	128
214	2022-10-30 19:22:38.821316	2022-10-30 19:22:38.821316	\N	\N	Maryam Murphy	37022657097	\N	\N	\N	\N	\N	ynpnmppful	68	68
215	2022-10-30 19:22:38.962093	2022-10-30 19:22:38.962093	\N	\N	Lonie Bailey	99076112945	\N	\N	\N	\N	\N	yjhhsrytvr	128	128
216	2022-10-30 19:22:39.298052	2022-10-30 19:22:39.298052	\N	\N	Cathrine Weimann	79188393466	\N	\N	\N	\N	\N	hsjwdmexzm	68	68
217	2022-10-30 19:22:39.562195	2022-10-30 19:22:39.562195	\N	\N	Ms. Adeline Blick Sr.	84529987935	\N	\N	\N	\N	\N	jofupaubog	57	57
218	2022-10-30 19:22:40.070964	2022-10-30 19:22:40.070964	\N	\N	Aniya Farrell	80594400535	\N	\N	\N	\N	\N	djxyfyyaxl	160	160
219	2022-10-30 19:22:40.299695	2022-10-30 19:22:40.299695	\N	\N	Roxanne Kovacek	58079904237	\N	\N	\N	\N	\N	bnnmstntpu	82	82
220	2022-10-30 19:22:40.534549	2022-10-30 19:22:40.534549	\N	\N	Dameon Runte	62964027663	\N	\N	\N	\N	\N	gcayfceyma	25	25
221	2022-10-30 19:22:40.654322	2022-10-30 19:22:40.654322	\N	\N	Tyra Cole Sr.	20332858927	\N	\N	\N	\N	\N	uppshxcziv	75	75
222	2022-10-30 19:22:41.259219	2022-10-30 19:22:41.259219	\N	\N	Ms. Matilda Armstrong PhD	33747446847	\N	\N	\N	\N	\N	rzrcwngeld	4	4
223	2022-10-30 19:22:41.487351	2022-10-30 19:22:41.487351	\N	\N	Conor Monahan	27553375239	\N	\N	\N	\N	\N	swzesoydec	41	41
224	2022-10-30 19:22:41.620313	2022-10-30 19:22:41.620313	\N	\N	Theodore Hettinger	13896600514	\N	\N	\N	\N	\N	jsidotmoni	161	161
225	2022-10-30 19:22:42.160962	2022-10-30 19:22:42.160962	\N	\N	Mr. Trever Crist	32512748047	\N	\N	\N	\N	\N	bekyxcopgd	25	25
226	2022-10-30 19:22:42.855133	2022-10-30 19:22:42.855133	\N	\N	Lenny Quitzon	99784722865	\N	\N	\N	\N	\N	ckitpzuacb	82	82
227	2022-10-30 19:22:43.2074	2022-10-30 19:22:43.2074	\N	\N	Imelda Johns	47151148159	\N	\N	\N	\N	\N	gejzvtsmgu	49	49
228	2022-10-30 19:22:43.491409	2022-10-30 19:22:43.491409	\N	\N	Justice Nicolas	13639063835	\N	\N	\N	\N	\N	qpteezzfxi	105	105
229	2022-10-30 19:22:44.003679	2022-10-30 19:22:44.003679	\N	\N	Mozelle Kris	41382329567	\N	\N	\N	\N	\N	fiynelvsjj	38	38
230	2022-10-30 19:22:44.183128	2022-10-30 19:22:44.183128	\N	\N	Sydnee O"Connell	40539005026	\N	\N	\N	\N	\N	ybinvfrufu	93	93
231	2022-10-30 19:22:44.31809	2022-10-30 19:22:44.31809	\N	\N	Mr. Jalon Lind	62377339167	\N	\N	\N	\N	\N	nudvftenxz	81	81
232	2022-10-30 19:22:44.607006	2022-10-30 19:22:44.607006	\N	\N	Marlon Blanda PhD	18663709340	\N	\N	\N	\N	\N	kawtcvcpar	116	116
233	2022-10-30 19:22:44.732866	2022-10-30 19:22:44.732866	\N	\N	Marisol Lind	11934893688	\N	\N	\N	\N	\N	oonpfufchl	4	4
234	2022-10-30 19:22:44.854737	2022-10-30 19:22:44.854737	\N	\N	Ms. Rachael Bogisich	37765963266	\N	\N	\N	\N	\N	mevpskronx	24	24
235	2022-10-30 19:22:44.984498	2022-10-30 19:22:44.984498	\N	\N	Lorena Mitchell	75615835805	\N	\N	\N	\N	\N	xjxixsdbas	28	28
236	2022-10-30 19:22:45.215633	2022-10-30 19:22:45.215633	\N	\N	Arlene Kirlin MD	96735851635	\N	\N	\N	\N	\N	lcznmgqmmo	107	107
237	2022-10-30 19:22:45.734541	2022-10-30 19:22:45.734541	\N	\N	Ryann Kunze	99337268531	\N	\N	\N	\N	\N	gluebsiama	150	150
238	2022-10-30 19:22:45.895577	2022-10-30 19:22:45.895577	\N	\N	Ms. Felipa Kub Jr.	85470566943	\N	\N	\N	\N	\N	kmjpanvdrw	49	49
239	2022-10-30 19:22:46.044084	2022-10-30 19:22:46.044084	\N	\N	Icie Sauer	92046864175	\N	\N	\N	\N	\N	ujkejpregz	130	130
240	2022-10-30 19:22:46.17223	2022-10-30 19:22:46.17223	\N	\N	Mr. Dimitri Leannon	35863728815	\N	\N	\N	\N	\N	nofuhcrldj	200	200
241	2022-10-30 19:22:46.422839	2022-10-30 19:22:46.422839	\N	\N	Mr. Johathan Altenwerth	56281402465	\N	\N	\N	\N	\N	xtzehjmsrd	11	11
242	2022-10-30 19:22:46.69321	2022-10-30 19:22:46.69321	\N	\N	Bartholome Konopelski	32566198367	\N	\N	\N	\N	\N	mjwsqtvfbi	166	166
243	2022-10-30 19:22:46.817698	2022-10-30 19:22:46.817698	\N	\N	Mr. Imani Strosin	62013112580	\N	\N	\N	\N	\N	rbgtvxdnyx	106	106
244	2022-10-30 19:22:47.522716	2022-10-30 19:22:47.522716	\N	\N	Felicita Jaskolski	94620752199	\N	\N	\N	\N	\N	muymorojbk	60	60
245	2022-10-30 19:22:47.676304	2022-10-30 19:22:47.676304	\N	\N	Emmanuel Yost II	37250757016	\N	\N	\N	\N	\N	ubjfgrnueh	75	75
246	2022-10-30 19:22:47.849291	2022-10-30 19:22:47.849291	\N	\N	Mr. Mohammad Nolan	88050137749	\N	\N	\N	\N	\N	rwthqozjho	150	150
247	2022-10-30 19:22:48.111375	2022-10-30 19:22:48.111375	\N	\N	Gloria Dare	54299338206	\N	\N	\N	\N	\N	nncfgfvoih	2	2
248	2022-10-30 19:22:48.378268	2022-10-30 19:22:48.378268	\N	\N	Mr. Kraig Fisher DVM	82634387995	\N	\N	\N	\N	\N	hxxssipcsl	41	41
249	2022-10-30 19:22:48.509981	2022-10-30 19:22:48.509981	\N	\N	Vernice Monahan	94382970629	\N	\N	\N	\N	\N	ggiegntfsu	41	41
250	2022-10-30 19:22:48.981757	2022-10-30 19:22:48.981757	\N	\N	Mr. Luigi Rau	41399806756	\N	\N	\N	\N	\N	tghdorhcxr	48	48
251	2022-10-30 19:22:49.357699	2022-10-30 19:22:49.357699	\N	\N	Beaulah Flatley	90768814355	\N	\N	\N	\N	\N	qjgvfyftbd	38	38
252	2022-10-30 19:22:49.868324	2022-10-30 19:22:49.868324	\N	\N	Lacey DuBuque	44922183893	\N	\N	\N	\N	\N	ccqkuibavr	8	8
253	2022-10-30 19:22:50.111441	2022-10-30 19:22:50.111441	\N	\N	Johnson Bergstrom DDS	45129100650	\N	\N	\N	\N	\N	kivsxfmish	7	7
254	2022-10-30 19:22:50.463115	2022-10-30 19:22:50.463115	\N	\N	Nyasia Nicolas	45456150702	\N	\N	\N	\N	\N	krlqnvqkgc	154	154
255	2022-10-30 19:22:50.628442	2022-10-30 19:22:50.628442	\N	\N	Eleanora Reinger	75950370730	\N	\N	\N	\N	\N	hrpjtikdpl	19	19
256	2022-10-30 19:22:50.75093	2022-10-30 19:22:50.75093	\N	\N	Alford Zemlak	13890816902	\N	\N	\N	\N	\N	qvhzdjrhzy	8	8
257	2022-10-30 19:22:51.108481	2022-10-30 19:22:51.108481	\N	\N	Ms. Zetta Turner	72991908432	\N	\N	\N	\N	\N	pzvdkhceta	114	114
258	2022-10-30 19:22:51.368285	2022-10-30 19:22:51.368285	\N	\N	Ms. Verona Glover	89256557252	\N	\N	\N	\N	\N	hoilogjnqw	13	13
259	2022-10-30 19:22:51.580224	2022-10-30 19:22:51.580224	\N	\N	Mr. Matt Glover III	56989307610	\N	\N	\N	\N	\N	xrwkeirnjo	141	141
260	2022-10-30 19:22:51.947971	2022-10-30 19:22:51.947971	\N	\N	Ms. Lorna Macejkovic	78518265645	\N	\N	\N	\N	\N	rcwczcfcso	54	54
261	2022-10-30 19:22:52.052382	2022-10-30 19:22:52.052382	\N	\N	Ms. Juana Von	97134541202	\N	\N	\N	\N	\N	nllgzztnka	11	11
262	2022-10-30 19:22:52.333882	2022-10-30 19:22:52.333882	\N	\N	Hoyt O"Kon	74571937438	\N	\N	\N	\N	\N	opfwmgnlap	166	166
263	2022-10-30 19:22:53.041084	2022-10-30 19:22:53.041084	\N	\N	Ms. May Olson PhD	58042382281	\N	\N	\N	\N	\N	wvoybkeldz	93	93
264	2022-10-30 19:22:53.172727	2022-10-30 19:22:53.172727	\N	\N	Ila Schaefer	44787631455	\N	\N	\N	\N	\N	rrdgvgeiou	24	24
265	2022-10-30 19:22:53.595181	2022-10-30 19:22:53.595181	\N	\N	Chelsea Zieme	91436145635	\N	\N	\N	\N	\N	eotfyrleol	19	19
266	2022-10-30 19:22:53.85708	2022-10-30 19:22:53.85708	\N	\N	Cleta Balistreri	91953190017	\N	\N	\N	\N	\N	btudaylove	93	93
267	2022-10-30 19:22:53.990452	2022-10-30 19:22:53.990452	\N	\N	Eli Boyle	54361923356	\N	\N	\N	\N	\N	cclzxqnytt	99	99
268	2022-10-30 19:22:54.394061	2022-10-30 19:22:54.394061	\N	\N	Ms. Reta Runte Sr.	96901140554	\N	\N	\N	\N	\N	qtzxzrdwlw	11	11
269	2022-10-30 19:22:54.546546	2022-10-30 19:22:54.546546	\N	\N	Savannah Krajcik	31582350425	\N	\N	\N	\N	\N	pbvefflvky	190	190
270	2022-10-30 19:22:54.778683	2022-10-30 19:22:54.778683	\N	\N	Krystina Mitchell	53332590701	\N	\N	\N	\N	\N	ycjbettrqo	118	118
271	2022-10-30 19:22:54.894385	2022-10-30 19:22:54.894385	\N	\N	Maximilian Stokes	82358259555	\N	\N	\N	\N	\N	dyufrwcavx	107	107
272	2022-10-30 19:22:55.040142	2022-10-30 19:22:55.040142	\N	\N	Ms. Viola Mayer V	92577308053	\N	\N	\N	\N	\N	wnibfwkbci	167	167
273	2022-10-30 19:22:55.167998	2022-10-30 19:22:55.167998	\N	\N	Mr. Dante Kunze II	63767665617	\N	\N	\N	\N	\N	yywgdlljox	199	199
274	2022-10-30 19:22:55.397853	2022-10-30 19:22:55.397853	\N	\N	Crystal Gerlach	38520107481	\N	\N	\N	\N	\N	bcjvhroetn	40	40
275	2022-10-30 19:22:55.745065	2022-10-30 19:22:55.745065	\N	\N	Magdalena Wiza	79666422581	\N	\N	\N	\N	\N	lzsuzljzdf	34	34
276	2022-10-30 19:22:56.01742	2022-10-30 19:22:56.01742	\N	\N	Cierra Beier	36534594386	\N	\N	\N	\N	\N	jlncvdpvdq	54	54
277	2022-10-30 19:22:56.635032	2022-10-30 19:22:56.635032	\N	\N	Mariah Wolff III	30003422620	\N	\N	\N	\N	\N	ikhmnvkhmp	173	173
278	2022-10-30 19:22:56.861438	2022-10-30 19:22:56.861438	\N	\N	Maynard Bahringer	72802658189	\N	\N	\N	\N	\N	pfhtasquxx	146	146
279	2022-10-30 19:22:56.9816	2022-10-30 19:22:56.9816	\N	\N	Mr. Kennith Dare II	83356118283	\N	\N	\N	\N	\N	ffujuiusvi	198	198
280	2022-10-30 19:22:57.337651	2022-10-30 19:22:57.337651	\N	\N	Juliet Luettgen	85812281644	\N	\N	\N	\N	\N	cwnucgxdli	63	63
281	2022-10-30 19:22:57.580975	2022-10-30 19:22:57.580975	\N	\N	Ms. Lessie Kohler III	31662999599	\N	\N	\N	\N	\N	rmjmzukoai	105	105
282	2022-10-30 19:22:58.219187	2022-10-30 19:22:58.219187	\N	\N	Brayan Anderson	29676131925	\N	\N	\N	\N	\N	qnrzujccvq	115	115
283	2022-10-30 19:22:58.696327	2022-10-30 19:22:58.696327	\N	\N	Jarvis Satterfield	59429754164	\N	\N	\N	\N	\N	daagvhsggk	11	11
284	2022-10-30 19:22:58.947324	2022-10-30 19:22:58.947324	\N	\N	Ms. Antonina Green	90026467390	\N	\N	\N	\N	\N	ubygaqegcw	171	171
285	2022-10-30 19:22:59.093097	2022-10-30 19:22:59.093097	\N	\N	Ms. Alysson Waelchi I	86835242759	\N	\N	\N	\N	\N	vmbpebuyas	19	19
286	2022-10-30 19:22:59.205351	2022-10-30 19:22:59.205351	\N	\N	Edyth Jerde	24601940361	\N	\N	\N	\N	\N	vykkyvvxkm	88	88
287	2022-10-30 19:23:00.139688	2022-10-30 19:23:00.139688	\N	\N	Marcelina Waelchi III	55503562800	\N	\N	\N	\N	\N	wxoujsbmqf	95	95
288	2022-10-30 19:23:00.286533	2022-10-30 19:23:00.286533	\N	\N	Mr. Ronny Connelly	97458049256	\N	\N	\N	\N	\N	gqhqbsdpfx	68	68
289	2022-10-30 19:23:00.538851	2022-10-30 19:23:00.538851	\N	\N	Ms. Bryana Moore II	63405155491	\N	\N	\N	\N	\N	osdghiopkn	185	185
290	2022-10-30 19:23:00.69335	2022-10-30 19:23:00.69335	\N	\N	Ms. Loraine Powlowski Sr.	59576524786	\N	\N	\N	\N	\N	xuajzkkyev	63	63
291	2022-10-30 19:23:01.179826	2022-10-30 19:23:01.179826	\N	\N	Mr. Jasper Murray III	35321322022	\N	\N	\N	\N	\N	piuecubnve	130	130
292	2022-10-30 19:23:01.529259	2022-10-30 19:23:01.529259	\N	\N	Camron Effertz DDS	60304098600	\N	\N	\N	\N	\N	eluqcoplts	40	40
293	2022-10-30 19:23:01.967592	2022-10-30 19:23:01.967592	\N	\N	Lilian Ziemann	78408332030	\N	\N	\N	\N	\N	dbmqrgnnju	128	128
294	2022-10-30 19:23:02.403704	2022-10-30 19:23:02.403704	\N	\N	Ms. Rhea Goodwin	75527377449	\N	\N	\N	\N	\N	xeamvvrtzt	40	40
295	2022-10-30 19:23:02.533741	2022-10-30 19:23:02.533741	\N	\N	Kallie Volkman	71600311003	\N	\N	\N	\N	\N	bttjckoywq	60	60
296	2022-10-30 19:23:02.670598	2022-10-30 19:23:02.670598	\N	\N	Mr. Jillian Thiel	71749320235	\N	\N	\N	\N	\N	pvhwegjkeo	34	34
297	2022-10-30 19:23:03.393512	2022-10-30 19:23:03.393512	\N	\N	Mr. Zackary Goldner	34898795529	\N	\N	\N	\N	\N	lgryaghxfz	171	171
298	2022-10-30 19:23:03.75737	2022-10-30 19:23:03.75737	\N	\N	Anika Rolfson	25890746444	\N	\N	\N	\N	\N	xghkhfpkty	93	93
299	2022-10-30 19:23:04.223839	2022-10-30 19:23:04.223839	\N	\N	Eldon Roberts I	95126533823	\N	\N	\N	\N	\N	iqeemlajue	55	55
300	2022-10-30 19:23:04.703615	2022-10-30 19:23:04.703615	\N	\N	Mr. Olaf Konopelski III	51020622525	\N	\N	\N	\N	\N	agxmdhvecd	141	141
301	2022-10-30 19:23:04.867805	2022-10-30 19:23:04.867805	\N	\N	Conor Powlowski V	15657122559	\N	\N	\N	\N	\N	hczoavwhrq	57	57
302	2022-10-30 19:23:05.018325	2022-10-30 19:23:05.018325	\N	\N	Ms. Malika Johnston	67504407539	\N	\N	\N	\N	\N	cosmnvzmcy	167	167
303	2022-10-30 19:23:05.135964	2022-10-30 19:23:05.135964	\N	\N	Quinton D"Amore	92950666581	\N	\N	\N	\N	\N	pwcncpnccu	4	4
304	2022-10-30 19:23:05.492321	2022-10-30 19:23:05.492321	\N	\N	Brandt Hane	52070569523	\N	\N	\N	\N	\N	dkpbslegqa	11	11
305	2022-10-30 19:23:05.754495	2022-10-30 19:23:05.754495	\N	\N	Amie Mitchell	39265174182	\N	\N	\N	\N	\N	mhhpquumzh	13	13
306	2022-10-30 19:23:06.153894	2022-10-30 19:23:06.153894	\N	\N	Ms. Nelle Purdy MD	11589834841	\N	\N	\N	\N	\N	davreswifi	48	48
307	2022-10-30 19:23:06.355192	2022-10-30 19:23:06.355192	\N	\N	Ms. Vernice Daugherty	12440280433	\N	\N	\N	\N	\N	zjnxsxkhbl	60	60
308	2022-10-30 19:23:06.494729	2022-10-30 19:23:06.494729	\N	\N	Mr. Kyle Kris	46934339482	\N	\N	\N	\N	\N	gzzwxceyrc	40	40
309	2022-10-30 19:23:06.732538	2022-10-30 19:23:06.732538	\N	\N	Mr. Spencer Bayer	83223550112	\N	\N	\N	\N	\N	wogiihwdbe	146	146
310	2022-10-30 19:23:07.842783	2022-10-30 19:23:07.842783	\N	\N	Electa Ortiz	22644374576	\N	\N	\N	\N	\N	nuyqirmbig	50	50
311	2022-10-30 19:23:08.000666	2022-10-30 19:23:08.000666	\N	\N	Madisen Gibson	25214303479	\N	\N	\N	\N	\N	azgpvtetfm	54	54
312	2022-10-30 19:23:08.668707	2022-10-30 19:23:08.668707	\N	\N	Lilian Kub	72512353932	\N	\N	\N	\N	\N	oqqnmymlej	28	28
313	2022-10-30 19:23:08.810249	2022-10-30 19:23:08.810249	\N	\N	Dayne Wolff	35398685948	\N	\N	\N	\N	\N	rshgnklalk	158	158
314	2022-10-30 19:23:08.932527	2022-10-30 19:23:08.932527	\N	\N	Kaley Fritsch PhD	85400012335	\N	\N	\N	\N	\N	jfzgvthngl	192	192
315	2022-10-30 19:23:09.083143	2022-10-30 19:23:09.083143	\N	\N	Willow Nolan	18895563981	\N	\N	\N	\N	\N	paqkcshxmf	68	68
316	2022-10-30 19:23:09.23277	2022-10-30 19:23:09.23277	\N	\N	Jerel Leffler	63085073568	\N	\N	\N	\N	\N	qijojgndsn	105	105
317	2022-10-30 19:23:09.569151	2022-10-30 19:23:09.569151	\N	\N	Dejah Langworth	74310197657	\N	\N	\N	\N	\N	fwvswpiajn	60	60
318	2022-10-30 19:23:09.9121	2022-10-30 19:23:09.9121	\N	\N	Xavier Reichert	69004487907	\N	\N	\N	\N	\N	tuedobcknx	174	174
319	2022-10-30 19:23:10.450223	2022-10-30 19:23:10.450223	\N	\N	Nyasia Larkin	82044901727	\N	\N	\N	\N	\N	dhcdvgamwv	69	69
320	2022-10-30 19:23:10.557314	2022-10-30 19:23:10.557314	\N	\N	Mr. Columbus Schowalter	86316773797	\N	\N	\N	\N	\N	jmuiimlqul	114	114
321	2022-10-30 19:23:10.829605	2022-10-30 19:23:10.829605	\N	\N	Logan Goyette	46323463666	\N	\N	\N	\N	\N	jwgdugtosy	106	106
322	2022-10-30 19:23:11.396748	2022-10-30 19:23:11.396748	\N	\N	Daphney O"Hara	74982257620	\N	\N	\N	\N	\N	qavonukdbt	4	4
323	2022-10-30 19:23:12.336553	2022-10-30 19:23:12.336553	\N	\N	Jackie Legros	99903909956	\N	\N	\N	\N	\N	etlgasjydc	41	41
324	2022-10-30 19:23:12.587846	2022-10-30 19:23:12.587846	\N	\N	Mr. Douglas Grant V	92746090410	\N	\N	\N	\N	\N	easpcuvjni	48	48
325	2022-10-30 19:23:13.88353	2022-10-30 19:23:13.88353	\N	\N	Zander Stehr	52507003688	\N	\N	\N	\N	\N	diwurtbmxm	158	158
326	2022-10-30 19:23:14.366512	2022-10-30 19:23:14.366512	\N	\N	Ms. Suzanne Mohr PhD	59387168169	\N	\N	\N	\N	\N	agujsnwzpb	81	81
327	2022-10-30 19:23:14.518377	2022-10-30 19:23:14.518377	\N	\N	Dasia Hodkiewicz	21830250680	\N	\N	\N	\N	\N	rqygnvjcoe	171	171
328	2022-10-30 19:23:14.731393	2022-10-30 19:23:14.731393	\N	\N	Alexandre Crona	30188661831	\N	\N	\N	\N	\N	ljpupjktdh	24	24
329	2022-10-30 19:23:15.645569	2022-10-30 19:23:15.645569	\N	\N	Austen Wisoky	94776707521	\N	\N	\N	\N	\N	ivhjndzymv	34	34
330	2022-10-30 19:23:15.767994	2022-10-30 19:23:15.767994	\N	\N	Savannah Skiles	42123745012	\N	\N	\N	\N	\N	gotvjhwqmc	105	105
331	2022-10-30 19:23:16.323995	2022-10-30 19:23:16.323995	\N	\N	Ms. Janessa Collier III	39940817622	\N	\N	\N	\N	\N	ysinqqotob	75	75
332	2022-10-30 19:23:17.354104	2022-10-30 19:23:17.354104	\N	\N	Valerie Prosacco	94778746612	\N	\N	\N	\N	\N	grdijiayoo	40	40
333	2022-10-30 19:23:17.477648	2022-10-30 19:23:17.477648	\N	\N	Eli Schiller IV	42511117686	\N	\N	\N	\N	\N	geihptvnnx	105	105
334	2022-10-30 19:23:17.967364	2022-10-30 19:23:17.967364	\N	\N	Mr. Everardo Halvorson I	71896922762	\N	\N	\N	\N	\N	nddbinyfff	13	13
335	2022-10-30 19:23:18.064998	2022-10-30 19:23:18.064998	\N	\N	Victor Gusikowski I	97081618398	\N	\N	\N	\N	\N	aozcpkhugt	108	108
336	2022-10-30 19:23:18.307047	2022-10-30 19:23:18.307047	\N	\N	Gail Lebsack	50362187478	\N	\N	\N	\N	\N	lwrxxrgxig	167	167
337	2022-10-30 19:23:18.675848	2022-10-30 19:23:18.675848	\N	\N	Vinnie Hyatt PhD	95280574616	\N	\N	\N	\N	\N	qxyqazuwiq	160	160
338	2022-10-30 19:23:18.915502	2022-10-30 19:23:18.915502	\N	\N	Jarrett Runolfsdottir	20474879656	\N	\N	\N	\N	\N	gwigbvztsc	161	161
339	2022-10-30 19:23:19.048872	2022-10-30 19:23:19.048872	\N	\N	Ariel Runte V	85947868615	\N	\N	\N	\N	\N	ynnreeynsh	185	185
340	2022-10-30 19:23:19.193972	2022-10-30 19:23:19.193972	\N	\N	Christophe Schaden PhD	57085890682	\N	\N	\N	\N	\N	okbrqeaycr	54	54
341	2022-10-30 19:23:19.301744	2022-10-30 19:23:19.301744	\N	\N	Howard Ratke	36432762613	\N	\N	\N	\N	\N	vmxqekpfvl	194	194
342	2022-10-30 19:23:19.520617	2022-10-30 19:23:19.520617	\N	\N	Ms. Courtney Heathcote	50414117407	\N	\N	\N	\N	\N	vapbwzbcsj	141	141
343	2022-10-30 19:23:20.019224	2022-10-30 19:23:20.019224	\N	\N	Valerie Krajcik	82778343465	\N	\N	\N	\N	\N	rzdcqcmwvt	71	71
344	2022-10-30 19:23:20.151412	2022-10-30 19:23:20.151412	\N	\N	Fred Johnston	33049434865	\N	\N	\N	\N	\N	rdwxxyvljf	121	121
345	2022-10-30 19:23:20.359196	2022-10-30 19:23:20.359196	\N	\N	Ms. Andreanne Kuhlman	74068142103	\N	\N	\N	\N	\N	kkfefkcvgr	171	171
346	2022-10-30 19:23:20.8596	2022-10-30 19:23:20.8596	\N	\N	Mr. Jamar Orn	49610950669	\N	\N	\N	\N	\N	xkluvpbvfd	108	108
\.


--
-- Name: advances_id_seq; Type: SEQUENCE SET; Schema: public; Owner: postgres
--

SELECT pg_catalog.setval('public.advances_id_seq', 1, false);


--
-- Name: buyer_sites_id_seq; Type: SEQUENCE SET; Schema: public; Owner: postgres
--

SELECT pg_catalog.setval('public.buyer_sites_id_seq', 99, true);


--
-- Name: buyers_id_seq; Type: SEQUENCE SET; Schema: public; Owner: postgres
--

SELECT pg_catalog.setval('public.buyers_id_seq', 260, true);


--
-- Name: dealer_route_users_id_seq; Type: SEQUENCE SET; Schema: public; Owner: postgres
--

SELECT pg_catalog.setval('public.dealer_route_users_id_seq', 1, false);


--
-- Name: dealer_sites_id_seq; Type: SEQUENCE SET; Schema: public; Owner: postgres
--

SELECT pg_catalog.setval('public.dealer_sites_id_seq', 137, true);


--
-- Name: dealers_id_seq; Type: SEQUENCE SET; Schema: public; Owner: postgres
--

SELECT pg_catalog.setval('public.dealers_id_seq', 333, true);


--
-- Name: deposit_lines_id_seq; Type: SEQUENCE SET; Schema: public; Owner: postgres
--

SELECT pg_catalog.setval('public.deposit_lines_id_seq', 1, false);


--
-- Name: deposits_id_seq; Type: SEQUENCE SET; Schema: public; Owner: postgres
--

SELECT pg_catalog.setval('public.deposits_id_seq', 1, false);


--
-- Name: invoice_file_process_id; Type: SEQUENCE SET; Schema: public; Owner: postgres
--

SELECT pg_catalog.setval('public.invoice_file_process_id', 1, false);


--
-- Name: invoice_interface_id_seq; Type: SEQUENCE SET; Schema: public; Owner: postgres
--

SELECT pg_catalog.setval('public.invoice_interface_id_seq', 1, false);


--
-- Name: invoice_lines_id_seq; Type: SEQUENCE SET; Schema: public; Owner: postgres
--

SELECT pg_catalog.setval('public.invoice_lines_id_seq', 1, false);


--
-- Name: invoices_id_seq; Type: SEQUENCE SET; Schema: public; Owner: postgres
--

SELECT pg_catalog.setval('public.invoices_id_seq', 1, false);


--
-- Name: payment_matches_id_seq; Type: SEQUENCE SET; Schema: public; Owner: postgres
--

SELECT pg_catalog.setval('public.payment_matches_id_seq', 1, false);


--
-- Name: payment_schedules_id_seq; Type: SEQUENCE SET; Schema: public; Owner: postgres
--

SELECT pg_catalog.setval('public.payment_schedules_id_seq', 1, false);


--
-- Name: payments_id_seq; Type: SEQUENCE SET; Schema: public; Owner: postgres
--

SELECT pg_catalog.setval('public.payments_id_seq', 1, false);


--
-- Name: products_id_seq; Type: SEQUENCE SET; Schema: public; Owner: postgres
--

SELECT pg_catalog.setval('public.products_id_seq', 1, false);


--
-- Name: ps_file_process_id; Type: SEQUENCE SET; Schema: public; Owner: postgres
--

SELECT pg_catalog.setval('public.ps_file_process_id', 1, false);


--
-- Name: ps_interface_id_seq; Type: SEQUENCE SET; Schema: public; Owner: postgres
--

SELECT pg_catalog.setval('public.ps_interface_id_seq', 1, false);


--
-- Name: user_entity_relations_id_seq; Type: SEQUENCE SET; Schema: public; Owner: postgres
--

SELECT pg_catalog.setval('public.user_entity_relations_id_seq', 77, true);


--
-- Name: users_id_seq; Type: SEQUENCE SET; Schema: public; Owner: postgres
--

SELECT pg_catalog.setval('public.users_id_seq', 1000, true);


--
-- Name: vds_relations_id_seq; Type: SEQUENCE SET; Schema: public; Owner: postgres
--

SELECT pg_catalog.setval('public.vds_relations_id_seq', 71, true);


--
-- Name: vdsbs_relations_id_seq; Type: SEQUENCE SET; Schema: public; Owner: postgres
--

SELECT pg_catalog.setval('public.vdsbs_relations_id_seq', 53, true);


--
-- Name: vendor_regions_id_seq; Type: SEQUENCE SET; Schema: public; Owner: postgres
--

SELECT pg_catalog.setval('public.vendor_regions_id_seq', 1, false);


--
-- Name: vendors_id_seq; Type: SEQUENCE SET; Schema: public; Owner: postgres
--

SELECT pg_catalog.setval('public.vendors_id_seq', 346, true);


--
-- Name: payment_matches PK_02961763af1d8094d9780b2a875; Type: CONSTRAINT; Schema: public; Owner: postgres
--

ALTER TABLE ONLY public.payment_matches
    ADD CONSTRAINT "PK_02961763af1d8094d9780b2a875" PRIMARY KEY (id);


--
-- Name: products PK_0806c755e0aca124e67c0cf6d7d; Type: CONSTRAINT; Schema: public; Owner: postgres
--

ALTER TABLE ONLY public.products
    ADD CONSTRAINT "PK_0806c755e0aca124e67c0cf6d7d" PRIMARY KEY (id);


--
-- Name: payments PK_197ab7af18c93fbb0c9b28b4a59; Type: CONSTRAINT; Schema: public; Owner: postgres
--

ALTER TABLE ONLY public.payments
    ADD CONSTRAINT "PK_197ab7af18c93fbb0c9b28b4a59" PRIMARY KEY (id);


--
-- Name: dealer_sites PK_19b3e677b3d54bde95bf8b4e912; Type: CONSTRAINT; Schema: public; Owner: postgres
--

ALTER TABLE ONLY public.dealer_sites
    ADD CONSTRAINT "PK_19b3e677b3d54bde95bf8b4e912" PRIMARY KEY (id);


--
-- Name: dealer_route_users PK_32eca44b930fcbd451adb56580b; Type: CONSTRAINT; Schema: public; Owner: postgres
--

ALTER TABLE ONLY public.dealer_route_users
    ADD CONSTRAINT "PK_32eca44b930fcbd451adb56580b" PRIMARY KEY (id);


--
-- Name: invoice_lines PK_3d18eb48142b916f581f0c21a65; Type: CONSTRAINT; Schema: public; Owner: postgres
--

ALTER TABLE ONLY public.invoice_lines
    ADD CONSTRAINT "PK_3d18eb48142b916f581f0c21a65" PRIMARY KEY (id);


--
-- Name: user_entity_relations PK_45b8cfe451d3632dacdea14ca7d; Type: CONSTRAINT; Schema: public; Owner: postgres
--

ALTER TABLE ONLY public.user_entity_relations
    ADD CONSTRAINT "PK_45b8cfe451d3632dacdea14ca7d" PRIMARY KEY (id);


--
-- Name: dealers PK_4d0d8be9eac6e1822ad16d21194; Type: CONSTRAINT; Schema: public; Owner: postgres
--

ALTER TABLE ONLY public.dealers
    ADD CONSTRAINT "PK_4d0d8be9eac6e1822ad16d21194" PRIMARY KEY (id);


--
-- Name: ps_interface PK_54c2f2f27d55b34de6572478e77; Type: CONSTRAINT; Schema: public; Owner: postgres
--

ALTER TABLE ONLY public.ps_interface
    ADD CONSTRAINT "PK_54c2f2f27d55b34de6572478e77" PRIMARY KEY (id);


--
-- Name: invoices PK_668cef7c22a427fd822cc1be3ce; Type: CONSTRAINT; Schema: public; Owner: postgres
--

ALTER TABLE ONLY public.invoices
    ADD CONSTRAINT "PK_668cef7c22a427fd822cc1be3ce" PRIMARY KEY (id);


--
-- Name: payment_schedules PK_702b0fd91340624b75edb94e0df; Type: CONSTRAINT; Schema: public; Owner: postgres
--

ALTER TABLE ONLY public.payment_schedules
    ADD CONSTRAINT "PK_702b0fd91340624b75edb94e0df" PRIMARY KEY (id);


--
-- Name: vendor_regions PK_8bfc248b71ee907c9b0e1bae625; Type: CONSTRAINT; Schema: public; Owner: postgres
--

ALTER TABLE ONLY public.vendor_regions
    ADD CONSTRAINT "PK_8bfc248b71ee907c9b0e1bae625" PRIMARY KEY (id);


--
-- Name: deposit_lines PK_8e151907e14632b574ce7ac254e; Type: CONSTRAINT; Schema: public; Owner: postgres
--

ALTER TABLE ONLY public.deposit_lines
    ADD CONSTRAINT "PK_8e151907e14632b574ce7ac254e" PRIMARY KEY (id);


--
-- Name: advances PK_90025e8a76003358ed7c470050c; Type: CONSTRAINT; Schema: public; Owner: postgres
--

ALTER TABLE ONLY public.advances
    ADD CONSTRAINT "PK_90025e8a76003358ed7c470050c" PRIMARY KEY (id);


--
-- Name: vendors PK_9c956c9797edfae5c6ddacc4e6e; Type: CONSTRAINT; Schema: public; Owner: postgres
--

ALTER TABLE ONLY public.vendors
    ADD CONSTRAINT "PK_9c956c9797edfae5c6ddacc4e6e" PRIMARY KEY (id);


--
-- Name: users PK_a3ffb1c0c8416b9fc6f907b7433; Type: CONSTRAINT; Schema: public; Owner: postgres
--

ALTER TABLE ONLY public.users
    ADD CONSTRAINT "PK_a3ffb1c0c8416b9fc6f907b7433" PRIMARY KEY (id);


--
-- Name: buyer_sites PK_abc6f69fd2b7412f932a504f46b; Type: CONSTRAINT; Schema: public; Owner: postgres
--

ALTER TABLE ONLY public.buyer_sites
    ADD CONSTRAINT "PK_abc6f69fd2b7412f932a504f46b" PRIMARY KEY (id);


--
-- Name: buyers PK_aff372821d05bac04a18ff8eb87; Type: CONSTRAINT; Schema: public; Owner: postgres
--

ALTER TABLE ONLY public.buyers
    ADD CONSTRAINT "PK_aff372821d05bac04a18ff8eb87" PRIMARY KEY (id);


--
-- Name: vdsbs_relations PK_c57ba10067c3e97f84e3299d602; Type: CONSTRAINT; Schema: public; Owner: postgres
--

ALTER TABLE ONLY public.vdsbs_relations
    ADD CONSTRAINT "PK_c57ba10067c3e97f84e3299d602" PRIMARY KEY (id);


--
-- Name: vds_relations PK_d7ff37640b6a36f30aab43aa79f; Type: CONSTRAINT; Schema: public; Owner: postgres
--

ALTER TABLE ONLY public.vds_relations
    ADD CONSTRAINT "PK_d7ff37640b6a36f30aab43aa79f" PRIMARY KEY (id);


--
-- Name: invoice_interface PK_dd1a3ac6773ac2824a142175b6c; Type: CONSTRAINT; Schema: public; Owner: postgres
--

ALTER TABLE ONLY public.invoice_interface
    ADD CONSTRAINT "PK_dd1a3ac6773ac2824a142175b6c" PRIMARY KEY (id);


--
-- Name: deposits PK_f49ba0cd446eaf7abb4953385d9; Type: CONSTRAINT; Schema: public; Owner: postgres
--

ALTER TABLE ONLY public.deposits
    ADD CONSTRAINT "PK_f49ba0cd446eaf7abb4953385d9" PRIMARY KEY (id);


--
-- Name: vdsbs_relations REL_72ee5e755689540ba33f6d419c; Type: CONSTRAINT; Schema: public; Owner: postgres
--

ALTER TABLE ONLY public.vdsbs_relations
    ADD CONSTRAINT "REL_72ee5e755689540ba33f6d419c" UNIQUE (buyer_site_id);


--
-- Name: vds_relations REL_bf03785879f742dba7ad05a59b; Type: CONSTRAINT; Schema: public; Owner: postgres
--

ALTER TABLE ONLY public.vds_relations
    ADD CONSTRAINT "REL_bf03785879f742dba7ad05a59b" UNIQUE (dealer_site_id);


--
-- Name: users UQ_02fd03d9d21fccea4b9a6170f48; Type: CONSTRAINT; Schema: public; Owner: postgres
--

ALTER TABLE ONLY public.users
    ADD CONSTRAINT "UQ_02fd03d9d21fccea4b9a6170f48" UNIQUE (tckn);


--
-- Name: dealer_sites UQ_0aaf506472ed1f6ba5aaa766713; Type: CONSTRAINT; Schema: public; Owner: postgres
--

ALTER TABLE ONLY public.dealer_sites
    ADD CONSTRAINT "UQ_0aaf506472ed1f6ba5aaa766713" UNIQUE (name);


--
-- Name: dealers UQ_3f139ab4b0284b0d66128b3d7f2; Type: CONSTRAINT; Schema: public; Owner: postgres
--

ALTER TABLE ONLY public.dealers
    ADD CONSTRAINT "UQ_3f139ab4b0284b0d66128b3d7f2" UNIQUE (tax_no);


--
-- Name: vendor_regions UQ_53885769ea0154c2e062deb7eb2; Type: CONSTRAINT; Schema: public; Owner: postgres
--

ALTER TABLE ONLY public.vendor_regions
    ADD CONSTRAINT "UQ_53885769ea0154c2e062deb7eb2" UNIQUE (name);


--
-- Name: buyers UQ_538d4893457a42c5840a891590a; Type: CONSTRAINT; Schema: public; Owner: postgres
--

ALTER TABLE ONLY public.buyers
    ADD CONSTRAINT "UQ_538d4893457a42c5840a891590a" UNIQUE (name);


--
-- Name: buyers UQ_6172ee2d0adb4ba621fe1441f0e; Type: CONSTRAINT; Schema: public; Owner: postgres
--

ALTER TABLE ONLY public.buyers
    ADD CONSTRAINT "UQ_6172ee2d0adb4ba621fe1441f0e" UNIQUE (tax_no);


--
-- Name: dealers UQ_63a4c43e7a706d279cf1f911793; Type: CONSTRAINT; Schema: public; Owner: postgres
--

ALTER TABLE ONLY public.dealers
    ADD CONSTRAINT "UQ_63a4c43e7a706d279cf1f911793" UNIQUE (name);


--
-- Name: vendors UQ_7c573ff64fd0786e01043799c57; Type: CONSTRAINT; Schema: public; Owner: postgres
--

ALTER TABLE ONLY public.vendors
    ADD CONSTRAINT "UQ_7c573ff64fd0786e01043799c57" UNIQUE (tax_no);


--
-- Name: vendors UQ_83065ec2a2c5052786c122e95ba; Type: CONSTRAINT; Schema: public; Owner: postgres
--

ALTER TABLE ONLY public.vendors
    ADD CONSTRAINT "UQ_83065ec2a2c5052786c122e95ba" UNIQUE (name);


--
-- Name: users UQ_97672ac88f789774dd47f7c8be3; Type: CONSTRAINT; Schema: public; Owner: postgres
--

ALTER TABLE ONLY public.users
    ADD CONSTRAINT "UQ_97672ac88f789774dd47f7c8be3" UNIQUE (email);


--
-- Name: vendors UQ_b50b5744e339bed1a48ae79be7c; Type: CONSTRAINT; Schema: public; Owner: postgres
--

ALTER TABLE ONLY public.vendors
    ADD CONSTRAINT "UQ_b50b5744e339bed1a48ae79be7c" UNIQUE (external_v_code);


--
-- Name: buyer_sites UQ_c67b5bd3c5d522c94e0aa214a94; Type: CONSTRAINT; Schema: public; Owner: postgres
--

ALTER TABLE ONLY public.buyer_sites
    ADD CONSTRAINT "UQ_c67b5bd3c5d522c94e0aa214a94" UNIQUE (name);


--
-- Name: users UQ_d376a9f93bba651f32a2c03a7d3; Type: CONSTRAINT; Schema: public; Owner: postgres
--

ALTER TABLE ONLY public.users
    ADD CONSTRAINT "UQ_d376a9f93bba651f32a2c03a7d3" UNIQUE (mobile);


--
-- Name: users UQ_fe0bb3f6520ee0469504521e710; Type: CONSTRAINT; Schema: public; Owner: postgres
--

ALTER TABLE ONLY public.users
    ADD CONSTRAINT "UQ_fe0bb3f6520ee0469504521e710" UNIQUE (username);


--
-- Name: IDX_599af5b4974c5c8837d670592a; Type: INDEX; Schema: public; Owner: postgres
--

CREATE UNIQUE INDEX "IDX_599af5b4974c5c8837d670592a" ON public.dealer_route_users USING btree (user_id, vdsbs_id);


--
-- Name: IDX_6649f06d541036c52ded547477; Type: INDEX; Schema: public; Owner: postgres
--

CREATE INDEX "IDX_6649f06d541036c52ded547477" ON public.vdsbs_relations USING btree (buyer_site_id, vds_rltn_id);


--
-- Name: IDX_72ee5e755689540ba33f6d419c; Type: INDEX; Schema: public; Owner: postgres
--

CREATE UNIQUE INDEX "IDX_72ee5e755689540ba33f6d419c" ON public.vdsbs_relations USING btree (buyer_site_id);


--
-- Name: IDX_ba3a42c05be20e81dd22b59e39; Type: INDEX; Schema: public; Owner: postgres
--

CREATE UNIQUE INDEX "IDX_ba3a42c05be20e81dd22b59e39" ON public.products USING btree (vendor_id, product_code);


--
-- Name: IDX_c09cec9b57b40219989b65d473; Type: INDEX; Schema: public; Owner: postgres
--

CREATE UNIQUE INDEX "IDX_c09cec9b57b40219989b65d473" ON public.invoices USING btree (invoice_no, vdsbs_id);


--
-- Name: IDX_d53f87ad20cfdb7898fa981581; Type: INDEX; Schema: public; Owner: postgres
--

CREATE UNIQUE INDEX "IDX_d53f87ad20cfdb7898fa981581" ON public.vds_relations USING btree (vendor_id, dealer_site_id);


--
-- Name: IDX_f58338cf1553a7437fb201a01b; Type: INDEX; Schema: public; Owner: postgres
--

CREATE UNIQUE INDEX "IDX_f58338cf1553a7437fb201a01b" ON public.dealer_sites USING btree (external_v_code, external_ds_code);


--
-- Name: IDX_ff2b2336322f093667374acf78; Type: INDEX; Schema: public; Owner: postgres
--

CREATE UNIQUE INDEX "IDX_ff2b2336322f093667374acf78" ON public.buyer_sites USING btree (external_v_code, external_ds_code, external_bs_code);


--
-- Name: buyer_id; Type: INDEX; Schema: public; Owner: postgres
--

CREATE INDEX buyer_id ON public.buyer_sites USING btree (buyer_id);


--
-- Name: user_type; Type: INDEX; Schema: public; Owner: postgres
--

CREATE INDEX user_type ON public.users USING btree (user_type);


--
-- Name: vendor_id; Type: INDEX; Schema: public; Owner: postgres
--

CREATE INDEX vendor_id ON public.vendor_regions USING btree (vendor_id);


--
-- Name: buyers FK_0229e4c559754dfb14c5e928aa1; Type: FK CONSTRAINT; Schema: public; Owner: postgres
--

ALTER TABLE ONLY public.buyers
    ADD CONSTRAINT "FK_0229e4c559754dfb14c5e928aa1" FOREIGN KEY (created_by) REFERENCES public.users(id);


--
-- Name: user_entity_relations FK_02dcc96b52e060106b15015f994; Type: FK CONSTRAINT; Schema: public; Owner: postgres
--

ALTER TABLE ONLY public.user_entity_relations
    ADD CONSTRAINT "FK_02dcc96b52e060106b15015f994" FOREIGN KEY (buyer_site_table_ref_id) REFERENCES public.buyer_sites(id);


--
-- Name: invoice_interface FK_03ace90684cf4b927f0c898bffd; Type: FK CONSTRAINT; Schema: public; Owner: postgres
--

ALTER TABLE ONLY public.invoice_interface
    ADD CONSTRAINT "FK_03ace90684cf4b927f0c898bffd" FOREIGN KEY (created_by) REFERENCES public.users(id);


--
-- Name: invoices FK_04753461cb669aa2bfabd66f61e; Type: FK CONSTRAINT; Schema: public; Owner: postgres
--

ALTER TABLE ONLY public.invoices
    ADD CONSTRAINT "FK_04753461cb669aa2bfabd66f61e" FOREIGN KEY (vdsbs_id) REFERENCES public.vdsbs_relations(id);


--
-- Name: vds_relations FK_0908372b9066bbe8f5ad4c2d292; Type: FK CONSTRAINT; Schema: public; Owner: postgres
--

ALTER TABLE ONLY public.vds_relations
    ADD CONSTRAINT "FK_0908372b9066bbe8f5ad4c2d292" FOREIGN KEY (vendor_id) REFERENCES public.vendors(id);


--
-- Name: buyer_sites FK_0d2d9b1f04fb75aae718c59f30a; Type: FK CONSTRAINT; Schema: public; Owner: postgres
--

ALTER TABLE ONLY public.buyer_sites
    ADD CONSTRAINT "FK_0d2d9b1f04fb75aae718c59f30a" FOREIGN KEY (created_by) REFERENCES public.users(id);


--
-- Name: products FK_0e859a83f1dd6b774c20c02885d; Type: FK CONSTRAINT; Schema: public; Owner: postgres
--

ALTER TABLE ONLY public.products
    ADD CONSTRAINT "FK_0e859a83f1dd6b774c20c02885d" FOREIGN KEY (vendor_id) REFERENCES public.vendors(id);


--
-- Name: payment_matches FK_0f24bd61c742b0d84e3820858fa; Type: FK CONSTRAINT; Schema: public; Owner: postgres
--

ALTER TABLE ONLY public.payment_matches
    ADD CONSTRAINT "FK_0f24bd61c742b0d84e3820858fa" FOREIGN KEY (created_by) REFERENCES public.users(id);


--
-- Name: vds_relations FK_0f57a29abfbe0d74828337af5c5; Type: FK CONSTRAINT; Schema: public; Owner: postgres
--

ALTER TABLE ONLY public.vds_relations
    ADD CONSTRAINT "FK_0f57a29abfbe0d74828337af5c5" FOREIGN KEY (created_by) REFERENCES public.users(id);


--
-- Name: buyer_sites FK_11df9acbad28330aaed59a0bcdc; Type: FK CONSTRAINT; Schema: public; Owner: postgres
--

ALTER TABLE ONLY public.buyer_sites
    ADD CONSTRAINT "FK_11df9acbad28330aaed59a0bcdc" FOREIGN KEY (buyer_id) REFERENCES public.buyers(id);


--
-- Name: payment_matches FK_163ed4b28a1ab95a15a950c6215; Type: FK CONSTRAINT; Schema: public; Owner: postgres
--

ALTER TABLE ONLY public.payment_matches
    ADD CONSTRAINT "FK_163ed4b28a1ab95a15a950c6215" FOREIGN KEY (vdsbs_id) REFERENCES public.vdsbs_relations(id);


--
-- Name: invoice_interface FK_18932e2c1db43fb671e7418c3c5; Type: FK CONSTRAINT; Schema: public; Owner: postgres
--

ALTER TABLE ONLY public.invoice_interface
    ADD CONSTRAINT "FK_18932e2c1db43fb671e7418c3c5" FOREIGN KEY (updated_by) REFERENCES public.users(id);


--
-- Name: deposit_lines FK_1c3178c1603aafb577ee718b9f2; Type: FK CONSTRAINT; Schema: public; Owner: postgres
--

ALTER TABLE ONLY public.deposit_lines
    ADD CONSTRAINT "FK_1c3178c1603aafb577ee718b9f2" FOREIGN KEY (created_by) REFERENCES public.users(id);


--
-- Name: payments FK_1feb35a8718d22c8bc393c919c0; Type: FK CONSTRAINT; Schema: public; Owner: postgres
--

ALTER TABLE ONLY public.payments
    ADD CONSTRAINT "FK_1feb35a8718d22c8bc393c919c0" FOREIGN KEY (vdsbs_id) REFERENCES public.vdsbs_relations(id);


--
-- Name: vdsbs_relations FK_240e59ffc96692f034c019fb8ca; Type: FK CONSTRAINT; Schema: public; Owner: postgres
--

ALTER TABLE ONLY public.vdsbs_relations
    ADD CONSTRAINT "FK_240e59ffc96692f034c019fb8ca" FOREIGN KEY (created_by) REFERENCES public.users(id);


--
-- Name: deposit_lines FK_28c452fee078d41f546cdea902f; Type: FK CONSTRAINT; Schema: public; Owner: postgres
--

ALTER TABLE ONLY public.deposit_lines
    ADD CONSTRAINT "FK_28c452fee078d41f546cdea902f" FOREIGN KEY (updated_by) REFERENCES public.users(id);


--
-- Name: payments FK_2b505576ec68c4d47782a51a832; Type: FK CONSTRAINT; Schema: public; Owner: postgres
--

ALTER TABLE ONLY public.payments
    ADD CONSTRAINT "FK_2b505576ec68c4d47782a51a832" FOREIGN KEY (created_by) REFERENCES public.users(id);


--
-- Name: vdsbs_relations FK_2c49ad5b6a8292b570a87b351e3; Type: FK CONSTRAINT; Schema: public; Owner: postgres
--

ALTER TABLE ONLY public.vdsbs_relations
    ADD CONSTRAINT "FK_2c49ad5b6a8292b570a87b351e3" FOREIGN KEY (vds_rltn_id) REFERENCES public.vds_relations(id);


--
-- Name: invoice_lines FK_2da95dc86a54a00ff20ce46d0fe; Type: FK CONSTRAINT; Schema: public; Owner: postgres
--

ALTER TABLE ONLY public.invoice_lines
    ADD CONSTRAINT "FK_2da95dc86a54a00ff20ce46d0fe" FOREIGN KEY (invoice_id) REFERENCES public.invoices(id);


--
-- Name: deposits FK_32b6968f687ba55d62b2da03e7f; Type: FK CONSTRAINT; Schema: public; Owner: postgres
--

ALTER TABLE ONLY public.deposits
    ADD CONSTRAINT "FK_32b6968f687ba55d62b2da03e7f" FOREIGN KEY (vdsbs_id) REFERENCES public.vdsbs_relations(id);


--
-- Name: vendor_regions FK_33e89f754e1d31464b209f360cb; Type: FK CONSTRAINT; Schema: public; Owner: postgres
--

ALTER TABLE ONLY public.vendor_regions
    ADD CONSTRAINT "FK_33e89f754e1d31464b209f360cb" FOREIGN KEY (created_by) REFERENCES public.users(id);


--
-- Name: dealers FK_357f56031846c87967f957c7761; Type: FK CONSTRAINT; Schema: public; Owner: postgres
--

ALTER TABLE ONLY public.dealers
    ADD CONSTRAINT "FK_357f56031846c87967f957c7761" FOREIGN KEY (created_by) REFERENCES public.users(id);


--
-- Name: invoices FK_35d8f3818577a4a2b2f6e329225; Type: FK CONSTRAINT; Schema: public; Owner: postgres
--

ALTER TABLE ONLY public.invoices
    ADD CONSTRAINT "FK_35d8f3818577a4a2b2f6e329225" FOREIGN KEY (ref_intf_id) REFERENCES public.invoice_interface(id);


--
-- Name: dealer_route_users FK_36d6bc29cedf40ac7aaf3dfa8b0; Type: FK CONSTRAINT; Schema: public; Owner: postgres
--

ALTER TABLE ONLY public.dealer_route_users
    ADD CONSTRAINT "FK_36d6bc29cedf40ac7aaf3dfa8b0" FOREIGN KEY (created_by) REFERENCES public.users(id);


--
-- Name: invoices FK_39a202af5d1dd1744458820ecb5; Type: FK CONSTRAINT; Schema: public; Owner: postgres
--

ALTER TABLE ONLY public.invoices
    ADD CONSTRAINT "FK_39a202af5d1dd1744458820ecb5" FOREIGN KEY (created_by) REFERENCES public.users(id);


--
-- Name: user_entity_relations FK_39fa15d42553e9c74562d6b0ba1; Type: FK CONSTRAINT; Schema: public; Owner: postgres
--

ALTER TABLE ONLY public.user_entity_relations
    ADD CONSTRAINT "FK_39fa15d42553e9c74562d6b0ba1" FOREIGN KEY (user_id) REFERENCES public.users(id);


--
-- Name: advances FK_460179e1b5f35eb23a57845ddf4; Type: FK CONSTRAINT; Schema: public; Owner: postgres
--

ALTER TABLE ONLY public.advances
    ADD CONSTRAINT "FK_460179e1b5f35eb23a57845ddf4" FOREIGN KEY (created_by) REFERENCES public.users(id);


--
-- Name: vendor_regions FK_46c21e83fde4f85fa14a44cc073; Type: FK CONSTRAINT; Schema: public; Owner: postgres
--

ALTER TABLE ONLY public.vendor_regions
    ADD CONSTRAINT "FK_46c21e83fde4f85fa14a44cc073" FOREIGN KEY (updated_by) REFERENCES public.users(id);


--
-- Name: products FK_4b9f1600a4f721ac017eefb03ee; Type: FK CONSTRAINT; Schema: public; Owner: postgres
--

ALTER TABLE ONLY public.products
    ADD CONSTRAINT "FK_4b9f1600a4f721ac017eefb03ee" FOREIGN KEY (updated_by) REFERENCES public.users(id);


--
-- Name: buyers FK_544075c242d8d6927644fdcf2c7; Type: FK CONSTRAINT; Schema: public; Owner: postgres
--

ALTER TABLE ONLY public.buyers
    ADD CONSTRAINT "FK_544075c242d8d6927644fdcf2c7" FOREIGN KEY (updated_by) REFERENCES public.users(id);


--
-- Name: vendors FK_592e90dc8526c1d9bf359581058; Type: FK CONSTRAINT; Schema: public; Owner: postgres
--

ALTER TABLE ONLY public.vendors
    ADD CONSTRAINT "FK_592e90dc8526c1d9bf359581058" FOREIGN KEY (created_by) REFERENCES public.users(id);


--
-- Name: dealer_route_users FK_648fdba971d27343dbc77b3db35; Type: FK CONSTRAINT; Schema: public; Owner: postgres
--

ALTER TABLE ONLY public.dealer_route_users
    ADD CONSTRAINT "FK_648fdba971d27343dbc77b3db35" FOREIGN KEY (user_id) REFERENCES public.users(id);


--
-- Name: vdsbs_relations FK_68b3c2287bc52a24fe14a3f3d43; Type: FK CONSTRAINT; Schema: public; Owner: postgres
--

ALTER TABLE ONLY public.vdsbs_relations
    ADD CONSTRAINT "FK_68b3c2287bc52a24fe14a3f3d43" FOREIGN KEY (updated_by) REFERENCES public.users(id);


--
-- Name: invoice_lines FK_6a6ab6ebe1a575ab107bf72dfd8; Type: FK CONSTRAINT; Schema: public; Owner: postgres
--

ALTER TABLE ONLY public.invoice_lines
    ADD CONSTRAINT "FK_6a6ab6ebe1a575ab107bf72dfd8" FOREIGN KEY (created_by) REFERENCES public.users(id);


--
-- Name: dealer_sites FK_70de767fc95854940704cb74224; Type: FK CONSTRAINT; Schema: public; Owner: postgres
--

ALTER TABLE ONLY public.dealer_sites
    ADD CONSTRAINT "FK_70de767fc95854940704cb74224" FOREIGN KEY (dealer_id) REFERENCES public.dealers(id);


--
-- Name: vdsbs_relations FK_72ee5e755689540ba33f6d419ca; Type: FK CONSTRAINT; Schema: public; Owner: postgres
--

ALTER TABLE ONLY public.vdsbs_relations
    ADD CONSTRAINT "FK_72ee5e755689540ba33f6d419ca" FOREIGN KEY (buyer_site_id) REFERENCES public.buyer_sites(id);


--
-- Name: dealer_sites FK_779fba19892183f6b4a8f5b2b60; Type: FK CONSTRAINT; Schema: public; Owner: postgres
--

ALTER TABLE ONLY public.dealer_sites
    ADD CONSTRAINT "FK_779fba19892183f6b4a8f5b2b60" FOREIGN KEY (updated_by) REFERENCES public.users(id);


--
-- Name: advances FK_7c5b7fb949f2d18e12642d2a365; Type: FK CONSTRAINT; Schema: public; Owner: postgres
--

ALTER TABLE ONLY public.advances
    ADD CONSTRAINT "FK_7c5b7fb949f2d18e12642d2a365" FOREIGN KEY (vdsbs_id) REFERENCES public.vdsbs_relations(id);


--
-- Name: invoices FK_8dc3c1211899ef0d948b1652908; Type: FK CONSTRAINT; Schema: public; Owner: postgres
--

ALTER TABLE ONLY public.invoices
    ADD CONSTRAINT "FK_8dc3c1211899ef0d948b1652908" FOREIGN KEY (updated_by) REFERENCES public.users(id);


--
-- Name: user_entity_relations FK_8f06168239e9a74da9bcc01e78c; Type: FK CONSTRAINT; Schema: public; Owner: postgres
--

ALTER TABLE ONLY public.user_entity_relations
    ADD CONSTRAINT "FK_8f06168239e9a74da9bcc01e78c" FOREIGN KEY (vendor_table_ref_id) REFERENCES public.vendors(id);


--
-- Name: payment_schedules FK_8f17560ccb259939a24d64e95ce; Type: FK CONSTRAINT; Schema: public; Owner: postgres
--

ALTER TABLE ONLY public.payment_schedules
    ADD CONSTRAINT "FK_8f17560ccb259939a24d64e95ce" FOREIGN KEY (invoice_id) REFERENCES public.invoices(id);


--
-- Name: dealer_route_users FK_941aa6a9a02e29cb490ecc4970d; Type: FK CONSTRAINT; Schema: public; Owner: postgres
--

ALTER TABLE ONLY public.dealer_route_users
    ADD CONSTRAINT "FK_941aa6a9a02e29cb490ecc4970d" FOREIGN KEY (updated_by) REFERENCES public.users(id);


--
-- Name: vendors FK_9743b3c7cea56b595f16ebc369c; Type: FK CONSTRAINT; Schema: public; Owner: postgres
--

ALTER TABLE ONLY public.vendors
    ADD CONSTRAINT "FK_9743b3c7cea56b595f16ebc369c" FOREIGN KEY (updated_by) REFERENCES public.users(id);


--
-- Name: vds_relations FK_98fbd87f7ac655e80490106a6ec; Type: FK CONSTRAINT; Schema: public; Owner: postgres
--

ALTER TABLE ONLY public.vds_relations
    ADD CONSTRAINT "FK_98fbd87f7ac655e80490106a6ec" FOREIGN KEY (updated_by) REFERENCES public.users(id);


--
-- Name: payment_matches FK_9dc44ce6a3452393a37e56f0fe1; Type: FK CONSTRAINT; Schema: public; Owner: postgres
--

ALTER TABLE ONLY public.payment_matches
    ADD CONSTRAINT "FK_9dc44ce6a3452393a37e56f0fe1" FOREIGN KEY (payment_id) REFERENCES public.payments(id);


--
-- Name: deposits FK_9e4a83696ef6db98d5309c4baa9; Type: FK CONSTRAINT; Schema: public; Owner: postgres
--

ALTER TABLE ONLY public.deposits
    ADD CONSTRAINT "FK_9e4a83696ef6db98d5309c4baa9" FOREIGN KEY (updated_by) REFERENCES public.users(id);


--
-- Name: ps_interface FK_a2f97c8e840b8999b9074c1d2c4; Type: FK CONSTRAINT; Schema: public; Owner: postgres
--

ALTER TABLE ONLY public.ps_interface
    ADD CONSTRAINT "FK_a2f97c8e840b8999b9074c1d2c4" FOREIGN KEY (updated_by) REFERENCES public.users(id);


--
-- Name: vendor_regions FK_a8a9eba8fa161a4a789a769d3d2; Type: FK CONSTRAINT; Schema: public; Owner: postgres
--

ALTER TABLE ONLY public.vendor_regions
    ADD CONSTRAINT "FK_a8a9eba8fa161a4a789a769d3d2" FOREIGN KEY (vendor_id) REFERENCES public.vendors(id);


--
-- Name: vds_relations FK_bf03785879f742dba7ad05a59b5; Type: FK CONSTRAINT; Schema: public; Owner: postgres
--

ALTER TABLE ONLY public.vds_relations
    ADD CONSTRAINT "FK_bf03785879f742dba7ad05a59b5" FOREIGN KEY (dealer_site_id) REFERENCES public.dealer_sites(id);


--
-- Name: payment_matches FK_c0df5ec5c209d995420608deb90; Type: FK CONSTRAINT; Schema: public; Owner: postgres
--

ALTER TABLE ONLY public.payment_matches
    ADD CONSTRAINT "FK_c0df5ec5c209d995420608deb90" FOREIGN KEY (payment_schedule_id) REFERENCES public.payment_schedules(id);


--
-- Name: products FK_c1af9b47239151e255f62e03247; Type: FK CONSTRAINT; Schema: public; Owner: postgres
--

ALTER TABLE ONLY public.products
    ADD CONSTRAINT "FK_c1af9b47239151e255f62e03247" FOREIGN KEY (created_by) REFERENCES public.users(id);


--
-- Name: user_entity_relations FK_c9dbeb04d134abc25445265b917; Type: FK CONSTRAINT; Schema: public; Owner: postgres
--

ALTER TABLE ONLY public.user_entity_relations
    ADD CONSTRAINT "FK_c9dbeb04d134abc25445265b917" FOREIGN KEY (dealer_site_table_ref_id) REFERENCES public.dealer_sites(id);


--
-- Name: dealer_sites FK_d04f2cebb7eb3b687ee682d62b8; Type: FK CONSTRAINT; Schema: public; Owner: postgres
--

ALTER TABLE ONLY public.dealer_sites
    ADD CONSTRAINT "FK_d04f2cebb7eb3b687ee682d62b8" FOREIGN KEY (created_by) REFERENCES public.users(id);


--
-- Name: payments FK_d2448ea73e035eaab83372ee8a8; Type: FK CONSTRAINT; Schema: public; Owner: postgres
--

ALTER TABLE ONLY public.payments
    ADD CONSTRAINT "FK_d2448ea73e035eaab83372ee8a8" FOREIGN KEY (updated_by) REFERENCES public.users(id);


--
-- Name: invoice_lines FK_d4f55fe89f9660616d7197b0f3e; Type: FK CONSTRAINT; Schema: public; Owner: postgres
--

ALTER TABLE ONLY public.invoice_lines
    ADD CONSTRAINT "FK_d4f55fe89f9660616d7197b0f3e" FOREIGN KEY (updated_by) REFERENCES public.users(id);


--
-- Name: deposits FK_d58c9a2e2e6433613026ffd84ca; Type: FK CONSTRAINT; Schema: public; Owner: postgres
--

ALTER TABLE ONLY public.deposits
    ADD CONSTRAINT "FK_d58c9a2e2e6433613026ffd84ca" FOREIGN KEY (created_by) REFERENCES public.users(id);


--
-- Name: advances FK_dc6439587c432749e1dbce37f4f; Type: FK CONSTRAINT; Schema: public; Owner: postgres
--

ALTER TABLE ONLY public.advances
    ADD CONSTRAINT "FK_dc6439587c432749e1dbce37f4f" FOREIGN KEY (updated_by) REFERENCES public.users(id);


--
-- Name: payment_matches FK_dd122a96ef283fdaa44f1150151; Type: FK CONSTRAINT; Schema: public; Owner: postgres
--

ALTER TABLE ONLY public.payment_matches
    ADD CONSTRAINT "FK_dd122a96ef283fdaa44f1150151" FOREIGN KEY (updated_by) REFERENCES public.users(id);


--
-- Name: payment_schedules FK_ddc46d9a2356cedb0de9ed41d11; Type: FK CONSTRAINT; Schema: public; Owner: postgres
--

ALTER TABLE ONLY public.payment_schedules
    ADD CONSTRAINT "FK_ddc46d9a2356cedb0de9ed41d11" FOREIGN KEY (updated_by) REFERENCES public.users(id);


--
-- Name: dealer_route_users FK_e290b982f49975fccb09afa3a5e; Type: FK CONSTRAINT; Schema: public; Owner: postgres
--

ALTER TABLE ONLY public.dealer_route_users
    ADD CONSTRAINT "FK_e290b982f49975fccb09afa3a5e" FOREIGN KEY (vdsbs_id) REFERENCES public.vdsbs_relations(id);


--
-- Name: user_entity_relations FK_ea4961d31714bcfce9ac2af72e4; Type: FK CONSTRAINT; Schema: public; Owner: postgres
--

ALTER TABLE ONLY public.user_entity_relations
    ADD CONSTRAINT "FK_ea4961d31714bcfce9ac2af72e4" FOREIGN KEY (created_by) REFERENCES public.users(id);


--
-- Name: payment_schedules FK_ed672b21420328cf3feac8e4da3; Type: FK CONSTRAINT; Schema: public; Owner: postgres
--

ALTER TABLE ONLY public.payment_schedules
    ADD CONSTRAINT "FK_ed672b21420328cf3feac8e4da3" FOREIGN KEY (created_by) REFERENCES public.users(id);


--
-- Name: payment_schedules FK_f41b2005f0076c0adcdc5015c76; Type: FK CONSTRAINT; Schema: public; Owner: postgres
--

ALTER TABLE ONLY public.payment_schedules
    ADD CONSTRAINT "FK_f41b2005f0076c0adcdc5015c76" FOREIGN KEY (vdsbs_id) REFERENCES public.vdsbs_relations(id);


--
-- Name: deposit_lines FK_f575f20d47f1c9206f1bdd69b68; Type: FK CONSTRAINT; Schema: public; Owner: postgres
--

ALTER TABLE ONLY public.deposit_lines
    ADD CONSTRAINT "FK_f575f20d47f1c9206f1bdd69b68" FOREIGN KEY (deposit_id) REFERENCES public.deposits(id);


--
-- Name: ps_interface FK_f5ae0c8fee39f728568478159e2; Type: FK CONSTRAINT; Schema: public; Owner: postgres
--

ALTER TABLE ONLY public.ps_interface
    ADD CONSTRAINT "FK_f5ae0c8fee39f728568478159e2" FOREIGN KEY (created_by) REFERENCES public.users(id);


--
-- Name: buyer_sites FK_f5c0deadbe7f747c13fe7fa30f2; Type: FK CONSTRAINT; Schema: public; Owner: postgres
--

ALTER TABLE ONLY public.buyer_sites
    ADD CONSTRAINT "FK_f5c0deadbe7f747c13fe7fa30f2" FOREIGN KEY (updated_by) REFERENCES public.users(id);


--
-- Name: dealers FK_f9819cafb796da4740911ceb0b5; Type: FK CONSTRAINT; Schema: public; Owner: postgres
--

ALTER TABLE ONLY public.dealers
    ADD CONSTRAINT "FK_f9819cafb796da4740911ceb0b5" FOREIGN KEY (updated_by) REFERENCES public.users(id);


--
-- Name: user_entity_relations FK_fdf516fb3dcd5b783bf5cac3398; Type: FK CONSTRAINT; Schema: public; Owner: postgres
--

ALTER TABLE ONLY public.user_entity_relations
    ADD CONSTRAINT "FK_fdf516fb3dcd5b783bf5cac3398" FOREIGN KEY (updated_by) REFERENCES public.users(id);


--
-- PostgreSQL database dump complete
--

